file_name,status
-1519713654362297847.png,matched
-1887752443592481816.png,matched
-1973566697609953379.png,matched
-2010073807235552734.png,matched
-217828380359571871.png,matched
-220649468572111832.png,matched
-2538058922836253726.png,matched
-2790405936552777220.png,matched
-279706990198364070.png,matched
-3205742176803893704.png,matched
-341324569907477536.png,matched
-3575683440831198879.png,matched
-3580987760325194553.png,matched
-3799298995660217860.png,matched
-391640499672655770.png,matched
-4027806997035329030.png,matched
-4055728304670056584.png,matched
-4139674123303543516.png,matched
-4326892319323394160.png,matched
-4762289084741430925.png,matched
-5269458538164604429.png,matched
-561455762939806319.png,matched
-5729402204506919267.png,matched
-5770661990085000188.png,matched
-5881426422999442186.png,matched
-6089238948494608895.png,matched
-624650480319720761.png,matched
-6801560168711488500.png,matched
-6942912841265248602.png,matched
-7488721783507435350.png,matched
-815168034213335912.png,matched
-8349802738790668557.png,matched
-870319501963618397.png,matched
-8749027469505338475.png,matched
-8949922789161037515.png,matched
-9171192236563730248.png,matched
1501184747950981148.png,matched
1909523155166770891.png,matched
2807590049883685266.png,matched
2814079592430988241.png,matched
2919857728265265465.png,matched
3111012533630313649.png,matched
3555413581650656128.png,matched
3687748662758014770.png,matched
3927578437049943988.png,matched
3938616269154962290.png,matched
5053055464292650713.png,matched
5416495610526132137.png,matched
5638436494515280662.png,matched
5854025080806696361.png,matched
6009089937639583499.png,matched
603415706167749543.png,matched
6085484382718117078.png,matched
6164754101533643044.png,matched
7125798012232703466.png,matched
7314732324738780378.png,matched
731742664166354327.png,matched
8406712750126834903.png,matched
8479707042238010445.png,matched
8607020515207878117.png,matched
8763368682344373991.png,matched
8799338481763066353.png,matched
8961278410759832396.png,matched
9134455923379814497.png,matched
9220825364228471548.png,matched
-1001492676369731180.png,raw_metadata_only
-1003800477193786941.png,raw_metadata_only
-1005922060850163675.png,raw_metadata_only
-1009086705875443190.png,raw_metadata_only
-1009810686742517529.png,raw_metadata_only
-1010272928122958162.png,raw_metadata_only
-1010754336982699838.png,raw_metadata_only
-101168089788221310.png,raw_metadata_only
-1013329915718011639.png,raw_metadata_only
-1013370714954869987.png,raw_metadata_only
-1013653802423257870.png,raw_metadata_only
-1017539609637625871.png,raw_metadata_only
-1019470696082480487.png,raw_metadata_only
-1021403805451681822.png,raw_metadata_only
-1021604363284567058.png,raw_metadata_only
-1027231002506538807.png,raw_metadata_only
-1029834132011629215.png,raw_metadata_only
-1033830156667719653.png,raw_metadata_only
-1041599159619825944.png,raw_metadata_only
-1045727952327734119.png,raw_metadata_only
-1046639598486735389.png,raw_metadata_only
-1057089514884490887.png,raw_metadata_only
-1058935244298290672.png,raw_metadata_only
-10613873741742319.png,raw_metadata_only
-1063142506931972331.png,raw_metadata_only
-106355051564979815.png,raw_metadata_only
-1064371581402118828.png,raw_metadata_only
-1065949523907036724.png,raw_metadata_only
-1067261441195453132.png,raw_metadata_only
-1067701776636141108.png,raw_metadata_only
-1069484016159142426.png,raw_metadata_only
-1069928544911808619.png,raw_metadata_only
-1070529500008144097.png,raw_metadata_only
-1074707592213212083.png,raw_metadata_only
-1077486440588421153.png,raw_metadata_only
-1079215084021398308.png,raw_metadata_only
-10814178347722472.png,raw_metadata_only
-1082823433701111185.png,raw_metadata_only
-1083016034520223277.png,raw_metadata_only
-108381662796731901.png,raw_metadata_only
-1084871799635208946.png,raw_metadata_only
-1085817410470619203.png,raw_metadata_only
-1090241306152564747.png,raw_metadata_only
-1090990784365944089.png,raw_metadata_only
-1096173923758281940.png,raw_metadata_only
-1101075116304394002.png,raw_metadata_only
-1103860507454675657.png,raw_metadata_only
-1112878697045853123.png,raw_metadata_only
-1113855611148107453.png,raw_metadata_only
-1116085972492150093.png,raw_metadata_only
-1116448061064317122.png,raw_metadata_only
-1117304357073393845.png,raw_metadata_only
-1122694172813987159.png,raw_metadata_only
-1123234494069848785.png,raw_metadata_only
-1129152496811079069.png,raw_metadata_only
-112918541630908439.png,raw_metadata_only
-112993692936245319.png,raw_metadata_only
-1132756456620146986.png,raw_metadata_only
-1134336587866434682.png,raw_metadata_only
-1143992721896820659.png,raw_metadata_only
-1144385403699610414.png,raw_metadata_only
-1146814255926103494.png,raw_metadata_only
-1147438805108165437.png,raw_metadata_only
-1148928435344751660.png,raw_metadata_only
-1148956641487063012.png,raw_metadata_only
-1149665667403267239.png,raw_metadata_only
-1150577368597256207.png,raw_metadata_only
-1153384974921559234.png,raw_metadata_only
-1153398039902081990.png,raw_metadata_only
-1155006122027323115.png,raw_metadata_only
-1155986878720428358.png,raw_metadata_only
-1156223559525493217.png,raw_metadata_only
-1157642454110438613.png,raw_metadata_only
-1164666177366943386.png,raw_metadata_only
-1167977922987061432.png,raw_metadata_only
-1171014939149184381.png,raw_metadata_only
-1172407312662107729.png,raw_metadata_only
-1173107958367057762.png,raw_metadata_only
-1175518287097202237.png,raw_metadata_only
-1175551177819230857.png,raw_metadata_only
-1175775561554415872.png,raw_metadata_only
-1183254232000145383.png,raw_metadata_only
-1189822939611839188.png,raw_metadata_only
-119269382740005870.png,raw_metadata_only
-1193574646025642790.png,raw_metadata_only
-1194210041349957392.png,raw_metadata_only
-1194451675892190559.png,raw_metadata_only
-1199523414188166187.png,raw_metadata_only
-1201194537194231116.png,raw_metadata_only
-120415897614843897.png,raw_metadata_only
-1205727439193920342.png,raw_metadata_only
-1208075389923828759.png,raw_metadata_only
-1209013580934374603.png,raw_metadata_only
-1209539382463816390.png,raw_metadata_only
-1212009769672305665.png,raw_metadata_only
-1214887362025110286.png,raw_metadata_only
-1216401576778757957.png,raw_metadata_only
-1220944685897488691.png,raw_metadata_only
-1221762902118367479.png,raw_metadata_only
-1224594803062807638.png,raw_metadata_only
-1231104359457429292.png,raw_metadata_only
-1233886198250242183.png,raw_metadata_only
-1235556326589712433.png,raw_metadata_only
-1237134703513364366.png,raw_metadata_only
-1239944862860760460.png,raw_metadata_only
-1240854801759783891.png,raw_metadata_only
-1240937099069351395.png,raw_metadata_only
-1241151739702853567.png,raw_metadata_only
-1241231354355375740.png,raw_metadata_only
-1246305393567420617.png,raw_metadata_only
-1248547167575108548.png,raw_metadata_only
-1251622430482501992.png,raw_metadata_only
-1261285732051133969.png,raw_metadata_only
-1264081098973340492.png,raw_metadata_only
-1264230661338860030.png,raw_metadata_only
-126472922177297480.png,raw_metadata_only
-1270005364739629348.png,raw_metadata_only
-1281355500848464095.png,raw_metadata_only
-1283963341331471600.png,raw_metadata_only
-1284750256239709320.png,raw_metadata_only
-1284901693540947931.png,raw_metadata_only
-1285004749760962920.png,raw_metadata_only
-1288516358527303986.png,raw_metadata_only
-1289056757877756953.png,raw_metadata_only
-1289960267944286708.png,raw_metadata_only
-1290947029292536646.png,raw_metadata_only
-1291276482313161589.png,raw_metadata_only
-1291777765806433480.png,raw_metadata_only
-1292496132223249738.png,raw_metadata_only
-1297003684632367094.png,raw_metadata_only
-1298173766490079242.png,raw_metadata_only
-1298393908236668185.png,raw_metadata_only
-1300583402592329755.png,raw_metadata_only
-1301375754028915456.png,raw_metadata_only
-130285819684122836.png,raw_metadata_only
-1303507202781171489.png,raw_metadata_only
-1306941150253534667.png,raw_metadata_only
-1306970786638528151.png,raw_metadata_only
-1309095877234629767.png,raw_metadata_only
-1312784873819749014.png,raw_metadata_only
-1313568347143375925.png,raw_metadata_only
-1313927078711715573.png,raw_metadata_only
-131584953352202368.png,raw_metadata_only
-1322345273347810072.png,raw_metadata_only
-1332224669957938192.png,raw_metadata_only
-133977812156141369.png,raw_metadata_only
-1340575480650711275.png,raw_metadata_only
-1340597856042135006.png,raw_metadata_only
-134249973232554442.png,raw_metadata_only
-1346049535121393199.png,raw_metadata_only
-1350076885661654362.png,raw_metadata_only
-1355216779969134338.png,raw_metadata_only
-1358308862158586368.png,raw_metadata_only
-1359378876383608525.png,raw_metadata_only
-1361861473265132227.png,raw_metadata_only
-1364183926248780459.png,raw_metadata_only
-1365244834890795953.png,raw_metadata_only
-1367082708485351334.png,raw_metadata_only
-1375753469531822079.png,raw_metadata_only
-1378251964471911514.png,raw_metadata_only
-1379677912378977305.png,raw_metadata_only
-1380203193145709903.png,raw_metadata_only
-1382893933474824228.png,raw_metadata_only
-1382967747311035657.png,raw_metadata_only
-1388580356188667857.png,raw_metadata_only
-1389285495169670132.png,raw_metadata_only
-1389929707845299281.png,raw_metadata_only
-1390843047538845179.png,raw_metadata_only
-1393019437808245590.png,raw_metadata_only
-1398390937890146526.png,raw_metadata_only
-1401905848534862361.png,raw_metadata_only
-1407390912570679008.png,raw_metadata_only
-1409517870797566873.png,raw_metadata_only
-1421388152022314547.png,raw_metadata_only
-1423317161050712636.png,raw_metadata_only
-1425041139336616640.png,raw_metadata_only
-1427436580858740706.png,raw_metadata_only
-1427528944127205768.png,raw_metadata_only
-1436193883606639408.png,raw_metadata_only
-143664014880822194.png,raw_metadata_only
-143772779682620913.png,raw_metadata_only
-1437883637795414364.png,raw_metadata_only
-144864341463911154.png,raw_metadata_only
-1460543866509589751.png,raw_metadata_only
-1463515357875525784.png,raw_metadata_only
-1465175528467791703.png,raw_metadata_only
-1466847537458498864.png,raw_metadata_only
-1468052965323478288.png,raw_metadata_only
-1472634170162667338.png,raw_metadata_only
-1476574626453309028.png,raw_metadata_only
-1477231276195083911.png,raw_metadata_only
-1481405932545395967.png,raw_metadata_only
-1487279598764450262.png,raw_metadata_only
-1487817511616489140.png,raw_metadata_only
-1490073135603203268.png,raw_metadata_only
-1491021171398563448.png,raw_metadata_only
-1491711497621514619.png,raw_metadata_only
-149370159562489829.png,raw_metadata_only
-1495562302038261127.png,raw_metadata_only
-1495727048511165464.png,raw_metadata_only
-1498357657475741354.png,raw_metadata_only
-1498835754799529230.png,raw_metadata_only
-1500232398011323938.png,raw_metadata_only
-1503656461845716022.png,raw_metadata_only
-1504022477634824873.png,raw_metadata_only
-1504775934546673670.png,raw_metadata_only
-1506180418927038277.png,raw_metadata_only
-1511436084334455735.png,raw_metadata_only
-1517094887422659563.png,raw_metadata_only
-1520375679413845396.png,raw_metadata_only
-1523770437907026046.png,raw_metadata_only
-1526432073452360092.png,raw_metadata_only
-1530578556178007649.png,raw_metadata_only
-1532307918011967845.png,raw_metadata_only
-1532677556392562109.png,raw_metadata_only
-1533962360867773175.png,raw_metadata_only
-1537352099697087806.png,raw_metadata_only
-1541131377936453800.png,raw_metadata_only
-1542787778564695920.png,raw_metadata_only
-1543533370859526122.png,raw_metadata_only
-1544988337076850901.png,raw_metadata_only
-1545090829447090603.png,raw_metadata_only
-1547079813939330339.png,raw_metadata_only
-1547857620224496952.png,raw_metadata_only
-154827356472198509.png,raw_metadata_only
-1548418855788744112.png,raw_metadata_only
-1549711158047975551.png,raw_metadata_only
-1552485516831343050.png,raw_metadata_only
-1552496272893927742.png,raw_metadata_only
-155429778501343406.png,raw_metadata_only
-1567930271968899578.png,raw_metadata_only
-1577127452466018732.png,raw_metadata_only
-1578285749986829241.png,raw_metadata_only
-1581537315113127005.png,raw_metadata_only
-1581636176111781735.png,raw_metadata_only
-1582154049645924391.png,raw_metadata_only
-1583330889050179755.png,raw_metadata_only
-1584800019810350390.png,raw_metadata_only
-1587579803946468698.png,raw_metadata_only
-1590080144874886066.png,raw_metadata_only
-1590287030145246856.png,raw_metadata_only
-1591482348102806900.png,raw_metadata_only
-1592222786083529679.png,raw_metadata_only
-1593304767852217140.png,raw_metadata_only
-1599719769373422275.png,raw_metadata_only
-1600796092899740662.png,raw_metadata_only
-1602196343924992996.png,raw_metadata_only
-160818552433749260.png,raw_metadata_only
-1610053404894815240.png,raw_metadata_only
-1611841910156196691.png,raw_metadata_only
-1616294316844425719.png,raw_metadata_only
-1617671547126490440.png,raw_metadata_only
-1619731343376036179.png,raw_metadata_only
-1619916993857047397.png,raw_metadata_only
-1622773719949394822.png,raw_metadata_only
-1624415441092446149.png,raw_metadata_only
-1628413175243738425.png,raw_metadata_only
-1633895712662313301.png,raw_metadata_only
-1639533999116789945.png,raw_metadata_only
-1640856241369219598.png,raw_metadata_only
-1641066552962627073.png,raw_metadata_only
-164146060936976148.png,raw_metadata_only
-1642667040160094612.png,raw_metadata_only
-164466099546466661.png,raw_metadata_only
-1649980093890049770.png,raw_metadata_only
-1651927693770727765.png,raw_metadata_only
-1671801186817111191.png,raw_metadata_only
-1675320305762436963.png,raw_metadata_only
-16753410666317731.png,raw_metadata_only
-1677898261371801194.png,raw_metadata_only
-1678791492949621880.png,raw_metadata_only
-1679273758717230626.png,raw_metadata_only
-1685622615674447350.png,raw_metadata_only
-1688383691497820923.png,raw_metadata_only
-1691861878080963349.png,raw_metadata_only
-1694289917312294997.png,raw_metadata_only
-169783764847555703.png,raw_metadata_only
-1697920789999182044.png,raw_metadata_only
-1702147616771814592.png,raw_metadata_only
-1702551365447870275.png,raw_metadata_only
-1705542875566538202.png,raw_metadata_only
-1705788235336488722.png,raw_metadata_only
-1706950757168903345.png,raw_metadata_only
-1708449377156203634.png,raw_metadata_only
-1711077606342056338.png,raw_metadata_only
-1713674142299390877.png,raw_metadata_only
-1713728412179581663.png,raw_metadata_only
-1714274861495761199.png,raw_metadata_only
-1715196123326180680.png,raw_metadata_only
-1722506777168667416.png,raw_metadata_only
-172643478809679819.png,raw_metadata_only
-1729319674501519998.png,raw_metadata_only
-1741298902959469723.png,raw_metadata_only
-174517438571435365.png,raw_metadata_only
-1748896230395277993.png,raw_metadata_only
-1749113319070373766.png,raw_metadata_only
-1751666846616127834.png,raw_metadata_only
-1754707658302916156.png,raw_metadata_only
-176291023421890680.png,raw_metadata_only
-1763889179252826896.png,raw_metadata_only
-1765572912415510613.png,raw_metadata_only
-1766001610638052673.png,raw_metadata_only
-1768658990948132250.png,raw_metadata_only
-1771453055734416513.png,raw_metadata_only
-1772263789018350372.png,raw_metadata_only
-1772663345984307464.png,raw_metadata_only
-1776672099385555595.png,raw_metadata_only
-1779891678767638024.png,raw_metadata_only
-1790337107071752879.png,raw_metadata_only
-1793399078708447490.png,raw_metadata_only
-1809273261193748236.png,raw_metadata_only
-1810094547200763483.png,raw_metadata_only
-1811474488977610207.png,raw_metadata_only
-1812943663060736552.png,raw_metadata_only
-1819541404430956755.png,raw_metadata_only
-1820250928982581107.png,raw_metadata_only
-1824718034048585128.png,raw_metadata_only
-1829981078727893975.png,raw_metadata_only
-1830251872118341571.png,raw_metadata_only
-1831080273137310044.png,raw_metadata_only
-1831810820756751591.png,raw_metadata_only
-1832182805314420259.png,raw_metadata_only
-1835922609877708855.png,raw_metadata_only
-1839792842865242470.png,raw_metadata_only
-1840542721733943930.png,raw_metadata_only
-1842753930621310199.png,raw_metadata_only
-1843405873883770233.png,raw_metadata_only
-1844222098674246997.png,raw_metadata_only
-1844957728417343950.png,raw_metadata_only
-1846562734442493916.png,raw_metadata_only
-1849067586725755095.png,raw_metadata_only
-1851106847572018342.png,raw_metadata_only
-1851330752014269540.png,raw_metadata_only
-1853513887415712427.png,raw_metadata_only
-1857301009906654410.png,raw_metadata_only
-1858346379059996690.png,raw_metadata_only
-1858839116206378488.png,raw_metadata_only
-1859622318133415403.png,raw_metadata_only
-1862295408395195308.png,raw_metadata_only
-1864078631398282000.png,raw_metadata_only
-1866682450754729316.png,raw_metadata_only
-1870354016732256769.png,raw_metadata_only
-1876818415297158696.png,raw_metadata_only
-1878418514995558365.png,raw_metadata_only
-1883972060906664572.png,raw_metadata_only
-188786749129013661.png,raw_metadata_only
-1894892006032937419.png,raw_metadata_only
-1898774886586970656.png,raw_metadata_only
-1900872598467907423.png,raw_metadata_only
-1904324689162437250.png,raw_metadata_only
-1904965821422434127.png,raw_metadata_only
-1908919976412842853.png,raw_metadata_only
-1910203258959382503.png,raw_metadata_only
-1914916308175390639.png,raw_metadata_only
-1915333973804553575.png,raw_metadata_only
-1923721324804991114.png,raw_metadata_only
-1931064592892486781.png,raw_metadata_only
-1936405166776781910.png,raw_metadata_only
-1938747215033642703.png,raw_metadata_only
-1940746305684488736.png,raw_metadata_only
-1943598390620715649.png,raw_metadata_only
-1948544142865843096.png,raw_metadata_only
-1954361760034815414.png,raw_metadata_only
-1954514810889331120.png,raw_metadata_only
-1960202325111370390.png,raw_metadata_only
-1960941217960172339.png,raw_metadata_only
-1961922220709917174.png,raw_metadata_only
-1967789226418264672.png,raw_metadata_only
-1970883191328192750.png,raw_metadata_only
-1971854595130405162.png,raw_metadata_only
-1978805647559485287.png,raw_metadata_only
-1979417173631887595.png,raw_metadata_only
-1986753137507654847.png,raw_metadata_only
-1987788942025444794.png,raw_metadata_only
-1988128366853978643.png,raw_metadata_only
-1993099401488464055.png,raw_metadata_only
-2002592006747218546.png,raw_metadata_only
-2007890488191008351.png,raw_metadata_only
-2011884605870799636.png,raw_metadata_only
-2013916725027217128.png,raw_metadata_only
-2015687071469050277.png,raw_metadata_only
-2016873216642501222.png,raw_metadata_only
-2020580214245196337.png,raw_metadata_only
-2023528583731486939.png,raw_metadata_only
-2030090339984105607.png,raw_metadata_only
-2030903409484078916.png,raw_metadata_only
-2032799196852997136.png,raw_metadata_only
-2034280007176922924.png,raw_metadata_only
-2034979617794657349.png,raw_metadata_only
-203628478631320475.png,raw_metadata_only
-2036739924048402981.png,raw_metadata_only
-2039834805618946129.png,raw_metadata_only
-2044143870674092987.png,raw_metadata_only
-2050920323928032913.png,raw_metadata_only
-205369795937763847.png,raw_metadata_only
-2056512528210583223.png,raw_metadata_only
-205907488203871313.png,raw_metadata_only
-2069618292060748763.png,raw_metadata_only
-2073298143477544406.png,raw_metadata_only
-2076397428192288866.png,raw_metadata_only
-208880250508994115.png,raw_metadata_only
-2094568440095961401.png,raw_metadata_only
-2097217587159752484.png,raw_metadata_only
-2099414475733487459.png,raw_metadata_only
-2101137658370561129.png,raw_metadata_only
-2101790873047080311.png,raw_metadata_only
-2103098616083507998.png,raw_metadata_only
-2103228611346932007.png,raw_metadata_only
-2104207421034301034.png,raw_metadata_only
-2104549054529822929.png,raw_metadata_only
-2104633817570290804.png,raw_metadata_only
-2106505872907030359.png,raw_metadata_only
-2107114713547310506.png,raw_metadata_only
-2108552698904941061.png,raw_metadata_only
-2109666569281810210.png,raw_metadata_only
-2110381443155837463.png,raw_metadata_only
-2111006628284793065.png,raw_metadata_only
-211110393346383991.png,raw_metadata_only
-2114370592630662200.png,raw_metadata_only
-2114444395953325364.png,raw_metadata_only
-2115166713006403483.png,raw_metadata_only
-211538888859387256.png,raw_metadata_only
-2116123434758212346.png,raw_metadata_only
-2122062262240582994.png,raw_metadata_only
-2126108056965792224.png,raw_metadata_only
-2126428603348094622.png,raw_metadata_only
-2127765395475907847.png,raw_metadata_only
-2129089488965660902.png,raw_metadata_only
-212943113821126193.png,raw_metadata_only
-213532504520498370.png,raw_metadata_only
-2135446481712847756.png,raw_metadata_only
-2139908388541526160.png,raw_metadata_only
-2144552166709118763.png,raw_metadata_only
-2147962622511170702.png,raw_metadata_only
-2148133022110970912.png,raw_metadata_only
-2148742373929221903.png,raw_metadata_only
-2149906476006225584.png,raw_metadata_only
-2152199450678967592.png,raw_metadata_only
-2154927722889314556.png,raw_metadata_only
-2155826530894335115.png,raw_metadata_only
-2156690415130358399.png,raw_metadata_only
-2160150570103980686.png,raw_metadata_only
-2160777742822056561.png,raw_metadata_only
-2161384236537714282.png,raw_metadata_only
-2161698169553821425.png,raw_metadata_only
-2168469424545000636.png,raw_metadata_only
-2180690318143429315.png,raw_metadata_only
-2180852303684974798.png,raw_metadata_only
-2181174508957489529.png,raw_metadata_only
-2183262704807807048.png,raw_metadata_only
-2187738459131395361.png,raw_metadata_only
-2190238443371427737.png,raw_metadata_only
-2190745019792313053.png,raw_metadata_only
-2197355568033743807.png,raw_metadata_only
-220394741921239186.png,raw_metadata_only
-2204287150494179646.png,raw_metadata_only
-2204802203666459284.png,raw_metadata_only
-2205108468515981837.png,raw_metadata_only
-220596390347988661.png,raw_metadata_only
-2207449719805591208.png,raw_metadata_only
-221115934316493757.png,raw_metadata_only
-2213007721490983611.png,raw_metadata_only
-2214538966673627919.png,raw_metadata_only
-2217561387814573226.png,raw_metadata_only
-222293861528511743.png,raw_metadata_only
-2223865565565800697.png,raw_metadata_only
-2229874505067100772.png,raw_metadata_only
-2231872831393420636.png,raw_metadata_only
-2233939901212943543.png,raw_metadata_only
-223472876305241678.png,raw_metadata_only
-2236217581770445072.png,raw_metadata_only
-2236574152285303595.png,raw_metadata_only
-2238709944412086899.png,raw_metadata_only
-2240520666850623634.png,raw_metadata_only
-2240571180590354799.png,raw_metadata_only
-2241923458085229297.png,raw_metadata_only
-2243567789594868619.png,raw_metadata_only
-2244996585976939561.png,raw_metadata_only
-2245835127682249332.png,raw_metadata_only
-2248707777276806284.png,raw_metadata_only
-2250475097452583156.png,raw_metadata_only
-2252061377678191443.png,raw_metadata_only
-2255219772325529981.png,raw_metadata_only
-2255939393020051195.png,raw_metadata_only
-2257696006675300248.png,raw_metadata_only
-2259742880110408719.png,raw_metadata_only
-2261134362711988717.png,raw_metadata_only
-2262331546994976617.png,raw_metadata_only
-2262685729184423273.png,raw_metadata_only
-2262809891586051574.png,raw_metadata_only
-2272409399626570947.png,raw_metadata_only
-2274431536078528436.png,raw_metadata_only
-2276213447844399393.png,raw_metadata_only
-2278994225932175236.png,raw_metadata_only
-2282445446815047427.png,raw_metadata_only
-2285782102067584479.png,raw_metadata_only
-2288434622033194477.png,raw_metadata_only
-2288756320947393803.png,raw_metadata_only
-2294176306472254841.png,raw_metadata_only
-2305436993892111732.png,raw_metadata_only
-2307387288352361738.png,raw_metadata_only
-230777178099675336.png,raw_metadata_only
-2312269268642848632.png,raw_metadata_only
-2315153994676436271.png,raw_metadata_only
-2316476135441781567.png,raw_metadata_only
-2320291930134170797.png,raw_metadata_only
-2321451229075656181.png,raw_metadata_only
-2326303719742825919.png,raw_metadata_only
-2326695612127368092.png,raw_metadata_only
-232746611641555408.png,raw_metadata_only
-2330209020650037870.png,raw_metadata_only
-2332396669828721621.png,raw_metadata_only
-2336143904314888587.png,raw_metadata_only
-2339569838872037676.png,raw_metadata_only
-2339607898484031426.png,raw_metadata_only
-2342692107226282894.png,raw_metadata_only
-2343989119243327962.png,raw_metadata_only
-2346903094222635826.png,raw_metadata_only
-2352984850083636894.png,raw_metadata_only
-2358501888535431049.png,raw_metadata_only
-235854603152207056.png,raw_metadata_only
-2360682417596724285.png,raw_metadata_only
-2360785524468890383.png,raw_metadata_only
-236243587506471173.png,raw_metadata_only
-2362492614813765866.png,raw_metadata_only
-2363989834606810475.png,raw_metadata_only
-2366475788862523655.png,raw_metadata_only
-2367385470888041402.png,raw_metadata_only
-236781517620281149.png,raw_metadata_only
-2368196693663754182.png,raw_metadata_only
-2370427552192888875.png,raw_metadata_only
-2373885229844763392.png,raw_metadata_only
-237525715880906966.png,raw_metadata_only
-2377453049126228534.png,raw_metadata_only
-2377960990942383256.png,raw_metadata_only
-2380872394464769334.png,raw_metadata_only
-2385550272606789803.png,raw_metadata_only
-2387661268109763422.png,raw_metadata_only
-2387709625450358964.png,raw_metadata_only
-2391140057762019591.png,raw_metadata_only
-2392484099983809741.png,raw_metadata_only
-2395948960111111081.png,raw_metadata_only
-2401203499935511624.png,raw_metadata_only
-2403869343036495738.png,raw_metadata_only
-2407143439291948794.png,raw_metadata_only
-241249718310996117.png,raw_metadata_only
-241390359074546594.png,raw_metadata_only
-2415160317603753243.png,raw_metadata_only
-2416169274258013471.png,raw_metadata_only
-2417015142409471819.png,raw_metadata_only
-2419035345139244879.png,raw_metadata_only
-2424728717864670880.png,raw_metadata_only
-2429553349944139683.png,raw_metadata_only
-2431769699504014881.png,raw_metadata_only
-2433854411749948240.png,raw_metadata_only
-2435635181648117240.png,raw_metadata_only
-2438397920230006140.png,raw_metadata_only
-2440478690737112737.png,raw_metadata_only
-2441041752152893572.png,raw_metadata_only
-2441124233481219090.png,raw_metadata_only
-2443949714670739112.png,raw_metadata_only
-2446371075135592847.png,raw_metadata_only
-2448406916288867910.png,raw_metadata_only
-2450117620955719746.png,raw_metadata_only
-2459085105696017592.png,raw_metadata_only
-2463049521708227972.png,raw_metadata_only
-2464616732809803717.png,raw_metadata_only
-2466288507598470093.png,raw_metadata_only
-2468553347890594399.png,raw_metadata_only
-2470509348276894217.png,raw_metadata_only
-2470963294952716246.png,raw_metadata_only
-2471775273441640962.png,raw_metadata_only
-2472762249615280367.png,raw_metadata_only
-2474317789578982316.png,raw_metadata_only
-2479226509266633891.png,raw_metadata_only
-2482162412579344778.png,raw_metadata_only
-2484734279790601728.png,raw_metadata_only
-2485444677630015590.png,raw_metadata_only
-2486970802542213454.png,raw_metadata_only
-2490625174049341192.png,raw_metadata_only
-2492813239341820608.png,raw_metadata_only
-2493250642657304273.png,raw_metadata_only
-2495405375565733468.png,raw_metadata_only
-2497245638901375873.png,raw_metadata_only
-2497522733940899759.png,raw_metadata_only
-2499017255346018309.png,raw_metadata_only
-2501276899066320508.png,raw_metadata_only
-2503198651519240002.png,raw_metadata_only
-2505436522815593428.png,raw_metadata_only
-2507019021571652077.png,raw_metadata_only
-2508278427790550725.png,raw_metadata_only
-2509342194783820690.png,raw_metadata_only
-2511190403996726038.png,raw_metadata_only
-2513743706148120186.png,raw_metadata_only
-2513819298462684603.png,raw_metadata_only
-2521374964041532686.png,raw_metadata_only
-2523397870002708607.png,raw_metadata_only
-2523925335218914638.png,raw_metadata_only
-2530022560399522405.png,raw_metadata_only
-253308770254110639.png,raw_metadata_only
-25353211408586438.png,raw_metadata_only
-2538731880524128360.png,raw_metadata_only
-2542044629932166681.png,raw_metadata_only
-2543347188905625324.png,raw_metadata_only
-2545885751906492535.png,raw_metadata_only
-2551832748275660261.png,raw_metadata_only
-255367931162963489.png,raw_metadata_only
-2556880085659050619.png,raw_metadata_only
-2557297330022991624.png,raw_metadata_only
-2560035461690419800.png,raw_metadata_only
-2566341269572017517.png,raw_metadata_only
-2570809058775178619.png,raw_metadata_only
-2574036968326358971.png,raw_metadata_only
-2574964016497485733.png,raw_metadata_only
-2575649996455765425.png,raw_metadata_only
-2576341143348180864.png,raw_metadata_only
-2579508083772881391.png,raw_metadata_only
-257969170183342980.png,raw_metadata_only
-2582576640094223313.png,raw_metadata_only
-2584118279429998396.png,raw_metadata_only
-2586434783203273300.png,raw_metadata_only
-2586599992896657873.png,raw_metadata_only
-2586761786508789046.png,raw_metadata_only
-2587300624299644055.png,raw_metadata_only
-2587501478019122942.png,raw_metadata_only
-259093163939540818.png,raw_metadata_only
-2593983323398825549.png,raw_metadata_only
-2602057177666272344.png,raw_metadata_only
-2611863072887966068.png,raw_metadata_only
-2611898318932465514.png,raw_metadata_only
-2614426609843829553.png,raw_metadata_only
-261465826988278567.png,raw_metadata_only
-2623984413375728508.png,raw_metadata_only
-2626461613356440527.png,raw_metadata_only
-2626899914354672394.png,raw_metadata_only
-2629468652453847563.png,raw_metadata_only
-2630229181493979208.png,raw_metadata_only
-263081762870451098.png,raw_metadata_only
-2632872764171932958.png,raw_metadata_only
-2641434887280849554.png,raw_metadata_only
-2645968261091459517.png,raw_metadata_only
-2646140046117594823.png,raw_metadata_only
-2655426331282625713.png,raw_metadata_only
-2657683836343611993.png,raw_metadata_only
-2658201342977471177.png,raw_metadata_only
-2663645243653633022.png,raw_metadata_only
-266660367551771293.png,raw_metadata_only
-2669639336728944561.png,raw_metadata_only
-2671745000877318721.png,raw_metadata_only
-2678282706126601436.png,raw_metadata_only
-2680899742842390785.png,raw_metadata_only
-2681567092049907766.png,raw_metadata_only
-2682298177796377023.png,raw_metadata_only
-2682996779844646329.png,raw_metadata_only
-2689246837299511408.png,raw_metadata_only
-2690293506365707573.png,raw_metadata_only
-2690790221695821258.png,raw_metadata_only
-2691599696732836749.png,raw_metadata_only
-2692860104264603201.png,raw_metadata_only
-2697741642858779820.png,raw_metadata_only
-2700690042647203205.png,raw_metadata_only
-2702361237535417918.png,raw_metadata_only
-2710328374690179547.png,raw_metadata_only
-2726893023572219940.png,raw_metadata_only
-2732064214388729281.png,raw_metadata_only
-2734789645630317104.png,raw_metadata_only
-2735122665212613224.png,raw_metadata_only
-2737293941279657085.png,raw_metadata_only
-2737740771473967321.png,raw_metadata_only
-2737976549716301621.png,raw_metadata_only
-2742353954020016308.png,raw_metadata_only
-2742868802828964516.png,raw_metadata_only
-2745158287266547055.png,raw_metadata_only
-2751561763710874373.png,raw_metadata_only
-2762419190156797697.png,raw_metadata_only
-2765541308616454018.png,raw_metadata_only
-276562011015744271.png,raw_metadata_only
-2767690909699323839.png,raw_metadata_only
-2769925312820532744.png,raw_metadata_only
-2772294595607608592.png,raw_metadata_only
-2777838486438707432.png,raw_metadata_only
-2782096469822625940.png,raw_metadata_only
-2785262905126427693.png,raw_metadata_only
-2787315420624607465.png,raw_metadata_only
-2787900596692547073.png,raw_metadata_only
-2790057257917203083.png,raw_metadata_only
-2793036848400947828.png,raw_metadata_only
-2795054550037433637.png,raw_metadata_only
-2795273244601633836.png,raw_metadata_only
-2800392402065099861.png,raw_metadata_only
-2801070157050591832.png,raw_metadata_only
-280294646867544010.png,raw_metadata_only
-2805054034077058173.png,raw_metadata_only
-2805714129362314533.png,raw_metadata_only
-2810323898723349690.png,raw_metadata_only
-2810442804941033630.png,raw_metadata_only
-281110584877349539.png,raw_metadata_only
-2812305517344850019.png,raw_metadata_only
-2813780788174205081.png,raw_metadata_only
-2813826022792799007.png,raw_metadata_only
-2816057677187915336.png,raw_metadata_only
-2818633235976112099.png,raw_metadata_only
-2826177521891050091.png,raw_metadata_only
-2829186922698809162.png,raw_metadata_only
-28292571480544749.png,raw_metadata_only
-2832637199117292466.png,raw_metadata_only
-283922613575096663.png,raw_metadata_only
-284320352049367340.png,raw_metadata_only
-2844774690650130144.png,raw_metadata_only
-2844794297409147916.png,raw_metadata_only
-2845212808263068122.png,raw_metadata_only
-2845520797762628017.png,raw_metadata_only
-2847973914974339679.png,raw_metadata_only
-2848426151003696432.png,raw_metadata_only
-2848450773145538249.png,raw_metadata_only
-2849916399005907973.png,raw_metadata_only
-2850351717660490848.png,raw_metadata_only
-2850393001491389427.png,raw_metadata_only
-285631126590371691.png,raw_metadata_only
-2857013046149476224.png,raw_metadata_only
-2857034813079621056.png,raw_metadata_only
-285705312472539855.png,raw_metadata_only
-2859890500686166626.png,raw_metadata_only
-2864613777793771222.png,raw_metadata_only
-2866978325651529174.png,raw_metadata_only
-2869951807103783157.png,raw_metadata_only
-2874221601641289316.png,raw_metadata_only
-287506149522211671.png,raw_metadata_only
-287569563142198824.png,raw_metadata_only
-2878474127311295238.png,raw_metadata_only
-2881646745335484613.png,raw_metadata_only
-2883972481327235052.png,raw_metadata_only
-2886112087398057650.png,raw_metadata_only
-2887375084857456168.png,raw_metadata_only
-2891504725451213651.png,raw_metadata_only
-2894628235051714183.png,raw_metadata_only
-2897026240904691265.png,raw_metadata_only
-2899444244387979928.png,raw_metadata_only
-2900080958387643243.png,raw_metadata_only
-2901032383351590778.png,raw_metadata_only
-2904091988969225602.png,raw_metadata_only
-290462922914205773.png,raw_metadata_only
-2909501836418885572.png,raw_metadata_only
-2909733838390107779.png,raw_metadata_only
-2914786391508988565.png,raw_metadata_only
-2917349207573648398.png,raw_metadata_only
-2918387431301583004.png,raw_metadata_only
-2918595174966989977.png,raw_metadata_only
-2919812088362781457.png,raw_metadata_only
-2919962940384238401.png,raw_metadata_only
-2921913052861030168.png,raw_metadata_only
-2928063235843741646.png,raw_metadata_only
-2928857103244658743.png,raw_metadata_only
-2929526823412497933.png,raw_metadata_only
-2931014637320883403.png,raw_metadata_only
-2936199313505251084.png,raw_metadata_only
-2936233789105696776.png,raw_metadata_only
-2936966589856673717.png,raw_metadata_only
-2943413650732655098.png,raw_metadata_only
-2943675040447373613.png,raw_metadata_only
-2949233165118597916.png,raw_metadata_only
-2950041018807333229.png,raw_metadata_only
-295260050531917160.png,raw_metadata_only
-2954405880597513608.png,raw_metadata_only
-2957799328006685986.png,raw_metadata_only
-2959221996095551021.png,raw_metadata_only
-295948824090518865.png,raw_metadata_only
-2962978562039231765.png,raw_metadata_only
-2970018600654696296.png,raw_metadata_only
-2975459292063513023.png,raw_metadata_only
-2977179455983951369.png,raw_metadata_only
-2980558595744119503.png,raw_metadata_only
-2985063155431762485.png,raw_metadata_only
-2988332512567473690.png,raw_metadata_only
-298848235389824552.png,raw_metadata_only
-2989785801942143242.png,raw_metadata_only
-2990355743749808497.png,raw_metadata_only
-2993973705257013274.png,raw_metadata_only
-299491059082383903.png,raw_metadata_only
-2997460016579568441.png,raw_metadata_only
-299822381051220960.png,raw_metadata_only
-2999631288726252575.png,raw_metadata_only
-3003043108727371308.png,raw_metadata_only
-3004088422885359974.png,raw_metadata_only
-3006354197533358732.png,raw_metadata_only
-3006727278384475124.png,raw_metadata_only
-3011588375576861929.png,raw_metadata_only
-3014633019175841405.png,raw_metadata_only
-3017927531029370843.png,raw_metadata_only
-3018629149017877305.png,raw_metadata_only
-3019194824877098187.png,raw_metadata_only
-301920814302227416.png,raw_metadata_only
-3019888534333997441.png,raw_metadata_only
-302505023675993689.png,raw_metadata_only
-3027327548738103934.png,raw_metadata_only
-3030137111535692387.png,raw_metadata_only
-3032169804832279454.png,raw_metadata_only
-3035645933618035571.png,raw_metadata_only
-3036204193678608868.png,raw_metadata_only
-3039724992392871653.png,raw_metadata_only
-3039865975776090369.png,raw_metadata_only
-304171554496873031.png,raw_metadata_only
-3042503189367022986.png,raw_metadata_only
-3044579148804975072.png,raw_metadata_only
-3051939329272638280.png,raw_metadata_only
-3055245592189156423.png,raw_metadata_only
-3055548326890892284.png,raw_metadata_only
-3058279806305859603.png,raw_metadata_only
-3060139831867961361.png,raw_metadata_only
-3060870142909393201.png,raw_metadata_only
-306183260922700627.png,raw_metadata_only
-3061842134751838871.png,raw_metadata_only
-3062520376960509868.png,raw_metadata_only
-3072904094876526138.png,raw_metadata_only
-3074087608497358223.png,raw_metadata_only
-3075979742684785566.png,raw_metadata_only
-3078785327178091074.png,raw_metadata_only
-3084064354272784520.png,raw_metadata_only
-3089720422087290861.png,raw_metadata_only
-3090288680598066328.png,raw_metadata_only
-3091379126913451193.png,raw_metadata_only
-3093381369321113036.png,raw_metadata_only
-309674933450068615.png,raw_metadata_only
-3099030189372254135.png,raw_metadata_only
-3099185073888082830.png,raw_metadata_only
-31004307842463309.png,raw_metadata_only
-3103391316965628529.png,raw_metadata_only
-310562815438168749.png,raw_metadata_only
-310565031500497221.png,raw_metadata_only
-3113172764515247289.png,raw_metadata_only
-3113803737466189486.png,raw_metadata_only
-3118637672128464290.png,raw_metadata_only
-311918315070393568.png,raw_metadata_only
-3122224465532929196.png,raw_metadata_only
-3123563076943241583.png,raw_metadata_only
-3131182156160569830.png,raw_metadata_only
-3133880352141060882.png,raw_metadata_only
-3136247653193336048.png,raw_metadata_only
-3136387607498963803.png,raw_metadata_only
-3137477414733442222.png,raw_metadata_only
-3152912857295401531.png,raw_metadata_only
-3153575578487118908.png,raw_metadata_only
-3162371366187734223.png,raw_metadata_only
-316598377851749651.png,raw_metadata_only
-3167535479535456060.png,raw_metadata_only
-3167899843241657988.png,raw_metadata_only
-3168016907937844997.png,raw_metadata_only
-3168226346887030998.png,raw_metadata_only
-3168590794249144857.png,raw_metadata_only
-3172050333382747345.png,raw_metadata_only
-3172669138523311117.png,raw_metadata_only
-318146569808758513.png,raw_metadata_only
-318235882619502305.png,raw_metadata_only
-3182799973798399123.png,raw_metadata_only
-3182873874969876061.png,raw_metadata_only
-3184757916515913391.png,raw_metadata_only
-3184906123039930836.png,raw_metadata_only
-319030016778775010.png,raw_metadata_only
-3193028068058629771.png,raw_metadata_only
-3194161131457384721.png,raw_metadata_only
-3194582777873313186.png,raw_metadata_only
-3195311023660006645.png,raw_metadata_only
-3200564452857795637.png,raw_metadata_only
-3203114283035232770.png,raw_metadata_only
-3205207127691059616.png,raw_metadata_only
-3207138794093378370.png,raw_metadata_only
-320758069593813618.png,raw_metadata_only
-3208394649318665547.png,raw_metadata_only
-3210481923987744829.png,raw_metadata_only
-3213667357542604428.png,raw_metadata_only
-3214885068431580766.png,raw_metadata_only
-3220187335048171835.png,raw_metadata_only
-3221416279462754613.png,raw_metadata_only
-3223582796914814140.png,raw_metadata_only
-3224527372356332830.png,raw_metadata_only
-3226347482816131449.png,raw_metadata_only
-3231241999977943958.png,raw_metadata_only
-3232676345267998411.png,raw_metadata_only
-3237362112532506216.png,raw_metadata_only
-3238011234084255593.png,raw_metadata_only
-3238683302029267521.png,raw_metadata_only
-3243063038814729568.png,raw_metadata_only
-3244000726437215340.png,raw_metadata_only
-3245445355390336573.png,raw_metadata_only
-3252318765709126452.png,raw_metadata_only
-3253987854671575512.png,raw_metadata_only
-3257543757837637617.png,raw_metadata_only
-3264873478760270499.png,raw_metadata_only
-3269269173786491451.png,raw_metadata_only
-3271212631148719714.png,raw_metadata_only
-3271964507838082776.png,raw_metadata_only
-3274462896745109482.png,raw_metadata_only
-3274490469223825387.png,raw_metadata_only
-3277416434162872000.png,raw_metadata_only
-32780330778240158.png,raw_metadata_only
-3278401981209346612.png,raw_metadata_only
-3279188889414873611.png,raw_metadata_only
-3288896740583601521.png,raw_metadata_only
-3290459357811788031.png,raw_metadata_only
-3293119307995381863.png,raw_metadata_only
-3299521547079220205.png,raw_metadata_only
-3300838075406312078.png,raw_metadata_only
-3302904664879734565.png,raw_metadata_only
-3303515851089611527.png,raw_metadata_only
-3304017181812448658.png,raw_metadata_only
-3306741154753965788.png,raw_metadata_only
-3306760937601031954.png,raw_metadata_only
-3308141390035798043.png,raw_metadata_only
-3311378313616219360.png,raw_metadata_only
-3313191890529932206.png,raw_metadata_only
-3316097198735060969.png,raw_metadata_only
-331991471183695025.png,raw_metadata_only
-3321106357232488039.png,raw_metadata_only
-332225858878365934.png,raw_metadata_only
-3323186876457629093.png,raw_metadata_only
-3325613595358636066.png,raw_metadata_only
-3328006691341022679.png,raw_metadata_only
-3328562617383765462.png,raw_metadata_only
-3334185101988508211.png,raw_metadata_only
-3334659686233219565.png,raw_metadata_only
-3340318189330970780.png,raw_metadata_only
-3345435348805183258.png,raw_metadata_only
-3348418859469465839.png,raw_metadata_only
-3355326200471441329.png,raw_metadata_only
-3357171189808554412.png,raw_metadata_only
-336361439202523804.png,raw_metadata_only
-3365177614917497298.png,raw_metadata_only
-3365879936042849162.png,raw_metadata_only
-3366093100366003273.png,raw_metadata_only
-3368039602791288896.png,raw_metadata_only
-3376925888490618855.png,raw_metadata_only
-3378815957082148692.png,raw_metadata_only
-3381198585856549265.png,raw_metadata_only
-3381428686887743472.png,raw_metadata_only
-3382289102220496634.png,raw_metadata_only
-3385143333521726579.png,raw_metadata_only
-3387828830924621439.png,raw_metadata_only
-3391628324567133831.png,raw_metadata_only
-3392381039030885615.png,raw_metadata_only
-3394614034935174533.png,raw_metadata_only
-3397846615281440172.png,raw_metadata_only
-3398015871098565688.png,raw_metadata_only
-3408429221525072569.png,raw_metadata_only
-3409921870307512651.png,raw_metadata_only
-3413752124351142150.png,raw_metadata_only
-3417108619779806874.png,raw_metadata_only
-3428237757976001831.png,raw_metadata_only
-3429730892774983736.png,raw_metadata_only
-3435580209784550568.png,raw_metadata_only
-3443499009691532250.png,raw_metadata_only
-3444565418882735110.png,raw_metadata_only
-3445243839298566802.png,raw_metadata_only
-3447232648682268167.png,raw_metadata_only
-3447371787593587076.png,raw_metadata_only
-344748699934867639.png,raw_metadata_only
-3447994816740854827.png,raw_metadata_only
-3449104769713853040.png,raw_metadata_only
-3449290884377188767.png,raw_metadata_only
-3451767005474194225.png,raw_metadata_only
-3452791703874588443.png,raw_metadata_only
-345409750455140506.png,raw_metadata_only
-3454377817008538718.png,raw_metadata_only
-3454742488172101921.png,raw_metadata_only
-3459038528658696351.png,raw_metadata_only
-3460750178802262972.png,raw_metadata_only
-3462644828111752185.png,raw_metadata_only
-3462740509400916083.png,raw_metadata_only
-3463926055561590672.png,raw_metadata_only
-3468227127797978058.png,raw_metadata_only
-347107718236585619.png,raw_metadata_only
-3471688715124817850.png,raw_metadata_only
-3475592012332307205.png,raw_metadata_only
-3477811240837758675.png,raw_metadata_only
-3482201713629668213.png,raw_metadata_only
-3483024805543442518.png,raw_metadata_only
-3483609679293205420.png,raw_metadata_only
-3491088644702965665.png,raw_metadata_only
-3493309736947822924.png,raw_metadata_only
-3494446349835498209.png,raw_metadata_only
-3495721734631238076.png,raw_metadata_only
-3495979407017051117.png,raw_metadata_only
-350121623971507123.png,raw_metadata_only
-3506879929110587072.png,raw_metadata_only
-3513506567723515300.png,raw_metadata_only
-3516044632190815198.png,raw_metadata_only
-3520996550483737132.png,raw_metadata_only
-353030112227548594.png,raw_metadata_only
-3530723513547595311.png,raw_metadata_only
-3530759993221710263.png,raw_metadata_only
-3532471402215411378.png,raw_metadata_only
-3535563123986224188.png,raw_metadata_only
-3536892141642532312.png,raw_metadata_only
-3538969032008688711.png,raw_metadata_only
-3551976492913034665.png,raw_metadata_only
-3554665440338680007.png,raw_metadata_only
-3555487255426017347.png,raw_metadata_only
-3559887002495639296.png,raw_metadata_only
-3564355494115225282.png,raw_metadata_only
-3569299523188628411.png,raw_metadata_only
-3570554680988726538.png,raw_metadata_only
-3574053173899714038.png,raw_metadata_only
-3576347632547243715.png,raw_metadata_only
-3578063028710248597.png,raw_metadata_only
-3579050088184146996.png,raw_metadata_only
-3583990329304518263.png,raw_metadata_only
-3584203079797939145.png,raw_metadata_only
-3585674280765800149.png,raw_metadata_only
-3587084529290673803.png,raw_metadata_only
-3593116470323469675.png,raw_metadata_only
-3594395432923376135.png,raw_metadata_only
-3599077752870060235.png,raw_metadata_only
-3599312611917901231.png,raw_metadata_only
-3601983352928347463.png,raw_metadata_only
-3602360130637023545.png,raw_metadata_only
-3606777870410802234.png,raw_metadata_only
-3611816500586876705.png,raw_metadata_only
-3613022681040629958.png,raw_metadata_only
-3613430269420913410.png,raw_metadata_only
-3613755685489918074.png,raw_metadata_only
-361700149928091895.png,raw_metadata_only
-3621364549164166313.png,raw_metadata_only
-362715643741333868.png,raw_metadata_only
-3632004042706885024.png,raw_metadata_only
-3634152372313523881.png,raw_metadata_only
-3634520332313567390.png,raw_metadata_only
-3636743197559997251.png,raw_metadata_only
-3640309131788204415.png,raw_metadata_only
-364154373276501459.png,raw_metadata_only
-3643470232918767468.png,raw_metadata_only
-3645082414747891862.png,raw_metadata_only
-3646671587236776707.png,raw_metadata_only
-3646967772229390812.png,raw_metadata_only
-3646967899655627748.png,raw_metadata_only
-3648334090821527895.png,raw_metadata_only
-3648698023698522371.png,raw_metadata_only
-3649650520151658870.png,raw_metadata_only
-3656035424878186936.png,raw_metadata_only
-3657414579240204642.png,raw_metadata_only
-366075787198530433.png,raw_metadata_only
-3661481693266312303.png,raw_metadata_only
-3663646926790398919.png,raw_metadata_only
-3666012059912959193.png,raw_metadata_only
-3671345600851305044.png,raw_metadata_only
-3672112169353359007.png,raw_metadata_only
-3674117018980271308.png,raw_metadata_only
-3674158308118136671.png,raw_metadata_only
-367803591370341850.png,raw_metadata_only
-3678897900470319701.png,raw_metadata_only
-3682283373635230811.png,raw_metadata_only
-3683355746799434861.png,raw_metadata_only
-368511249512124554.png,raw_metadata_only
-3685615169782413866.png,raw_metadata_only
-3687501478797856008.png,raw_metadata_only
-3688253625279943825.png,raw_metadata_only
-3690356583581647766.png,raw_metadata_only
-3690564646031479374.png,raw_metadata_only
-369547900571553814.png,raw_metadata_only
-3699857332816114313.png,raw_metadata_only
-3699971539292661651.png,raw_metadata_only
-3703978672510909496.png,raw_metadata_only
-3706383366770101717.png,raw_metadata_only
-3709268883592723272.png,raw_metadata_only
-3710485127899507294.png,raw_metadata_only
-3711283319474560584.png,raw_metadata_only
-3712172422022433576.png,raw_metadata_only
-3712452163219577722.png,raw_metadata_only
-3715706815257709557.png,raw_metadata_only
-3716145844538958501.png,raw_metadata_only
-3717681648257080297.png,raw_metadata_only
-3718213050853937818.png,raw_metadata_only
-3723454948446633178.png,raw_metadata_only
-3724299618054220288.png,raw_metadata_only
-3725963912000172161.png,raw_metadata_only
-372835175855794061.png,raw_metadata_only
-3728456640254121339.png,raw_metadata_only
-3730319197749165846.png,raw_metadata_only
-3734925325452792716.png,raw_metadata_only
-3738526612736016942.png,raw_metadata_only
-3739805512973496808.png,raw_metadata_only
-3744623047411140376.png,raw_metadata_only
-3745166521151490419.png,raw_metadata_only
-3746072095965203899.png,raw_metadata_only
-374763867685176927.png,raw_metadata_only
-3749637390051796787.png,raw_metadata_only
-375014270358174208.png,raw_metadata_only
-3750158642662538975.png,raw_metadata_only
-3750185795244107359.png,raw_metadata_only
-37551011684363999.png,raw_metadata_only
-3756788647026795674.png,raw_metadata_only
-375687413257472299.png,raw_metadata_only
-3758258982362095839.png,raw_metadata_only
-375885702644514520.png,raw_metadata_only
-3761749477840899766.png,raw_metadata_only
-3765058596330547811.png,raw_metadata_only
-3765998123900308475.png,raw_metadata_only
-3768305470783165562.png,raw_metadata_only
-3771483638817117961.png,raw_metadata_only
-3775841163051306168.png,raw_metadata_only
-3775959267246996938.png,raw_metadata_only
-3779146726816489091.png,raw_metadata_only
-3779989361448224309.png,raw_metadata_only
-3780061433874158910.png,raw_metadata_only
-3780703286966538961.png,raw_metadata_only
-3780759050734278605.png,raw_metadata_only
-3781183398515014808.png,raw_metadata_only
-3785790046103474945.png,raw_metadata_only
-3786514405980384774.png,raw_metadata_only
-3786903872551717236.png,raw_metadata_only
-3787873050779418942.png,raw_metadata_only
-3788838385720706381.png,raw_metadata_only
-3795552443751905611.png,raw_metadata_only
-3796420587199097151.png,raw_metadata_only
-3803389091475005034.png,raw_metadata_only
-3811634225980315712.png,raw_metadata_only
-381418599693893426.png,raw_metadata_only
-3817767148506545351.png,raw_metadata_only
-3821908661269191208.png,raw_metadata_only
-382247254457929497.png,raw_metadata_only
-3823945706028586349.png,raw_metadata_only
-3826231296982744580.png,raw_metadata_only
-3829216436875682288.png,raw_metadata_only
-3831315975713380754.png,raw_metadata_only
-3833291611865949894.png,raw_metadata_only
-3836698546844311166.png,raw_metadata_only
-383886836626766156.png,raw_metadata_only
-3842577939721527136.png,raw_metadata_only
-3844797951273951613.png,raw_metadata_only
-3846279000500284888.png,raw_metadata_only
-3846342853110898780.png,raw_metadata_only
-3847331894402253711.png,raw_metadata_only
-3850686506939486989.png,raw_metadata_only
-3854426361938359201.png,raw_metadata_only
-3857242111700669083.png,raw_metadata_only
-3858648426951061381.png,raw_metadata_only
-3858717028902323460.png,raw_metadata_only
-38602240568937495.png,raw_metadata_only
-38607030571269426.png,raw_metadata_only
-3861029296832761841.png,raw_metadata_only
-3861798619616373726.png,raw_metadata_only
-3862187448691649095.png,raw_metadata_only
-3864405960970388084.png,raw_metadata_only
-3868356521609274135.png,raw_metadata_only
-3871506950221535402.png,raw_metadata_only
-3873589800955047494.png,raw_metadata_only
-3874696229480864570.png,raw_metadata_only
-3875963867992753791.png,raw_metadata_only
-3876354847225336859.png,raw_metadata_only
-3881518848080738850.png,raw_metadata_only
-3885286575232299536.png,raw_metadata_only
-3888875973527478965.png,raw_metadata_only
-3892343950611245620.png,raw_metadata_only
-3893521207072786063.png,raw_metadata_only
-3896547999096364957.png,raw_metadata_only
-3900642527393705587.png,raw_metadata_only
-3900815647518864824.png,raw_metadata_only
-3902505592917937488.png,raw_metadata_only
-3905750117220905372.png,raw_metadata_only
-3907018768631402363.png,raw_metadata_only
-3908715743589033453.png,raw_metadata_only
-3909577422247309653.png,raw_metadata_only
-3911131908890343991.png,raw_metadata_only
-3912040042324761913.png,raw_metadata_only
-3915138662929947905.png,raw_metadata_only
-3915401701105604921.png,raw_metadata_only
-3920906552180865650.png,raw_metadata_only
-3922072817298183132.png,raw_metadata_only
-3933475004882152757.png,raw_metadata_only
-3936103083949335804.png,raw_metadata_only
-3936109037533585071.png,raw_metadata_only
-3938554543738826838.png,raw_metadata_only
-3938686736163530101.png,raw_metadata_only
-393907954817997957.png,raw_metadata_only
-394268303794637073.png,raw_metadata_only
-3945856862178278962.png,raw_metadata_only
-3946258253983818636.png,raw_metadata_only
-3951663701097129284.png,raw_metadata_only
-395308916323558974.png,raw_metadata_only
-3960241276164849315.png,raw_metadata_only
-3960375062874802837.png,raw_metadata_only
-3960609428407610178.png,raw_metadata_only
-3960777895415462837.png,raw_metadata_only
-3960972463314087480.png,raw_metadata_only
-3963828932538049625.png,raw_metadata_only
-3963940474805731161.png,raw_metadata_only
-3963951711688626588.png,raw_metadata_only
-3964687375901073311.png,raw_metadata_only
-3966332972808502858.png,raw_metadata_only
-3967671531900468059.png,raw_metadata_only
-3970639053250352440.png,raw_metadata_only
-3971868004149552972.png,raw_metadata_only
-3978555269976453746.png,raw_metadata_only
-3980050402404010638.png,raw_metadata_only
-3982407291216078553.png,raw_metadata_only
-3990642793987097323.png,raw_metadata_only
-3991015554926330029.png,raw_metadata_only
-3991414355049708436.png,raw_metadata_only
-3991493356172536728.png,raw_metadata_only
-3992059880424838569.png,raw_metadata_only
-3993352712745808965.png,raw_metadata_only
-3995278267170337656.png,raw_metadata_only
-3998348922889802198.png,raw_metadata_only
-4001416282541555268.png,raw_metadata_only
-4007069428364460807.png,raw_metadata_only
-4011625905807263411.png,raw_metadata_only
-4016417847531780967.png,raw_metadata_only
-4016718211512964172.png,raw_metadata_only
-4024400584421966811.png,raw_metadata_only
-4033831762524212089.png,raw_metadata_only
-4033855397106924227.png,raw_metadata_only
-4035777372031815630.png,raw_metadata_only
-403908759849177028.png,raw_metadata_only
-4045580211265582605.png,raw_metadata_only
-4045751777969390908.png,raw_metadata_only
-4048302593057484818.png,raw_metadata_only
-4052105444595907267.png,raw_metadata_only
-405278788109911439.png,raw_metadata_only
-4055387610466540879.png,raw_metadata_only
-4058321361264159587.png,raw_metadata_only
-4058441232255384760.png,raw_metadata_only
-4059514673301037066.png,raw_metadata_only
-4061252588174437383.png,raw_metadata_only
-4062654105923939709.png,raw_metadata_only
-4062980895108912619.png,raw_metadata_only
-4063691165508769170.png,raw_metadata_only
-4063869466374569609.png,raw_metadata_only
-4063942529777927310.png,raw_metadata_only
-4063990915557730380.png,raw_metadata_only
-4064740233229781309.png,raw_metadata_only
-4065045711599621067.png,raw_metadata_only
-4066123629157567317.png,raw_metadata_only
-4067983785341422243.png,raw_metadata_only
-4068237074696938730.png,raw_metadata_only
-4071587737632622970.png,raw_metadata_only
-407217371461491400.png,raw_metadata_only
-4072175791520801801.png,raw_metadata_only
-4073226241877822619.png,raw_metadata_only
-4075546209736040297.png,raw_metadata_only
-4075936252847654230.png,raw_metadata_only
-4076653339009685079.png,raw_metadata_only
-4076759991509022075.png,raw_metadata_only
-4077137085344675538.png,raw_metadata_only
-4079711551504724993.png,raw_metadata_only
-4079711792084636452.png,raw_metadata_only
-4084716385777176651.png,raw_metadata_only
-4085024289406381941.png,raw_metadata_only
-4094520090641491091.png,raw_metadata_only
-4105744748742844378.png,raw_metadata_only
-4109316757849975397.png,raw_metadata_only
-4110428725792751409.png,raw_metadata_only
-4111964840562354572.png,raw_metadata_only
-4115706206477467822.png,raw_metadata_only
-412130156451938652.png,raw_metadata_only
-4124297927025288918.png,raw_metadata_only
-4126715263123745816.png,raw_metadata_only
-4128860932554217280.png,raw_metadata_only
-4131764627078782571.png,raw_metadata_only
-4132227340560851084.png,raw_metadata_only
-4132805793768407064.png,raw_metadata_only
-4133795263010352091.png,raw_metadata_only
-4135812041672173042.png,raw_metadata_only
-4137399548695938060.png,raw_metadata_only
-4138807821440436111.png,raw_metadata_only
-4140396915074871142.png,raw_metadata_only
-4140668389295807345.png,raw_metadata_only
-4143152815506638812.png,raw_metadata_only
-4143165326770406412.png,raw_metadata_only
-4143900571282915588.png,raw_metadata_only
-4146328673349177641.png,raw_metadata_only
-4147191196935050392.png,raw_metadata_only
-4150273984577998026.png,raw_metadata_only
-4153911047992204094.png,raw_metadata_only
-4161674729455578335.png,raw_metadata_only
-4168383140159495795.png,raw_metadata_only
-4169214061265937877.png,raw_metadata_only
-4169617734097318120.png,raw_metadata_only
-4170000842289708546.png,raw_metadata_only
-4170655376705152282.png,raw_metadata_only
-4173743998915319637.png,raw_metadata_only
-4174324214863726580.png,raw_metadata_only
-4174491605367355580.png,raw_metadata_only
-4175622485500683389.png,raw_metadata_only
-4175734717743547142.png,raw_metadata_only
-4178417368623761390.png,raw_metadata_only
-4178576103488697378.png,raw_metadata_only
-4179461446017695110.png,raw_metadata_only
-4181951055245100768.png,raw_metadata_only
-4185942806360536636.png,raw_metadata_only
-4188490081234160303.png,raw_metadata_only
-4188986110946440932.png,raw_metadata_only
-4192045009712257379.png,raw_metadata_only
-4198059543114772260.png,raw_metadata_only
-4200770385496525589.png,raw_metadata_only
-4203166728954341030.png,raw_metadata_only
-4203353335597902363.png,raw_metadata_only
-4204591472098714424.png,raw_metadata_only
-4208108528220391491.png,raw_metadata_only
-420948865655293968.png,raw_metadata_only
-4210220371171144108.png,raw_metadata_only
-421028565783039722.png,raw_metadata_only
-4220305633121477392.png,raw_metadata_only
-4222259178059662139.png,raw_metadata_only
-4231260104443768581.png,raw_metadata_only
-4232163168478792914.png,raw_metadata_only
-423341253694353708.png,raw_metadata_only
-4234337738912067915.png,raw_metadata_only
-4238387650372285498.png,raw_metadata_only
-4240088649031254729.png,raw_metadata_only
-4241535286820130818.png,raw_metadata_only
-4241920756193111728.png,raw_metadata_only
-4245630455553140845.png,raw_metadata_only
-4246056758123609265.png,raw_metadata_only
-4254683048783299676.png,raw_metadata_only
-4259316532864426030.png,raw_metadata_only
-4260328115102292463.png,raw_metadata_only
-4269285436456284452.png,raw_metadata_only
-4271531030985247738.png,raw_metadata_only
-4275846183994502651.png,raw_metadata_only
-4279274202478057784.png,raw_metadata_only
-4280736060911585002.png,raw_metadata_only
-4285748589579461808.png,raw_metadata_only
-4293618959246650692.png,raw_metadata_only
-4299506275272899164.png,raw_metadata_only
-4300492520445164311.png,raw_metadata_only
-4301458951206903212.png,raw_metadata_only
-4303642624887385011.png,raw_metadata_only
-4305787144333392514.png,raw_metadata_only
-4307198384692590475.png,raw_metadata_only
-4307953012069447594.png,raw_metadata_only
-4308398826912860778.png,raw_metadata_only
-4310457434092779564.png,raw_metadata_only
-4311219496679279746.png,raw_metadata_only
-4312793481061974771.png,raw_metadata_only
-4313679202199817035.png,raw_metadata_only
-4318882753229196869.png,raw_metadata_only
-4320222215780420300.png,raw_metadata_only
-4320229049572975490.png,raw_metadata_only
-4323371309558250000.png,raw_metadata_only
-4326130421449299205.png,raw_metadata_only
-4332770252096091973.png,raw_metadata_only
-4335509512864210611.png,raw_metadata_only
-4337363021719673394.png,raw_metadata_only
-43391879386510500.png,raw_metadata_only
-4343668055191463538.png,raw_metadata_only
-4344189507205518680.png,raw_metadata_only
-434634156647827800.png,raw_metadata_only
-4350785058303591747.png,raw_metadata_only
-4353494729755648974.png,raw_metadata_only
-4355995446795746396.png,raw_metadata_only
-4359623154793798243.png,raw_metadata_only
-4362444204696526029.png,raw_metadata_only
-4364923944338290483.png,raw_metadata_only
-4371602780499502428.png,raw_metadata_only
-4373106389490445020.png,raw_metadata_only
-437573124682800277.png,raw_metadata_only
-4387878168031721243.png,raw_metadata_only
-4389817769984911979.png,raw_metadata_only
-4390482382607634718.png,raw_metadata_only
-4390799833296058858.png,raw_metadata_only
-4393279814465205593.png,raw_metadata_only
-4393613879853868010.png,raw_metadata_only
-4394905384231255594.png,raw_metadata_only
-4395003336872160138.png,raw_metadata_only
-4395787519677806545.png,raw_metadata_only
-4399768192923441120.png,raw_metadata_only
-4401416371357873576.png,raw_metadata_only
-4410526146148453614.png,raw_metadata_only
-4411279915061191754.png,raw_metadata_only
-4412549015496284701.png,raw_metadata_only
-4413029522705591384.png,raw_metadata_only
-4413039030545372453.png,raw_metadata_only
-4413132495828175743.png,raw_metadata_only
-4419791713135556186.png,raw_metadata_only
-4424350057616392817.png,raw_metadata_only
-4425050378320482347.png,raw_metadata_only
-4428054466962845205.png,raw_metadata_only
-4428844348065391195.png,raw_metadata_only
-4431153224548894255.png,raw_metadata_only
-4431840512729969849.png,raw_metadata_only
-4432550484283740533.png,raw_metadata_only
-4436757518067471556.png,raw_metadata_only
-4438499945662488684.png,raw_metadata_only
-4439225407841990911.png,raw_metadata_only
-4444513490209839329.png,raw_metadata_only
-4444671819244130593.png,raw_metadata_only
-4445614099443308910.png,raw_metadata_only
-4447495762201283458.png,raw_metadata_only
-4447666862151169601.png,raw_metadata_only
-4449187867148856065.png,raw_metadata_only
-4449828668133998854.png,raw_metadata_only
-4451978821374422197.png,raw_metadata_only
-445431345310956881.png,raw_metadata_only
-4456713706047317376.png,raw_metadata_only
-4457305195243861591.png,raw_metadata_only
-4460488039569893479.png,raw_metadata_only
-446114786730635224.png,raw_metadata_only
-4461423382208893454.png,raw_metadata_only
-4461478376975366600.png,raw_metadata_only
-4461507388670625195.png,raw_metadata_only
-446206036030978724.png,raw_metadata_only
-4464072633492818446.png,raw_metadata_only
-4464571483373494367.png,raw_metadata_only
-4465867358413006305.png,raw_metadata_only
-4467578038162525293.png,raw_metadata_only
-4467881850932732964.png,raw_metadata_only
-4468055572473138686.png,raw_metadata_only
-4470550569257051807.png,raw_metadata_only
-4470834728079529874.png,raw_metadata_only
-4473136867418831546.png,raw_metadata_only
-4474737344378911992.png,raw_metadata_only
-4476732323363532196.png,raw_metadata_only
-4482375829013628655.png,raw_metadata_only
-4483786918718030260.png,raw_metadata_only
-4483995789678112824.png,raw_metadata_only
-4484545247337101398.png,raw_metadata_only
-4491987278543705187.png,raw_metadata_only
-4496469068484871833.png,raw_metadata_only
-4497523746660193169.png,raw_metadata_only
-4499222198141726192.png,raw_metadata_only
-4499719704697353995.png,raw_metadata_only
-4500877551601869191.png,raw_metadata_only
-4501658762565877340.png,raw_metadata_only
-4503041953801200054.png,raw_metadata_only
-4506504294500997900.png,raw_metadata_only
-4509499095198279458.png,raw_metadata_only
-4510042175587375634.png,raw_metadata_only
-4510716316709881959.png,raw_metadata_only
-4511716230879279746.png,raw_metadata_only
-4512496979034259956.png,raw_metadata_only
-4513712309826648872.png,raw_metadata_only
-4517637959608198403.png,raw_metadata_only
-4521925482868333629.png,raw_metadata_only
-4522827291736783511.png,raw_metadata_only
-4523109121135041546.png,raw_metadata_only
-4526971075994948148.png,raw_metadata_only
-4529156030330974773.png,raw_metadata_only
-4532135845076551707.png,raw_metadata_only
-453218713905842081.png,raw_metadata_only
-4532887949010625524.png,raw_metadata_only
-4534168565376765828.png,raw_metadata_only
-453548426717379207.png,raw_metadata_only
-4535815009718101199.png,raw_metadata_only
-4537027697432010154.png,raw_metadata_only
-4541784369898826447.png,raw_metadata_only
-4542933781808382311.png,raw_metadata_only
-4544927576773690262.png,raw_metadata_only
-4545384043516507025.png,raw_metadata_only
-4548551644236086193.png,raw_metadata_only
-454976303503844455.png,raw_metadata_only
-4549924697253407205.png,raw_metadata_only
-4561420992326988947.png,raw_metadata_only
-456562405232763880.png,raw_metadata_only
-4567055625026121193.png,raw_metadata_only
-4571724128049536546.png,raw_metadata_only
-4572694283367066772.png,raw_metadata_only
-4577474666616242410.png,raw_metadata_only
-4580373974243004851.png,raw_metadata_only
-4583653555832365127.png,raw_metadata_only
-4584461409893583881.png,raw_metadata_only
-4586747727078457620.png,raw_metadata_only
-4591594476165631093.png,raw_metadata_only
-4593817128438983108.png,raw_metadata_only
-4594146922478905679.png,raw_metadata_only
-4594463429338096313.png,raw_metadata_only
-4594637300045488838.png,raw_metadata_only
-4596787619832414799.png,raw_metadata_only
-4600681536298356993.png,raw_metadata_only
-4603020343750962354.png,raw_metadata_only
-4603636063760370118.png,raw_metadata_only
-4604095401440184224.png,raw_metadata_only
-461109342342893159.png,raw_metadata_only
-4611372327248458293.png,raw_metadata_only
-4612250445427350281.png,raw_metadata_only
-46151165116278289.png,raw_metadata_only
-4616753435096520897.png,raw_metadata_only
-4618956613651418410.png,raw_metadata_only
-4619641735748658493.png,raw_metadata_only
-462237570782945045.png,raw_metadata_only
-4623826918889678292.png,raw_metadata_only
-4626079373925179355.png,raw_metadata_only
-4630971481135273365.png,raw_metadata_only
-4632019536104565806.png,raw_metadata_only
-4633922104605272438.png,raw_metadata_only
-4635752284842277070.png,raw_metadata_only
-4637314002420495096.png,raw_metadata_only
-4639546377033199002.png,raw_metadata_only
-4640880077120320715.png,raw_metadata_only
-4643875250255864135.png,raw_metadata_only
-4649063046758807338.png,raw_metadata_only
-4651329396355727712.png,raw_metadata_only
-4652669248078342739.png,raw_metadata_only
-4652818442712729811.png,raw_metadata_only
-4660623988368286467.png,raw_metadata_only
-4660809346441849874.png,raw_metadata_only
-4663997767221109010.png,raw_metadata_only
-466756396412416200.png,raw_metadata_only
-4668887694202414367.png,raw_metadata_only
-4668888066994849537.png,raw_metadata_only
-4670402139887595528.png,raw_metadata_only
-4675878778187224533.png,raw_metadata_only
-4686802667477591235.png,raw_metadata_only
-4687895683354412584.png,raw_metadata_only
-468935795515908853.png,raw_metadata_only
-4689957996159381961.png,raw_metadata_only
-4693616251061198273.png,raw_metadata_only
-4694454126883541433.png,raw_metadata_only
-4696193068940781642.png,raw_metadata_only
-4704395881243917277.png,raw_metadata_only
-4708708668469568522.png,raw_metadata_only
-4714341773131742889.png,raw_metadata_only
-4716936240491422448.png,raw_metadata_only
-4722532387713306745.png,raw_metadata_only
-4723634841049886674.png,raw_metadata_only
-4729375199079023004.png,raw_metadata_only
-4729391210454558330.png,raw_metadata_only
-4741432398021210735.png,raw_metadata_only
-4742989259054484128.png,raw_metadata_only
-4745490554832973962.png,raw_metadata_only
-474556420413495450.png,raw_metadata_only
-4746507709009572999.png,raw_metadata_only
-4747365827434888456.png,raw_metadata_only
-4747429059061691962.png,raw_metadata_only
-4748757658895953163.png,raw_metadata_only
-4750113866000506483.png,raw_metadata_only
-4754525280611243155.png,raw_metadata_only
-4756449875085590924.png,raw_metadata_only
-4759444788792838587.png,raw_metadata_only
-4764318591436160244.png,raw_metadata_only
-4765187259227023973.png,raw_metadata_only
-4772826539396708402.png,raw_metadata_only
-4776585734244061924.png,raw_metadata_only
-4783650687622901919.png,raw_metadata_only
-4784154530386898261.png,raw_metadata_only
-4792467579669366471.png,raw_metadata_only
-4792749204697211827.png,raw_metadata_only
-4794579181098448177.png,raw_metadata_only
-4798455247921808934.png,raw_metadata_only
-4800105124728405942.png,raw_metadata_only
-480222851753917557.png,raw_metadata_only
-4802494065106415683.png,raw_metadata_only
-4804216493172711754.png,raw_metadata_only
-4806271225127517720.png,raw_metadata_only
-4812223147731711941.png,raw_metadata_only
-4813138192071438695.png,raw_metadata_only
-4823549522439308132.png,raw_metadata_only
-4826061808015698728.png,raw_metadata_only
-4827122275235744429.png,raw_metadata_only
-4828729575393451558.png,raw_metadata_only
-4830386635023594634.png,raw_metadata_only
-4830806586256203416.png,raw_metadata_only
-4832293375057396679.png,raw_metadata_only
-4838949718224148622.png,raw_metadata_only
-4839770395467312417.png,raw_metadata_only
-4842424052008794199.png,raw_metadata_only
-4843426365092047899.png,raw_metadata_only
-4844217374961134554.png,raw_metadata_only
-4847220840472440981.png,raw_metadata_only
-4847644363405995542.png,raw_metadata_only
-4852970400573238570.png,raw_metadata_only
-4856150066452561717.png,raw_metadata_only
-4861580984570611969.png,raw_metadata_only
-48625569940490504.png,raw_metadata_only
-4863374222129923637.png,raw_metadata_only
-4865680965471722531.png,raw_metadata_only
-4866009488427684643.png,raw_metadata_only
-4866206385258043774.png,raw_metadata_only
-4867306313506229011.png,raw_metadata_only
-487619432479533708.png,raw_metadata_only
-4878805747443599987.png,raw_metadata_only
-4879437868246413973.png,raw_metadata_only
-4879722533451637363.png,raw_metadata_only
-4883011678109027516.png,raw_metadata_only
-4883252151958637737.png,raw_metadata_only
-4887126079381584338.png,raw_metadata_only
-4893312442758095455.png,raw_metadata_only
-489511142245721281.png,raw_metadata_only
-4898707077089802411.png,raw_metadata_only
-489883635589228350.png,raw_metadata_only
-4900531927108385279.png,raw_metadata_only
-4902766108751604302.png,raw_metadata_only
-4903355290805756587.png,raw_metadata_only
-4905299122173858066.png,raw_metadata_only
-4906752858492585178.png,raw_metadata_only
-4913051845180875350.png,raw_metadata_only
-491340820984288880.png,raw_metadata_only
-4916269943418679358.png,raw_metadata_only
-4917002223464108590.png,raw_metadata_only
-4922007870089187294.png,raw_metadata_only
-4926134546599682921.png,raw_metadata_only
-4927379852426084159.png,raw_metadata_only
-4930359571729029763.png,raw_metadata_only
-4931326357277832739.png,raw_metadata_only
-4932632843646967454.png,raw_metadata_only
-4937564090570913312.png,raw_metadata_only
-4937708744703119052.png,raw_metadata_only
-494008788293981349.png,raw_metadata_only
-4948308329638483190.png,raw_metadata_only
-4949100134151411607.png,raw_metadata_only
-4949631645931090389.png,raw_metadata_only
-4949999685137541063.png,raw_metadata_only
-4951105397752090090.png,raw_metadata_only
-4951636702149215518.png,raw_metadata_only
-4953704703446694699.png,raw_metadata_only
-4955284280836873869.png,raw_metadata_only
-4960259067258112365.png,raw_metadata_only
-4966578317836911061.png,raw_metadata_only
-497183478857185909.png,raw_metadata_only
-4973481208020125368.png,raw_metadata_only
-4979698271282765235.png,raw_metadata_only
-4980040582847291851.png,raw_metadata_only
-4982141201108309967.png,raw_metadata_only
-4986256408299251030.png,raw_metadata_only
-4989848506930251929.png,raw_metadata_only
-4990454451647320012.png,raw_metadata_only
-4990509508828259244.png,raw_metadata_only
-4997527440507535408.png,raw_metadata_only
-49978260446088946.png,raw_metadata_only
-4998210872023002557.png,raw_metadata_only
-5004739422042601121.png,raw_metadata_only
-5004835484233857309.png,raw_metadata_only
-5005489811021009225.png,raw_metadata_only
-5011842553178031540.png,raw_metadata_only
-5011982777213870862.png,raw_metadata_only
-5012483715632811843.png,raw_metadata_only
-5012669218182839301.png,raw_metadata_only
-5014049558206819915.png,raw_metadata_only
-5014875360395902914.png,raw_metadata_only
-5024124268061831957.png,raw_metadata_only
-5025741314409216124.png,raw_metadata_only
-5026570001652617553.png,raw_metadata_only
-5027449927739449608.png,raw_metadata_only
-502864113819232196.png,raw_metadata_only
-5028776530917568859.png,raw_metadata_only
-5031305025669543655.png,raw_metadata_only
-5041499135034210553.png,raw_metadata_only
-5042389906153516361.png,raw_metadata_only
-5052635548841705401.png,raw_metadata_only
-5054292477137429973.png,raw_metadata_only
-505444216786952001.png,raw_metadata_only
-5055727004857812425.png,raw_metadata_only
-5060817066283027421.png,raw_metadata_only
-506159417569762918.png,raw_metadata_only
-5072782116075311539.png,raw_metadata_only
-5076990756171032358.png,raw_metadata_only
-5079215425353209980.png,raw_metadata_only
-5081790413284637815.png,raw_metadata_only
-5087291629585618402.png,raw_metadata_only
-5089005137375914548.png,raw_metadata_only
-5095124257167536307.png,raw_metadata_only
-5099753320092140484.png,raw_metadata_only
-5108397352863519360.png,raw_metadata_only
-511711439475364592.png,raw_metadata_only
-5117119409749183026.png,raw_metadata_only
-5117876359716927820.png,raw_metadata_only
-5120146892573075051.png,raw_metadata_only
-5121138875650098696.png,raw_metadata_only
-512380082663590190.png,raw_metadata_only
-5125507063415298841.png,raw_metadata_only
-5128272363659154502.png,raw_metadata_only
-5131260086122156503.png,raw_metadata_only
-5132613010765647189.png,raw_metadata_only
-5134652010955905059.png,raw_metadata_only
-5144121844127369932.png,raw_metadata_only
-5163511963044239396.png,raw_metadata_only
-5165546430563627912.png,raw_metadata_only
-5165710527973358946.png,raw_metadata_only
-5166327022209455745.png,raw_metadata_only
-5173343860642718752.png,raw_metadata_only
-5176476376672786282.png,raw_metadata_only
-518631608410669346.png,raw_metadata_only
-5186550649781875810.png,raw_metadata_only
-51868359540025327.png,raw_metadata_only
-5187702479144462525.png,raw_metadata_only
-5188984778855273312.png,raw_metadata_only
-5189425010076744538.png,raw_metadata_only
-5189709378949177879.png,raw_metadata_only
-5192278484024051580.png,raw_metadata_only
-5194978285495741540.png,raw_metadata_only
-5195598708424329883.png,raw_metadata_only
-5199111892769935121.png,raw_metadata_only
-5199233948115542640.png,raw_metadata_only
-5208574549442903802.png,raw_metadata_only
-5211285236974073155.png,raw_metadata_only
-5215200301986842566.png,raw_metadata_only
-5217820739808378329.png,raw_metadata_only
-5224807371021920841.png,raw_metadata_only
-5225399467864058371.png,raw_metadata_only
-5227105247632243993.png,raw_metadata_only
-5228362336502809630.png,raw_metadata_only
-5231198932010631807.png,raw_metadata_only
-523216315424954540.png,raw_metadata_only
-5232620834055369816.png,raw_metadata_only
-5235101161732341625.png,raw_metadata_only
-5242292235992842450.png,raw_metadata_only
-5242998658722576117.png,raw_metadata_only
-5244651828557464120.png,raw_metadata_only
-5246326306750945854.png,raw_metadata_only
-5246458235640235125.png,raw_metadata_only
-5253332705109386593.png,raw_metadata_only
-5254784907212880033.png,raw_metadata_only
-5259131230821052524.png,raw_metadata_only
-5267733977306402762.png,raw_metadata_only
-5269152727810480598.png,raw_metadata_only
-5269412829971136372.png,raw_metadata_only
-5269544062640143066.png,raw_metadata_only
-5276374493350388214.png,raw_metadata_only
-5276695531059008727.png,raw_metadata_only
-527986437091128184.png,raw_metadata_only
-5283377864158606515.png,raw_metadata_only
-5285766305362811013.png,raw_metadata_only
-5289972690657367047.png,raw_metadata_only
-5292342724870624600.png,raw_metadata_only
-5292542158363347578.png,raw_metadata_only
-5293738844655071089.png,raw_metadata_only
-5294812211330544722.png,raw_metadata_only
-5295071969794829461.png,raw_metadata_only
-530025843163574561.png,raw_metadata_only
-5303561896917410185.png,raw_metadata_only
-5305863478738422292.png,raw_metadata_only
-5309282727047869216.png,raw_metadata_only
-5319341014918187835.png,raw_metadata_only
-532249905180848227.png,raw_metadata_only
-5326168138094732222.png,raw_metadata_only
-5328306192342831621.png,raw_metadata_only
-5329613172791578054.png,raw_metadata_only
-5330038346840974533.png,raw_metadata_only
-5332433645112677578.png,raw_metadata_only
-5340042590609363828.png,raw_metadata_only
-534068148384618209.png,raw_metadata_only
-5345148590873645014.png,raw_metadata_only
-5346562843843425069.png,raw_metadata_only
-5348515522723473753.png,raw_metadata_only
-535405253019946720.png,raw_metadata_only
-5356762524065147845.png,raw_metadata_only
-5359806764878336020.png,raw_metadata_only
-5361566185499497261.png,raw_metadata_only
-5365289974955627141.png,raw_metadata_only
-5369500246183054400.png,raw_metadata_only
-5374486630107526497.png,raw_metadata_only
-5381437075053224274.png,raw_metadata_only
-53819341886614140.png,raw_metadata_only
-5382934828768923856.png,raw_metadata_only
-5384878958015525204.png,raw_metadata_only
-5385363078483571059.png,raw_metadata_only
-5385580277116951236.png,raw_metadata_only
-5386329556400405740.png,raw_metadata_only
-5386802899880549346.png,raw_metadata_only
-5392509949054928551.png,raw_metadata_only
-5398130281634604641.png,raw_metadata_only
-5401589705529824288.png,raw_metadata_only
-5403143056710665697.png,raw_metadata_only
-54099253324652847.png,raw_metadata_only
-5411252831377787366.png,raw_metadata_only
-5415173044390000664.png,raw_metadata_only
-5419222912371015853.png,raw_metadata_only
-5422370102127644809.png,raw_metadata_only
-542757080266055191.png,raw_metadata_only
-5432546180216775741.png,raw_metadata_only
-5434656413169394416.png,raw_metadata_only
-5434904950024507430.png,raw_metadata_only
-5435340621659471534.png,raw_metadata_only
-5436801439030306050.png,raw_metadata_only
-5437464940639220194.png,raw_metadata_only
-5441447915979425216.png,raw_metadata_only
-5448854312697251950.png,raw_metadata_only
-545123013371053147.png,raw_metadata_only
-5453407619315286019.png,raw_metadata_only
-546132474602091249.png,raw_metadata_only
-5463082777905620639.png,raw_metadata_only
-5469190790779848847.png,raw_metadata_only
-5471893525608037495.png,raw_metadata_only
-5472729830970700619.png,raw_metadata_only
-5474062687248490891.png,raw_metadata_only
-5474876144009648222.png,raw_metadata_only
-547620306812772277.png,raw_metadata_only
-5476440465689070298.png,raw_metadata_only
-5476849663808487077.png,raw_metadata_only
-548032764946349939.png,raw_metadata_only
-548313613752522064.png,raw_metadata_only
-5486819123551817803.png,raw_metadata_only
-5486856451839694807.png,raw_metadata_only
-5489423542836820341.png,raw_metadata_only
-5492672367759671247.png,raw_metadata_only
-5495825213831951225.png,raw_metadata_only
-5498956878336797333.png,raw_metadata_only
-5499367720862539363.png,raw_metadata_only
-5503380565052835447.png,raw_metadata_only
-5504585554791553904.png,raw_metadata_only
-5508386604023301145.png,raw_metadata_only
-5509163907473104731.png,raw_metadata_only
-5513259000492963734.png,raw_metadata_only
-5520824663245866922.png,raw_metadata_only
-5521011744040552037.png,raw_metadata_only
-5525012029350019757.png,raw_metadata_only
-5529196323139718658.png,raw_metadata_only
-5531778671568154322.png,raw_metadata_only
-5533122304490232017.png,raw_metadata_only
-5535148894307844780.png,raw_metadata_only
-5538347294791417528.png,raw_metadata_only
-5538879149574463479.png,raw_metadata_only
-5540449924334619942.png,raw_metadata_only
-5544368352932231220.png,raw_metadata_only
-55510406012491821.png,raw_metadata_only
-5553194372546963684.png,raw_metadata_only
-5554114973951303610.png,raw_metadata_only
-555548212421717526.png,raw_metadata_only
-555634290465520614.png,raw_metadata_only
-5559794198444967911.png,raw_metadata_only
-5560217361581663318.png,raw_metadata_only
-5564870202759589991.png,raw_metadata_only
-5565087871169205424.png,raw_metadata_only
-557179002730712326.png,raw_metadata_only
-5576757445780331892.png,raw_metadata_only
-5577968546899812757.png,raw_metadata_only
-5579779424582793118.png,raw_metadata_only
-5581856094760928169.png,raw_metadata_only
-5581919146604400093.png,raw_metadata_only
-558419946250026054.png,raw_metadata_only
-5585694356558553861.png,raw_metadata_only
-5587762910680104171.png,raw_metadata_only
-5591843675012350470.png,raw_metadata_only
-5601345064512209387.png,raw_metadata_only
-5602132154858494455.png,raw_metadata_only
-5605676816110309090.png,raw_metadata_only
-5606941943113271549.png,raw_metadata_only
-5607893322162480323.png,raw_metadata_only
-5610899163844874899.png,raw_metadata_only
-5611615930522319766.png,raw_metadata_only
-5612326148028851701.png,raw_metadata_only
-5612383330650239036.png,raw_metadata_only
-5618424440001842615.png,raw_metadata_only
-5620151857030818891.png,raw_metadata_only
-5621272172269787270.png,raw_metadata_only
-5621915217408586972.png,raw_metadata_only
-562221495953267393.png,raw_metadata_only
-5624589265870516096.png,raw_metadata_only
-5626777908792328984.png,raw_metadata_only
-5627415538111651837.png,raw_metadata_only
-5628845147796714125.png,raw_metadata_only
-5630704089937919902.png,raw_metadata_only
-5630978543663040308.png,raw_metadata_only
-5631783721569270716.png,raw_metadata_only
-56336051788172035.png,raw_metadata_only
-5634352531389871116.png,raw_metadata_only
-5636373395601668173.png,raw_metadata_only
-5639608767732595608.png,raw_metadata_only
-564041309415525708.png,raw_metadata_only
-5641816789447349255.png,raw_metadata_only
-5642500471330843878.png,raw_metadata_only
-5644018879148244648.png,raw_metadata_only
-5644523250052692589.png,raw_metadata_only
-5648223191373835461.png,raw_metadata_only
-5652850945726673406.png,raw_metadata_only
-565342249139264896.png,raw_metadata_only
-5655839177053132368.png,raw_metadata_only
-5655969196519703975.png,raw_metadata_only
-5657750343191195674.png,raw_metadata_only
-5661402197076572796.png,raw_metadata_only
-5665949552425967322.png,raw_metadata_only
-5666047124632357223.png,raw_metadata_only
-5669089898008966381.png,raw_metadata_only
-5671090707772817688.png,raw_metadata_only
-5673849246897071629.png,raw_metadata_only
-5674359905815162158.png,raw_metadata_only
-5674841144941000124.png,raw_metadata_only
-567538328757763516.png,raw_metadata_only
-5676015975336249840.png,raw_metadata_only
-567703107221653655.png,raw_metadata_only
-5678589297578930642.png,raw_metadata_only
-5679697758589047845.png,raw_metadata_only
-5680710046531899667.png,raw_metadata_only
-5680775581570587492.png,raw_metadata_only
-5689522526264773563.png,raw_metadata_only
-5694510611074859130.png,raw_metadata_only
-5695203252676201910.png,raw_metadata_only
-5695938389232193781.png,raw_metadata_only
-5696085278156883023.png,raw_metadata_only
-570112946303084205.png,raw_metadata_only
-5706522924086051674.png,raw_metadata_only
-5706822266042463928.png,raw_metadata_only
-5709327839940889607.png,raw_metadata_only
-5709533405243164188.png,raw_metadata_only
-5712503816440972132.png,raw_metadata_only
-5713469015956815316.png,raw_metadata_only
-5713800126022733320.png,raw_metadata_only
-5719099390090863829.png,raw_metadata_only
-5721903049524431787.png,raw_metadata_only
-5726006175413370933.png,raw_metadata_only
-5727892234399192226.png,raw_metadata_only
-5729742698662869643.png,raw_metadata_only
-5739874987360699327.png,raw_metadata_only
-5741173287805365711.png,raw_metadata_only
-5742541939278076455.png,raw_metadata_only
-5742651126314831459.png,raw_metadata_only
-5745242661905185049.png,raw_metadata_only
-5749457680022993625.png,raw_metadata_only
-5750619068341432048.png,raw_metadata_only
-5755250444190490946.png,raw_metadata_only
-5760737638341676163.png,raw_metadata_only
-5761650559352394553.png,raw_metadata_only
-5762849740284333775.png,raw_metadata_only
-57638369826405659.png,raw_metadata_only
-5764637704090046026.png,raw_metadata_only
-5765157186832769565.png,raw_metadata_only
-5776692983345925097.png,raw_metadata_only
-5780687556424937672.png,raw_metadata_only
-5780992609494731818.png,raw_metadata_only
-578214248803644294.png,raw_metadata_only
-578548808119645826.png,raw_metadata_only
-5790489285759154130.png,raw_metadata_only
-5790656006313690222.png,raw_metadata_only
-5794472652178174754.png,raw_metadata_only
-5794696489439406979.png,raw_metadata_only
-5796593810251526598.png,raw_metadata_only
-5797636620475242441.png,raw_metadata_only
-5798559280674278283.png,raw_metadata_only
-5804206532243220020.png,raw_metadata_only
-5804381887433816343.png,raw_metadata_only
-5807266381911264132.png,raw_metadata_only
-5807539742189601669.png,raw_metadata_only
-5807724067833589991.png,raw_metadata_only
-5807825109361471758.png,raw_metadata_only
-5808071700957279604.png,raw_metadata_only
-5809882132309354915.png,raw_metadata_only
-5816407831805311099.png,raw_metadata_only
-5817067263477496644.png,raw_metadata_only
-5817078376032596655.png,raw_metadata_only
-5818348558016562566.png,raw_metadata_only
-5819370851064882925.png,raw_metadata_only
-5825923352662531273.png,raw_metadata_only
-5829014514852281006.png,raw_metadata_only
-583530183249298444.png,raw_metadata_only
-5835436599715751308.png,raw_metadata_only
-5839462815548837640.png,raw_metadata_only
-5839769345333641755.png,raw_metadata_only
-5841587333583319507.png,raw_metadata_only
-5844628081699285197.png,raw_metadata_only
-5845128085834186917.png,raw_metadata_only
-5860674970014767029.png,raw_metadata_only
-5864269488780342809.png,raw_metadata_only
-586485747983425897.png,raw_metadata_only
-5867014863688701553.png,raw_metadata_only
-5867427571488138196.png,raw_metadata_only
-5868599135076421616.png,raw_metadata_only
-5870402586587027496.png,raw_metadata_only
-5871018247836890255.png,raw_metadata_only
-5871711423933054723.png,raw_metadata_only
-5873290655395701975.png,raw_metadata_only
-5874347023748825936.png,raw_metadata_only
-5874747075838176517.png,raw_metadata_only
-587499434771640236.png,raw_metadata_only
-5877528973360474863.png,raw_metadata_only
-5878699041068064409.png,raw_metadata_only
-5880192556374356991.png,raw_metadata_only
-5883445432874201996.png,raw_metadata_only
-5883611042179958210.png,raw_metadata_only
-5889560222424234889.png,raw_metadata_only
-5890764715398722991.png,raw_metadata_only
-5896619613088824953.png,raw_metadata_only
-5899215175530827021.png,raw_metadata_only
-5902521648651774394.png,raw_metadata_only
-5906437713702122665.png,raw_metadata_only
-5907408477050604604.png,raw_metadata_only
-5909904034038655636.png,raw_metadata_only
-5911088128282031012.png,raw_metadata_only
-5917546460256296358.png,raw_metadata_only
-5923881436433625108.png,raw_metadata_only
-5935290865920125972.png,raw_metadata_only
-5937191907707911595.png,raw_metadata_only
-5943048675214705448.png,raw_metadata_only
-5943406943503412804.png,raw_metadata_only
-5943967782420648429.png,raw_metadata_only
-5945708861617601248.png,raw_metadata_only
-5945889357765410205.png,raw_metadata_only
-5948333743287295161.png,raw_metadata_only
-5948592183169529123.png,raw_metadata_only
-5949315841433628424.png,raw_metadata_only
-5950389991958974652.png,raw_metadata_only
-5950817590018927084.png,raw_metadata_only
-5952865884260557637.png,raw_metadata_only
-5954489737002461585.png,raw_metadata_only
-5957064536506568251.png,raw_metadata_only
-5957816033565973486.png,raw_metadata_only
-5969510922365783502.png,raw_metadata_only
-5970647218240082058.png,raw_metadata_only
-5972768625947304714.png,raw_metadata_only
-5977196257144880158.png,raw_metadata_only
-5977928568399151918.png,raw_metadata_only
-5990098082947665723.png,raw_metadata_only
-59907778138826579.png,raw_metadata_only
-5996454813643416000.png,raw_metadata_only
-5998002369685042996.png,raw_metadata_only
-6000776533520786839.png,raw_metadata_only
-6005982619814812054.png,raw_metadata_only
-6009971089093999930.png,raw_metadata_only
-6013523558290076263.png,raw_metadata_only
-6016219905606214838.png,raw_metadata_only
-6016382419044757412.png,raw_metadata_only
-60191807411945794.png,raw_metadata_only
-6022672812683401011.png,raw_metadata_only
-6025249461597019802.png,raw_metadata_only
-6031747766482800142.png,raw_metadata_only
-6038785440501793558.png,raw_metadata_only
-6038996702333220287.png,raw_metadata_only
-6040550354738038711.png,raw_metadata_only
-6041836295425665618.png,raw_metadata_only
-604283315242765598.png,raw_metadata_only
-6046287521375606598.png,raw_metadata_only
-6047115356429113684.png,raw_metadata_only
-6047182392320986567.png,raw_metadata_only
-6048961054497539954.png,raw_metadata_only
-6049421475884358285.png,raw_metadata_only
-6049752754264644378.png,raw_metadata_only
-6050634240540363674.png,raw_metadata_only
-6050720015754485300.png,raw_metadata_only
-6051243062560795476.png,raw_metadata_only
-6051956756290213391.png,raw_metadata_only
-6052397548805537740.png,raw_metadata_only
-605477224501942238.png,raw_metadata_only
-6056766218809084116.png,raw_metadata_only
-6062430344900061391.png,raw_metadata_only
-6066211633821714623.png,raw_metadata_only
-6066523250622470807.png,raw_metadata_only
-6072775268057522072.png,raw_metadata_only
-6073636259843624409.png,raw_metadata_only
-6079337699558496613.png,raw_metadata_only
-6079581269680911374.png,raw_metadata_only
-6081685479450016322.png,raw_metadata_only
-6088737945283512671.png,raw_metadata_only
-6089648205761485584.png,raw_metadata_only
-609315900083458950.png,raw_metadata_only
-6094266068668973431.png,raw_metadata_only
-6098892591148922500.png,raw_metadata_only
-6112700142679995455.png,raw_metadata_only
-611382513911939378.png,raw_metadata_only
-6116509589837166322.png,raw_metadata_only
-6118139071585597359.png,raw_metadata_only
-6125741516004773114.png,raw_metadata_only
-6128752582387818340.png,raw_metadata_only
-6130937840317318048.png,raw_metadata_only
-6132225228360343843.png,raw_metadata_only
-613865508334046751.png,raw_metadata_only
-6140702918600187341.png,raw_metadata_only
-6144334213908133801.png,raw_metadata_only
-6147839378922500645.png,raw_metadata_only
-6149860245882279995.png,raw_metadata_only
-6151406916714802757.png,raw_metadata_only
-6158102418465391225.png,raw_metadata_only
-6161287105747370442.png,raw_metadata_only
-6164480266367900399.png,raw_metadata_only
-6164738387761325907.png,raw_metadata_only
-6167069990569345654.png,raw_metadata_only
-6167087233967336539.png,raw_metadata_only
-6167347811458674963.png,raw_metadata_only
-6176512643852086349.png,raw_metadata_only
-617765021333018481.png,raw_metadata_only
-6178106240869215631.png,raw_metadata_only
-617861682689052227.png,raw_metadata_only
-6182253468156599196.png,raw_metadata_only
-618317689357141248.png,raw_metadata_only
-619209901050286350.png,raw_metadata_only
-6193421263513585372.png,raw_metadata_only
-6198967189233641907.png,raw_metadata_only
-6199301240943705402.png,raw_metadata_only
-6199778995948821319.png,raw_metadata_only
-6200797631526442910.png,raw_metadata_only
-6202938230994731909.png,raw_metadata_only
-6205304523937843609.png,raw_metadata_only
-6209682879713280169.png,raw_metadata_only
-6210468418251952437.png,raw_metadata_only
-6212718303490379961.png,raw_metadata_only
-6217581331556066531.png,raw_metadata_only
-621787522718545414.png,raw_metadata_only
-6217970273755448727.png,raw_metadata_only
-6220145266048034162.png,raw_metadata_only
-6221411430555169885.png,raw_metadata_only
-622403945352043847.png,raw_metadata_only
-6224256613653339899.png,raw_metadata_only
-6224550216172220333.png,raw_metadata_only
-6229655993797699310.png,raw_metadata_only
-6230319788831218917.png,raw_metadata_only
-6231318919614323835.png,raw_metadata_only
-6233451743223829948.png,raw_metadata_only
-6235818607604693207.png,raw_metadata_only
-6236285929813737860.png,raw_metadata_only
-6237655773155353470.png,raw_metadata_only
-6241322428464148939.png,raw_metadata_only
-6241573689775323734.png,raw_metadata_only
-6242158112232873458.png,raw_metadata_only
-6246785189053882526.png,raw_metadata_only
-6248365091592149071.png,raw_metadata_only
-6250330920756758827.png,raw_metadata_only
-6250874953607101285.png,raw_metadata_only
-6251898218287982790.png,raw_metadata_only
-6255744160112607263.png,raw_metadata_only
-6258537029685457695.png,raw_metadata_only
-626125853021405088.png,raw_metadata_only
-6264468090527993860.png,raw_metadata_only
-6264859610176037628.png,raw_metadata_only
-6265087312709015032.png,raw_metadata_only
-6267939346252962600.png,raw_metadata_only
-6268140329429011572.png,raw_metadata_only
-6272108417182441416.png,raw_metadata_only
-6272622758543049123.png,raw_metadata_only
-6272728721081099136.png,raw_metadata_only
-6273982034263898447.png,raw_metadata_only
-6277539418539057231.png,raw_metadata_only
-6277661587403796000.png,raw_metadata_only
-6278770007527874596.png,raw_metadata_only
-6279339223577410459.png,raw_metadata_only
-6287431433368680836.png,raw_metadata_only
-6288143378958691315.png,raw_metadata_only
-628823707480167694.png,raw_metadata_only
-62887922613281070.png,raw_metadata_only
-6290735296157762317.png,raw_metadata_only
-6291558555789577477.png,raw_metadata_only
-6292477758132177891.png,raw_metadata_only
-6292941954255148760.png,raw_metadata_only
-630095546379044949.png,raw_metadata_only
-6304298542451815793.png,raw_metadata_only
-6304881517389329479.png,raw_metadata_only
-6315226217418810176.png,raw_metadata_only
-6319913982977549394.png,raw_metadata_only
-6320288006568462765.png,raw_metadata_only
-6322725614337329524.png,raw_metadata_only
-6323238823032304667.png,raw_metadata_only
-6323838407357716508.png,raw_metadata_only
-632494631052015096.png,raw_metadata_only
-6326008063809357153.png,raw_metadata_only
-6329014809571232526.png,raw_metadata_only
-6335780634970264982.png,raw_metadata_only
-6337656710037676304.png,raw_metadata_only
-6338967822090572365.png,raw_metadata_only
-6339622761930083276.png,raw_metadata_only
-6340176215388576969.png,raw_metadata_only
-6341643470693260621.png,raw_metadata_only
-6345403425308744339.png,raw_metadata_only
-6345510726872426467.png,raw_metadata_only
-635008992783931051.png,raw_metadata_only
-6354327479661966755.png,raw_metadata_only
-6357664548591335517.png,raw_metadata_only
-6361947793039332051.png,raw_metadata_only
-6362076758068222918.png,raw_metadata_only
-6367185895786840661.png,raw_metadata_only
-6367603705448675214.png,raw_metadata_only
-6368978835421081952.png,raw_metadata_only
-6372493871368086348.png,raw_metadata_only
-637712947229046135.png,raw_metadata_only
-6377951935987013214.png,raw_metadata_only
-6379115042636670990.png,raw_metadata_only
-6382195424766415179.png,raw_metadata_only
-6385477427467728982.png,raw_metadata_only
-6385694177263978881.png,raw_metadata_only
-6386122766347040923.png,raw_metadata_only
-6390996263842066546.png,raw_metadata_only
-639606165454822661.png,raw_metadata_only
-6397185843011730649.png,raw_metadata_only
-6398673021678288452.png,raw_metadata_only
-6400635220228111840.png,raw_metadata_only
-6403523010222453094.png,raw_metadata_only
-6418714442683824910.png,raw_metadata_only
-6418979269415442422.png,raw_metadata_only
-6419297879712059575.png,raw_metadata_only
-6420737363430525625.png,raw_metadata_only
-6420939820104178908.png,raw_metadata_only
-6428338337670992873.png,raw_metadata_only
-6429579706568720044.png,raw_metadata_only
-6430353744552142076.png,raw_metadata_only
-6436194245454878565.png,raw_metadata_only
-6436369839513530626.png,raw_metadata_only
-6437005788368753170.png,raw_metadata_only
-6438545414301250763.png,raw_metadata_only
-6442433656091036814.png,raw_metadata_only
-6443155735333898974.png,raw_metadata_only
-6444413657519105784.png,raw_metadata_only
-6448432614772151892.png,raw_metadata_only
-6460181250064012413.png,raw_metadata_only
-6466232164596706273.png,raw_metadata_only
-6469488692626428589.png,raw_metadata_only
-6474476551545563215.png,raw_metadata_only
-6477035923390132815.png,raw_metadata_only
-6480436132740309151.png,raw_metadata_only
-6481190910788032799.png,raw_metadata_only
-6483367946087900917.png,raw_metadata_only
-6491463453260148008.png,raw_metadata_only
-6492319812438437820.png,raw_metadata_only
-6494163386006481073.png,raw_metadata_only
-6497142125683105669.png,raw_metadata_only
-6499484265229283257.png,raw_metadata_only
-6499702718737490073.png,raw_metadata_only
-6505797755986012831.png,raw_metadata_only
-6506736911034186778.png,raw_metadata_only
-6514128282467648092.png,raw_metadata_only
-6515025756834981364.png,raw_metadata_only
-6516274451847131558.png,raw_metadata_only
-6521585379368660430.png,raw_metadata_only
-6524550383132804530.png,raw_metadata_only
-6526384655012698912.png,raw_metadata_only
-6536751976936179215.png,raw_metadata_only
-6544442737462623993.png,raw_metadata_only
-6547124628053406003.png,raw_metadata_only
-6547459727768908706.png,raw_metadata_only
-655574504452293130.png,raw_metadata_only
-6558661104207266900.png,raw_metadata_only
-6558670504142930422.png,raw_metadata_only
-6561457627112466394.png,raw_metadata_only
-6571534971154426060.png,raw_metadata_only
-6571843460422881664.png,raw_metadata_only
-6580313417741941158.png,raw_metadata_only
-6583827357689255330.png,raw_metadata_only
-6584310364059190958.png,raw_metadata_only
-6585800391212007126.png,raw_metadata_only
-6586392916817155078.png,raw_metadata_only
-6588528119341465165.png,raw_metadata_only
-659062985339668984.png,raw_metadata_only
-6591747249563030381.png,raw_metadata_only
-6599159679406220316.png,raw_metadata_only
-6612835485445789304.png,raw_metadata_only
-6615144315967881105.png,raw_metadata_only
-6618062904712788433.png,raw_metadata_only
-6625597616441902011.png,raw_metadata_only
-6628729530178256447.png,raw_metadata_only
-6628916406562446776.png,raw_metadata_only
-6631837338743072685.png,raw_metadata_only
-6632836184723799353.png,raw_metadata_only
-6634607467212641793.png,raw_metadata_only
-6637063938529970478.png,raw_metadata_only
-6639011118561758907.png,raw_metadata_only
-664285296771668796.png,raw_metadata_only
-6647050650728287843.png,raw_metadata_only
-6650288113043492752.png,raw_metadata_only
-665717550024818901.png,raw_metadata_only
-6660293464730742689.png,raw_metadata_only
-6662186733982448880.png,raw_metadata_only
-6662505251950850558.png,raw_metadata_only
-6664268448049213027.png,raw_metadata_only
-6666106429590380161.png,raw_metadata_only
-6666934346468191078.png,raw_metadata_only
-6673369085311883562.png,raw_metadata_only
-6674319824767519292.png,raw_metadata_only
-6675067109594393324.png,raw_metadata_only
-6675571560924944270.png,raw_metadata_only
-6682133223890928865.png,raw_metadata_only
-6682919596260570481.png,raw_metadata_only
-668639828868127092.png,raw_metadata_only
-6686453624199090164.png,raw_metadata_only
-6687075690335414670.png,raw_metadata_only
-6688790617315613428.png,raw_metadata_only
-6690033616856405703.png,raw_metadata_only
-6690728197086427737.png,raw_metadata_only
-6692268598666415099.png,raw_metadata_only
-6693687142432525522.png,raw_metadata_only
-6693717299617694085.png,raw_metadata_only
-6695638195167105814.png,raw_metadata_only
-669867429080519638.png,raw_metadata_only
-6701195192556380.png,raw_metadata_only
-6701462724830736566.png,raw_metadata_only
-6702754053645085855.png,raw_metadata_only
-6707179809417220928.png,raw_metadata_only
-6707200243712330995.png,raw_metadata_only
-6707785297649513086.png,raw_metadata_only
-6716031113237211513.png,raw_metadata_only
-671812747914036997.png,raw_metadata_only
-6721487321100523261.png,raw_metadata_only
-6723808790287943999.png,raw_metadata_only
-6724092879683591346.png,raw_metadata_only
-67368657028697900.png,raw_metadata_only
-6740364972869274743.png,raw_metadata_only
-6742264805929091146.png,raw_metadata_only
-67479908152680543.png,raw_metadata_only
-6752427542329011768.png,raw_metadata_only
-6754223996189969134.png,raw_metadata_only
-6756969327932125455.png,raw_metadata_only
-6760849338709173764.png,raw_metadata_only
-6762126540918162309.png,raw_metadata_only
-6762776891876442969.png,raw_metadata_only
-6765079339319416166.png,raw_metadata_only
-6767426144988802705.png,raw_metadata_only
-6775442456299151270.png,raw_metadata_only
-6778303774823311502.png,raw_metadata_only
-6783294236047837345.png,raw_metadata_only
-6784024867651020229.png,raw_metadata_only
-678683284564412209.png,raw_metadata_only
-6787309817732245642.png,raw_metadata_only
-6794302539622686927.png,raw_metadata_only
-6804521680768691103.png,raw_metadata_only
-6805315176454991736.png,raw_metadata_only
-6810923840893710642.png,raw_metadata_only
-6812826722344587691.png,raw_metadata_only
-6814081392909537559.png,raw_metadata_only
-6814334483965659064.png,raw_metadata_only
-6815104299099118193.png,raw_metadata_only
-6817367779721765450.png,raw_metadata_only
-6820036121465366872.png,raw_metadata_only
-6820042780606632349.png,raw_metadata_only
-6821109628029629416.png,raw_metadata_only
-6821875351174050947.png,raw_metadata_only
-682542885375206829.png,raw_metadata_only
-6827791346260641510.png,raw_metadata_only
-6827948189190717321.png,raw_metadata_only
-6830077630149032057.png,raw_metadata_only
-6830369554460027488.png,raw_metadata_only
-6831188936842345579.png,raw_metadata_only
-683419639884321070.png,raw_metadata_only
-683645753310790631.png,raw_metadata_only
-6837240536182868524.png,raw_metadata_only
-6838520361613092230.png,raw_metadata_only
-6839319830915874080.png,raw_metadata_only
-6841458933512130710.png,raw_metadata_only
-6842962848074270057.png,raw_metadata_only
-6843967392046779482.png,raw_metadata_only
-6844673583459020552.png,raw_metadata_only
-684806769468273016.png,raw_metadata_only
-6849680649189918184.png,raw_metadata_only
-6850719340439338958.png,raw_metadata_only
-6853981792609375934.png,raw_metadata_only
-6858636482587366586.png,raw_metadata_only
-6858651023645001782.png,raw_metadata_only
-6866549817026329556.png,raw_metadata_only
-6866691862115922588.png,raw_metadata_only
-6868757598459376232.png,raw_metadata_only
-6869963886668373235.png,raw_metadata_only
-6870721753640147697.png,raw_metadata_only
-6871553402512605628.png,raw_metadata_only
-6872266676581885327.png,raw_metadata_only
-6874377976833605221.png,raw_metadata_only
-6874460298236905586.png,raw_metadata_only
-687709163764861757.png,raw_metadata_only
-6878207016460713684.png,raw_metadata_only
-6881306606271270675.png,raw_metadata_only
-6883370563107027349.png,raw_metadata_only
-6885219442640644522.png,raw_metadata_only
-6885248899916011518.png,raw_metadata_only
-6888230200194801567.png,raw_metadata_only
-6892698445976994636.png,raw_metadata_only
-6896162265958450430.png,raw_metadata_only
-6897298279489871391.png,raw_metadata_only
-689924364772205404.png,raw_metadata_only
-6900053252825129963.png,raw_metadata_only
-6901930914770172731.png,raw_metadata_only
-692354311834216036.png,raw_metadata_only
-6928038343805197989.png,raw_metadata_only
-6928977126361530540.png,raw_metadata_only
-6930447757748337143.png,raw_metadata_only
-6934871971348294503.png,raw_metadata_only
-6935660778031340024.png,raw_metadata_only
-6937457566564728491.png,raw_metadata_only
-6937715251715205847.png,raw_metadata_only
-6939170972768859380.png,raw_metadata_only
-6940524178054665725.png,raw_metadata_only
-6943063290476117665.png,raw_metadata_only
-6944350062396805990.png,raw_metadata_only
-6945746802634705697.png,raw_metadata_only
-6946238580062782791.png,raw_metadata_only
-6946851030929794244.png,raw_metadata_only
-6952203225851872037.png,raw_metadata_only
-6952672220960358572.png,raw_metadata_only
-695336455266066642.png,raw_metadata_only
-6956330915182663951.png,raw_metadata_only
-6956409262063576195.png,raw_metadata_only
-6958898424924160515.png,raw_metadata_only
-6960771273137531915.png,raw_metadata_only
-6961658949000181601.png,raw_metadata_only
-6964907603662540394.png,raw_metadata_only
-6968471494926448143.png,raw_metadata_only
-6974580150707059323.png,raw_metadata_only
-6974606759109816662.png,raw_metadata_only
-6976978274685417597.png,raw_metadata_only
-6979261091584192334.png,raw_metadata_only
-698156111777065825.png,raw_metadata_only
-6982210144088943828.png,raw_metadata_only
-6986452598648708913.png,raw_metadata_only
-6993103152083644892.png,raw_metadata_only
-6993236516723014330.png,raw_metadata_only
-6993687234248460887.png,raw_metadata_only
-6996109145525501637.png,raw_metadata_only
-6996952891724745204.png,raw_metadata_only
-7004120159469342766.png,raw_metadata_only
-7005544508869599633.png,raw_metadata_only
-7007004398067269404.png,raw_metadata_only
-7007660496100925179.png,raw_metadata_only
-7011357152878990232.png,raw_metadata_only
-7016622065296047411.png,raw_metadata_only
-7022693914576842858.png,raw_metadata_only
-702455316860893627.png,raw_metadata_only
-7027278204574822624.png,raw_metadata_only
-7029835902955265691.png,raw_metadata_only
-7033999585293708410.png,raw_metadata_only
-7034422526003126246.png,raw_metadata_only
-7036371322992139423.png,raw_metadata_only
-704429352905040386.png,raw_metadata_only
-704548144798955620.png,raw_metadata_only
-7046016048692897595.png,raw_metadata_only
-7047397863342623228.png,raw_metadata_only
-7047983991181484254.png,raw_metadata_only
-7049015325438921007.png,raw_metadata_only
-7051141107863373637.png,raw_metadata_only
-7055418128950003452.png,raw_metadata_only
-7055715688837979632.png,raw_metadata_only
-7055924157329629091.png,raw_metadata_only
-7061038392686336660.png,raw_metadata_only
-7064035362550032444.png,raw_metadata_only
-7064908780069413910.png,raw_metadata_only
-706818645054405925.png,raw_metadata_only
-7068465223533283777.png,raw_metadata_only
-7073378222213813678.png,raw_metadata_only
-708130357070178397.png,raw_metadata_only
-7082030010200940123.png,raw_metadata_only
-7085119796392335486.png,raw_metadata_only
-7087603282060332230.png,raw_metadata_only
-7089744613376135882.png,raw_metadata_only
-7090208409089017745.png,raw_metadata_only
-7093028211250856474.png,raw_metadata_only
-7095480808013941929.png,raw_metadata_only
-7096854719168034024.png,raw_metadata_only
-710101171461854037.png,raw_metadata_only
-7101626970097027638.png,raw_metadata_only
-7108487947733237222.png,raw_metadata_only
-7116812789303448562.png,raw_metadata_only
-7118700159832891191.png,raw_metadata_only
-7119905017760183903.png,raw_metadata_only
-7130155659453498808.png,raw_metadata_only
-7133705571953720192.png,raw_metadata_only
-7134854130582820075.png,raw_metadata_only
-7135055716999173117.png,raw_metadata_only
-7136007275263566295.png,raw_metadata_only
-7141594063372177636.png,raw_metadata_only
-7143061118005313416.png,raw_metadata_only
-7145522751271663250.png,raw_metadata_only
-714675573979587675.png,raw_metadata_only
-7147666990248749019.png,raw_metadata_only
-714863101218107095.png,raw_metadata_only
-7152576219972534173.png,raw_metadata_only
-7153010641181052023.png,raw_metadata_only
-7153045640070148071.png,raw_metadata_only
-7155273641699523450.png,raw_metadata_only
-7162306141325473034.png,raw_metadata_only
-716266622188924441.png,raw_metadata_only
-716719321542494055.png,raw_metadata_only
-7169028275718043618.png,raw_metadata_only
-7169804902942311189.png,raw_metadata_only
-7172356287592486788.png,raw_metadata_only
-7173587239839420659.png,raw_metadata_only
-7177611285739869732.png,raw_metadata_only
-7179944250348052903.png,raw_metadata_only
-718018799230490795.png,raw_metadata_only
-718250222803770960.png,raw_metadata_only
-7182975390941677538.png,raw_metadata_only
-7185417912177919693.png,raw_metadata_only
-718918530222969546.png,raw_metadata_only
-7192454809045045257.png,raw_metadata_only
-7195700219000080752.png,raw_metadata_only
-7196810729684177341.png,raw_metadata_only
-7197570031691513639.png,raw_metadata_only
-7197702636067718462.png,raw_metadata_only
-7205510925564081984.png,raw_metadata_only
-7209296773340789622.png,raw_metadata_only
-7213117744324884514.png,raw_metadata_only
-7213128183448816109.png,raw_metadata_only
-7214679404491313290.png,raw_metadata_only
-72147074333199249.png,raw_metadata_only
-7215255004411306757.png,raw_metadata_only
-721604999644468350.png,raw_metadata_only
-7219597010345065107.png,raw_metadata_only
-722503728208176049.png,raw_metadata_only
-7226535847739472639.png,raw_metadata_only
-7227002666040701015.png,raw_metadata_only
-7228030522436577946.png,raw_metadata_only
-7229615196468236591.png,raw_metadata_only
-7233113771364912447.png,raw_metadata_only
-7235942345617017817.png,raw_metadata_only
-723695575081863565.png,raw_metadata_only
-7237119304068840452.png,raw_metadata_only
-7238329094910714571.png,raw_metadata_only
-7239383274298680355.png,raw_metadata_only
-724292300951106502.png,raw_metadata_only
-72454742289752.png,raw_metadata_only
-7246113435532045809.png,raw_metadata_only
-7247090299015318159.png,raw_metadata_only
-724880412393084270.png,raw_metadata_only
-7250782022368120112.png,raw_metadata_only
-725743600780590874.png,raw_metadata_only
-7257611649301392339.png,raw_metadata_only
-7258112261760353860.png,raw_metadata_only
-7259303394050400172.png,raw_metadata_only
-7262894252601682047.png,raw_metadata_only
-7264099518279915271.png,raw_metadata_only
-7265111381795777722.png,raw_metadata_only
-7266782478114190334.png,raw_metadata_only
-7267847821736455901.png,raw_metadata_only
-7268807677336387720.png,raw_metadata_only
-7269360980548525413.png,raw_metadata_only
-726968358527670035.png,raw_metadata_only
-7271756906300044924.png,raw_metadata_only
-7272565671128802487.png,raw_metadata_only
-7279475898545185304.png,raw_metadata_only
-7284532048087233785.png,raw_metadata_only
-7286384800338207015.png,raw_metadata_only
-7286605439901025202.png,raw_metadata_only
-7290187099405571970.png,raw_metadata_only
-7290536339273016519.png,raw_metadata_only
-7293361764788524743.png,raw_metadata_only
-7297003771889313638.png,raw_metadata_only
-729778047815019786.png,raw_metadata_only
-7299480868819669578.png,raw_metadata_only
-7301069257724433847.png,raw_metadata_only
-7302111413801214907.png,raw_metadata_only
-7307608289633927463.png,raw_metadata_only
-7318495000086335718.png,raw_metadata_only
-7320179087847622634.png,raw_metadata_only
-7320311035922845025.png,raw_metadata_only
-7322467471535042403.png,raw_metadata_only
-7322637117143244853.png,raw_metadata_only
-7327283166906573507.png,raw_metadata_only
-7327494707952851049.png,raw_metadata_only
-7327719726285041195.png,raw_metadata_only
-7328965896866106554.png,raw_metadata_only
-7330385771688128678.png,raw_metadata_only
-733130188745136794.png,raw_metadata_only
-7331921108756463208.png,raw_metadata_only
-7342232757940311338.png,raw_metadata_only
-7343000754918930454.png,raw_metadata_only
-7346676041068902309.png,raw_metadata_only
-734803940501398306.png,raw_metadata_only
-735206336959143544.png,raw_metadata_only
-735590845066086495.png,raw_metadata_only
-7357091932064383953.png,raw_metadata_only
-735751525885379740.png,raw_metadata_only
-7358627726010271489.png,raw_metadata_only
-7361094720853253722.png,raw_metadata_only
-736318402242857321.png,raw_metadata_only
-7364764141791778913.png,raw_metadata_only
-7367793180430710082.png,raw_metadata_only
-736897832503133263.png,raw_metadata_only
-7369092831856445016.png,raw_metadata_only
-737002406762138892.png,raw_metadata_only
-7372120736107844528.png,raw_metadata_only
-7379123563084274195.png,raw_metadata_only
-7379989713508976017.png,raw_metadata_only
-7380450881401563228.png,raw_metadata_only
-7381469960937304261.png,raw_metadata_only
-7392213445776181263.png,raw_metadata_only
-7394410788151709030.png,raw_metadata_only
-7394449639939909454.png,raw_metadata_only
-739761245427487184.png,raw_metadata_only
-7400369179211084541.png,raw_metadata_only
-7400974196346086924.png,raw_metadata_only
-740115670332257385.png,raw_metadata_only
-7403779770808172984.png,raw_metadata_only
-7407410530781569325.png,raw_metadata_only
-740987394656266941.png,raw_metadata_only
-7411720837192491249.png,raw_metadata_only
-7415062704597349569.png,raw_metadata_only
-7417831805656175741.png,raw_metadata_only
-742361493132700542.png,raw_metadata_only
-7423720847152242182.png,raw_metadata_only
-7425317952031638649.png,raw_metadata_only
-7427296545508052434.png,raw_metadata_only
-7428930669100553769.png,raw_metadata_only
-7436779107139916948.png,raw_metadata_only
-7440488722533254464.png,raw_metadata_only
-744540709937657593.png,raw_metadata_only
-744734008986654741.png,raw_metadata_only
-7453123558678154109.png,raw_metadata_only
-7455302269080614532.png,raw_metadata_only
-7456649878652497432.png,raw_metadata_only
-7456805916262825945.png,raw_metadata_only
-7458975393237501654.png,raw_metadata_only
-7461895286563712603.png,raw_metadata_only
-7468256708214595924.png,raw_metadata_only
-7470451817220096651.png,raw_metadata_only
-7470816529545527751.png,raw_metadata_only
-7474702740776653485.png,raw_metadata_only
-7475671769796840296.png,raw_metadata_only
-7477774196570076290.png,raw_metadata_only
-7480033753502387184.png,raw_metadata_only
-7480975812488266764.png,raw_metadata_only
-7481315553313434683.png,raw_metadata_only
-7482692601011104235.png,raw_metadata_only
-748624455745010882.png,raw_metadata_only
-7487425947478957754.png,raw_metadata_only
-7487855382416785603.png,raw_metadata_only
-7490056910663333938.png,raw_metadata_only
-749093612856045544.png,raw_metadata_only
-7493143971074209610.png,raw_metadata_only
-7495855023401394107.png,raw_metadata_only
-7498954499129878093.png,raw_metadata_only
-7504603758257488978.png,raw_metadata_only
-7509574689240125941.png,raw_metadata_only
-7510458875970895075.png,raw_metadata_only
-7512733256965191315.png,raw_metadata_only
-7513089492834821079.png,raw_metadata_only
-7513547210278062408.png,raw_metadata_only
-7522214346942627796.png,raw_metadata_only
-752252200675327597.png,raw_metadata_only
-7524136434399815333.png,raw_metadata_only
-7527378669176810550.png,raw_metadata_only
-752764735485738148.png,raw_metadata_only
-7528154962745771642.png,raw_metadata_only
-752959520341064247.png,raw_metadata_only
-7531926710861158269.png,raw_metadata_only
-753338146597788079.png,raw_metadata_only
-7541712473347167804.png,raw_metadata_only
-7544070228940491876.png,raw_metadata_only
-7544843219826236333.png,raw_metadata_only
-7545334374237488015.png,raw_metadata_only
-7553196319522858797.png,raw_metadata_only
-7555000542646639886.png,raw_metadata_only
-7558789574725246528.png,raw_metadata_only
-7559862787252411348.png,raw_metadata_only
-7560225418262401613.png,raw_metadata_only
-756043526992297279.png,raw_metadata_only
-7560962848270668900.png,raw_metadata_only
-7567232127773948614.png,raw_metadata_only
-7567622770022520033.png,raw_metadata_only
-7568743707690327336.png,raw_metadata_only
-756893997757737190.png,raw_metadata_only
-7573009561342104955.png,raw_metadata_only
-7582953284537277597.png,raw_metadata_only
-7583010217402918449.png,raw_metadata_only
-7586269019527459825.png,raw_metadata_only
-7588458831256002958.png,raw_metadata_only
-7590393544929194733.png,raw_metadata_only
-7590400833217849074.png,raw_metadata_only
-759162848082135038.png,raw_metadata_only
-7592298752441870900.png,raw_metadata_only
-7594930955989423249.png,raw_metadata_only
-7596044230791227395.png,raw_metadata_only
-7596189015309860038.png,raw_metadata_only
-7596459016287772542.png,raw_metadata_only
-7601692178640908695.png,raw_metadata_only
-7608169256927295784.png,raw_metadata_only
-7608723268003189594.png,raw_metadata_only
-7611889478784556944.png,raw_metadata_only
-761233598161154780.png,raw_metadata_only
-7624062435846968963.png,raw_metadata_only
-762601077880990335.png,raw_metadata_only
-7630506938024654339.png,raw_metadata_only
-7632127675025789395.png,raw_metadata_only
-7635266454736112063.png,raw_metadata_only
-7637867445705022563.png,raw_metadata_only
-7638422590735681519.png,raw_metadata_only
-7639933858158391921.png,raw_metadata_only
-7642186112997314297.png,raw_metadata_only
-764324206369620251.png,raw_metadata_only
-7643304277082298715.png,raw_metadata_only
-7643477876542349995.png,raw_metadata_only
-7646547973158291544.png,raw_metadata_only
-7657716575029931378.png,raw_metadata_only
-7659016285565634945.png,raw_metadata_only
-7671530939179836923.png,raw_metadata_only
-767497572576132176.png,raw_metadata_only
-7677399289265020821.png,raw_metadata_only
-7678175968535609217.png,raw_metadata_only
-7679338769314053222.png,raw_metadata_only
-7680822828381835846.png,raw_metadata_only
-7681270451262299489.png,raw_metadata_only
-7688327732584723798.png,raw_metadata_only
-7691980535250300976.png,raw_metadata_only
-7695084037831937238.png,raw_metadata_only
-7696148046676929903.png,raw_metadata_only
-7696365185591005663.png,raw_metadata_only
-7702201436160414719.png,raw_metadata_only
-7702424755588807017.png,raw_metadata_only
-7709598504760961091.png,raw_metadata_only
-7714130921529073683.png,raw_metadata_only
-7714359269997846311.png,raw_metadata_only
-7715694037173668876.png,raw_metadata_only
-7719473356677102536.png,raw_metadata_only
-7720726670080070834.png,raw_metadata_only
-7722971252294313239.png,raw_metadata_only
-7724970111996079583.png,raw_metadata_only
-7727984772540059761.png,raw_metadata_only
-7729431579580044113.png,raw_metadata_only
-7729998293362789946.png,raw_metadata_only
-7732544950367368860.png,raw_metadata_only
-7737993147227566686.png,raw_metadata_only
-773894958411105641.png,raw_metadata_only
-7740511338786973129.png,raw_metadata_only
-7742043734365178641.png,raw_metadata_only
-7748416976919226647.png,raw_metadata_only
-775145529602519340.png,raw_metadata_only
-7757366360595690531.png,raw_metadata_only
-7762191053050394126.png,raw_metadata_only
-776835345937419482.png,raw_metadata_only
-7768632674370440453.png,raw_metadata_only
-7769959016434774390.png,raw_metadata_only
-7771938775175219680.png,raw_metadata_only
-7772969854782631285.png,raw_metadata_only
-7782720653309265267.png,raw_metadata_only
-7782988510216320709.png,raw_metadata_only
-7782995076528179992.png,raw_metadata_only
-778718035529930253.png,raw_metadata_only
-7787818251529360315.png,raw_metadata_only
-7790807674558752475.png,raw_metadata_only
-7797840297556071244.png,raw_metadata_only
-7799932388744504952.png,raw_metadata_only
-7800144054780963838.png,raw_metadata_only
-7800416238246494419.png,raw_metadata_only
-7802197383705746007.png,raw_metadata_only
-7812914816262673311.png,raw_metadata_only
-7814544384287827491.png,raw_metadata_only
-7814656793961638329.png,raw_metadata_only
-7816266780279138240.png,raw_metadata_only
-7818801741553636839.png,raw_metadata_only
-78242243559460767.png,raw_metadata_only
-7825300002044257727.png,raw_metadata_only
-7827471639303718306.png,raw_metadata_only
-7838009503444824807.png,raw_metadata_only
-7838876174293530352.png,raw_metadata_only
-7844304727613012144.png,raw_metadata_only
-7846607585699204316.png,raw_metadata_only
-7847308518165789474.png,raw_metadata_only
-784764438172230894.png,raw_metadata_only
-7852642036296235766.png,raw_metadata_only
-7852898702424733926.png,raw_metadata_only
-7854725817199771859.png,raw_metadata_only
-7862759394554890936.png,raw_metadata_only
-7869436297325068679.png,raw_metadata_only
-7874050350301180837.png,raw_metadata_only
-7880651849161218703.png,raw_metadata_only
-7887131148362276798.png,raw_metadata_only
-7891932976156050572.png,raw_metadata_only
-7897770316150176474.png,raw_metadata_only
-7898601135031950692.png,raw_metadata_only
-7902413542705171594.png,raw_metadata_only
-7902800976867025698.png,raw_metadata_only
-7904108032805815368.png,raw_metadata_only
-7907069766386650967.png,raw_metadata_only
-7911461675527880462.png,raw_metadata_only
-7915778157188371964.png,raw_metadata_only
-7921974087437302979.png,raw_metadata_only
-792472864491088184.png,raw_metadata_only
-7924870000310025817.png,raw_metadata_only
-7924894911403946589.png,raw_metadata_only
-7927419887378060513.png,raw_metadata_only
-7927772349097624874.png,raw_metadata_only
-7929111754093486633.png,raw_metadata_only
-7929269108742615113.png,raw_metadata_only
-7934772869660063220.png,raw_metadata_only
-7935673113506692508.png,raw_metadata_only
-7935950081089116729.png,raw_metadata_only
-7937865557030767709.png,raw_metadata_only
-7940147518821418046.png,raw_metadata_only
-7940779313453002295.png,raw_metadata_only
-7941450883152520950.png,raw_metadata_only
-7946311827723984912.png,raw_metadata_only
-7947234630210958752.png,raw_metadata_only
-7947517558850429672.png,raw_metadata_only
-7948351738605132490.png,raw_metadata_only
-795181200417506193.png,raw_metadata_only
-795347209395840782.png,raw_metadata_only
-795882876757873339.png,raw_metadata_only
-79609532171157075.png,raw_metadata_only
-7964391497410090998.png,raw_metadata_only
-7968498181458135368.png,raw_metadata_only
-7968903677952899992.png,raw_metadata_only
-7977749739391458709.png,raw_metadata_only
-7977918662336049951.png,raw_metadata_only
-7980161309699711722.png,raw_metadata_only
-7982025482577313030.png,raw_metadata_only
-7982558067195839766.png,raw_metadata_only
-7988508492713387689.png,raw_metadata_only
-7989858973254591615.png,raw_metadata_only
-7991394527259205470.png,raw_metadata_only
-7999945031832114033.png,raw_metadata_only
-7999961844191774986.png,raw_metadata_only
-8001825271725063018.png,raw_metadata_only
-800204098242735475.png,raw_metadata_only
-8002435013422524113.png,raw_metadata_only
-8008192801324555770.png,raw_metadata_only
-8009450499706193603.png,raw_metadata_only
-8019240739148978384.png,raw_metadata_only
-8019534533011056789.png,raw_metadata_only
-8019933538304686681.png,raw_metadata_only
-8022919872916728993.png,raw_metadata_only
-802455312735907212.png,raw_metadata_only
-8029018098099291143.png,raw_metadata_only
-8034585694919545631.png,raw_metadata_only
-8040872744934016312.png,raw_metadata_only
-8042733959962527155.png,raw_metadata_only
-8048467112742368195.png,raw_metadata_only
-8049100538036745495.png,raw_metadata_only
-8049340894007427923.png,raw_metadata_only
-805083852165197921.png,raw_metadata_only
-8052395955611445748.png,raw_metadata_only
-8052897263661250691.png,raw_metadata_only
-8053408066834394994.png,raw_metadata_only
-8055823755405172590.png,raw_metadata_only
-8057719347560254084.png,raw_metadata_only
-8058207428437128331.png,raw_metadata_only
-8061072037605473759.png,raw_metadata_only
-8062255921332062931.png,raw_metadata_only
-8066161771656788258.png,raw_metadata_only
-8077199062814861533.png,raw_metadata_only
-807729945355562921.png,raw_metadata_only
-8078412213732575763.png,raw_metadata_only
-8079740366256475353.png,raw_metadata_only
-8093801741687275823.png,raw_metadata_only
-809387930221707574.png,raw_metadata_only
-8096874979386526370.png,raw_metadata_only
-8098253676853158772.png,raw_metadata_only
-8098360249242875371.png,raw_metadata_only
-8100725858512083498.png,raw_metadata_only
-8106898980144278029.png,raw_metadata_only
-8109521850300489332.png,raw_metadata_only
-8111006563472552013.png,raw_metadata_only
-8115040597318586582.png,raw_metadata_only
-8115999267969912684.png,raw_metadata_only
-8116012093928363594.png,raw_metadata_only
-8117148831134210368.png,raw_metadata_only
-8117238217049020260.png,raw_metadata_only
-8118517888872600310.png,raw_metadata_only
-8120677770186024338.png,raw_metadata_only
-8125667483744734603.png,raw_metadata_only
-8127450853323603559.png,raw_metadata_only
-8128088941856389814.png,raw_metadata_only
-8128340868201048764.png,raw_metadata_only
-813123177907327188.png,raw_metadata_only
-8139396460081322550.png,raw_metadata_only
-8139872668428195940.png,raw_metadata_only
-8141952024667250088.png,raw_metadata_only
-8144171477462832849.png,raw_metadata_only
-8145244033534164482.png,raw_metadata_only
-8148885486978798932.png,raw_metadata_only
-814904121906166274.png,raw_metadata_only
-8149549487851515128.png,raw_metadata_only
-8149664800812395087.png,raw_metadata_only
-8161234867369808682.png,raw_metadata_only
-8161636968220138594.png,raw_metadata_only
-8161843521477479566.png,raw_metadata_only
-8163528232615421659.png,raw_metadata_only
-816377825104033131.png,raw_metadata_only
-8166160034568899053.png,raw_metadata_only
-8167588187142547572.png,raw_metadata_only
-8169262464002501475.png,raw_metadata_only
-8170183616938879694.png,raw_metadata_only
-8170676471396005191.png,raw_metadata_only
-8171485642889957456.png,raw_metadata_only
-8174975332365424740.png,raw_metadata_only
-8183947049312687778.png,raw_metadata_only
-8186784204709321328.png,raw_metadata_only
-8188513574444287595.png,raw_metadata_only
-8190437646679702846.png,raw_metadata_only
-8195034195470088492.png,raw_metadata_only
-8195592784620502255.png,raw_metadata_only
-8195825849611846307.png,raw_metadata_only
-8198490127352165221.png,raw_metadata_only
-8200043395306173259.png,raw_metadata_only
-8200580858198604298.png,raw_metadata_only
-8201427439592605199.png,raw_metadata_only
-8207690772752083405.png,raw_metadata_only
-8209555384603532271.png,raw_metadata_only
-8209694420564816887.png,raw_metadata_only
-8212078361663458031.png,raw_metadata_only
-8214015813881644905.png,raw_metadata_only
-8215450172239109573.png,raw_metadata_only
-82155186323694378.png,raw_metadata_only
-8221026948988800707.png,raw_metadata_only
-822213340453666499.png,raw_metadata_only
-8225853453283466659.png,raw_metadata_only
-822588642331994372.png,raw_metadata_only
-8227629722845206436.png,raw_metadata_only
-8228301967158120072.png,raw_metadata_only
-8228375996596996874.png,raw_metadata_only
-8228905397113112800.png,raw_metadata_only
-8234934085901745107.png,raw_metadata_only
-823663569011810741.png,raw_metadata_only
-8238519978093260664.png,raw_metadata_only
-8238899893225902686.png,raw_metadata_only
-823964897195308571.png,raw_metadata_only
-8239865360562029061.png,raw_metadata_only
-8240797750699318459.png,raw_metadata_only
-8246042384612867989.png,raw_metadata_only
-8247766852758261010.png,raw_metadata_only
-8249078686592787085.png,raw_metadata_only
-8249769341615401775.png,raw_metadata_only
-8250386929233656434.png,raw_metadata_only
-8252144121024932438.png,raw_metadata_only
-8252330186908367439.png,raw_metadata_only
-8255566258051032881.png,raw_metadata_only
-8257930614850140820.png,raw_metadata_only
-826384814862631144.png,raw_metadata_only
-8267465974340679860.png,raw_metadata_only
-8267578597792235533.png,raw_metadata_only
-8269113352613348380.png,raw_metadata_only
-8269737482307021281.png,raw_metadata_only
-8270771915896480979.png,raw_metadata_only
-8274952106359494521.png,raw_metadata_only
-8275859859565542740.png,raw_metadata_only
-8276846239748878471.png,raw_metadata_only
-828006515596471195.png,raw_metadata_only
-8280524009538201250.png,raw_metadata_only
-8286901878034429831.png,raw_metadata_only
-8287847234423384100.png,raw_metadata_only
-8288552558883434923.png,raw_metadata_only
-8289424844938182188.png,raw_metadata_only
-829535113004099648.png,raw_metadata_only
-8295744562871956484.png,raw_metadata_only
-8297361329479198136.png,raw_metadata_only
-8297415963972830482.png,raw_metadata_only
-8303565957689749944.png,raw_metadata_only
-8304191572182833431.png,raw_metadata_only
-8305984087914650939.png,raw_metadata_only
-8306558072765619727.png,raw_metadata_only
-8309623388500227648.png,raw_metadata_only
-8311841729993892354.png,raw_metadata_only
-8314113755627310625.png,raw_metadata_only
-8319407105107439998.png,raw_metadata_only
-8322086933555828374.png,raw_metadata_only
-83241695443372952.png,raw_metadata_only
-8324849112703546221.png,raw_metadata_only
-8325882401892550811.png,raw_metadata_only
-8328439140807862020.png,raw_metadata_only
-8331236734361407077.png,raw_metadata_only
-833281766301562437.png,raw_metadata_only
-8337106974717928745.png,raw_metadata_only
-8338248108701397377.png,raw_metadata_only
-8339892159826401126.png,raw_metadata_only
-8340346798961276332.png,raw_metadata_only
-8345901974298329035.png,raw_metadata_only
-8347492127519989895.png,raw_metadata_only
-8349976294337051652.png,raw_metadata_only
-8351498747234518768.png,raw_metadata_only
-8351559596246175153.png,raw_metadata_only
-8351813133673411713.png,raw_metadata_only
-8358107192760895060.png,raw_metadata_only
-8361305378617415088.png,raw_metadata_only
-8365485995799586728.png,raw_metadata_only
-8368413100696504834.png,raw_metadata_only
-8370549279964527400.png,raw_metadata_only
-8372161567418710848.png,raw_metadata_only
-8376741697534316636.png,raw_metadata_only
-8378561516321812076.png,raw_metadata_only
-8378597063323783191.png,raw_metadata_only
-838052539198937142.png,raw_metadata_only
-8383531997336683331.png,raw_metadata_only
-8388745631277708823.png,raw_metadata_only
-8390327997908056073.png,raw_metadata_only
-8393399119601635185.png,raw_metadata_only
-8396244786981272007.png,raw_metadata_only
-8396382105959256971.png,raw_metadata_only
-839789444645696145.png,raw_metadata_only
-8398846080199275592.png,raw_metadata_only
-8399241957146252689.png,raw_metadata_only
-8399382289917846302.png,raw_metadata_only
-8400585781561254792.png,raw_metadata_only
-8401172072191950864.png,raw_metadata_only
-8401177804476558942.png,raw_metadata_only
-8406319565890157390.png,raw_metadata_only
-8410958049648829529.png,raw_metadata_only
-8413673986529017090.png,raw_metadata_only
-8414595128065289994.png,raw_metadata_only
-8415780076578429517.png,raw_metadata_only
-8416200374477262413.png,raw_metadata_only
-8420165072372688955.png,raw_metadata_only
-8421014310690487919.png,raw_metadata_only
-8426657851215601272.png,raw_metadata_only
-8430990835382264485.png,raw_metadata_only
-84337360491231693.png,raw_metadata_only
-8434543349142752189.png,raw_metadata_only
-8436651519298411073.png,raw_metadata_only
-8438455602123081253.png,raw_metadata_only
-8439702987699350273.png,raw_metadata_only
-844617859903194673.png,raw_metadata_only
-8448044375649730227.png,raw_metadata_only
-8448749504532122513.png,raw_metadata_only
-8450741188266325751.png,raw_metadata_only
-8452500296820348391.png,raw_metadata_only
-8459003375671036266.png,raw_metadata_only
-8459145659515458181.png,raw_metadata_only
-8461497024469607452.png,raw_metadata_only
-846461394306431814.png,raw_metadata_only
-8466276111616355159.png,raw_metadata_only
-8472237834175694042.png,raw_metadata_only
-8473968727741466272.png,raw_metadata_only
-8474268696770967340.png,raw_metadata_only
-8474946536055428461.png,raw_metadata_only
-8475988209194953949.png,raw_metadata_only
-8478124959807240877.png,raw_metadata_only
-8478708575672530259.png,raw_metadata_only
-8479314881274447757.png,raw_metadata_only
-8482788150247456868.png,raw_metadata_only
-8484522439451719694.png,raw_metadata_only
-8486055686540510067.png,raw_metadata_only
-8486169656718173466.png,raw_metadata_only
-8486226995246068836.png,raw_metadata_only
-8489071995033586737.png,raw_metadata_only
-8490706590974569952.png,raw_metadata_only
-8492996097534058599.png,raw_metadata_only
-849820104924538827.png,raw_metadata_only
-8499520546324140238.png,raw_metadata_only
-8500170905733656840.png,raw_metadata_only
-8501302077986195077.png,raw_metadata_only
-8502282967386375745.png,raw_metadata_only
-8503022643743511724.png,raw_metadata_only
-8505515853248686218.png,raw_metadata_only
-8506705780207408689.png,raw_metadata_only
-8508333514837898482.png,raw_metadata_only
-8508470762082617026.png,raw_metadata_only
-8509651194925877853.png,raw_metadata_only
-8510531530332479524.png,raw_metadata_only
-8511129463497078410.png,raw_metadata_only
-8513913329702454211.png,raw_metadata_only
-8514985552097683346.png,raw_metadata_only
-8518359110616486390.png,raw_metadata_only
-8520516876791414535.png,raw_metadata_only
-8521391586757621504.png,raw_metadata_only
-8522208000822922849.png,raw_metadata_only
-8522689401773516601.png,raw_metadata_only
-8524342237968377550.png,raw_metadata_only
-8532169583360415872.png,raw_metadata_only
-8533039659045334700.png,raw_metadata_only
-8534471474552009747.png,raw_metadata_only
-8534698088263442778.png,raw_metadata_only
-8536301119369666153.png,raw_metadata_only
-8539116180751237612.png,raw_metadata_only
-8541325890788453938.png,raw_metadata_only
-8542820891006740386.png,raw_metadata_only
-8543198166432895452.png,raw_metadata_only
-8544125152438325931.png,raw_metadata_only
-8555840247489065545.png,raw_metadata_only
-8558714499692748030.png,raw_metadata_only
-8561889391599854447.png,raw_metadata_only
-8571291409089352468.png,raw_metadata_only
-8573019154460137531.png,raw_metadata_only
-8576729496298404917.png,raw_metadata_only
-8578259550097413146.png,raw_metadata_only
-8579367048811032343.png,raw_metadata_only
-8588690828484371863.png,raw_metadata_only
-8591174633182809752.png,raw_metadata_only
-8591900607351822719.png,raw_metadata_only
-8592838683857864583.png,raw_metadata_only
-8593184957030109146.png,raw_metadata_only
-8594260406533869498.png,raw_metadata_only
-859785524516045774.png,raw_metadata_only
-8599654550221008103.png,raw_metadata_only
-8604333316388588792.png,raw_metadata_only
-8605852932047117115.png,raw_metadata_only
-860650590307361479.png,raw_metadata_only
-8607337421690466021.png,raw_metadata_only
-8614320058673555741.png,raw_metadata_only
-862035619166368132.png,raw_metadata_only
-8622301865890936410.png,raw_metadata_only
-8624519202704783368.png,raw_metadata_only
-862558295135857219.png,raw_metadata_only
-8626810190028929475.png,raw_metadata_only
-8638543764343491788.png,raw_metadata_only
-8641492204666653414.png,raw_metadata_only
-864739056815118576.png,raw_metadata_only
-8649601332111896129.png,raw_metadata_only
-8653997701010841176.png,raw_metadata_only
-8656605436854808685.png,raw_metadata_only
-8657936158769470647.png,raw_metadata_only
-8661154899698675603.png,raw_metadata_only
-8662876472889244238.png,raw_metadata_only
-8667435326829032189.png,raw_metadata_only
-8668488196925068035.png,raw_metadata_only
-866990533769420724.png,raw_metadata_only
-8671943442708678418.png,raw_metadata_only
-8676992280138825968.png,raw_metadata_only
-8678220100544476540.png,raw_metadata_only
-8679147672721642347.png,raw_metadata_only
-8679299693007624526.png,raw_metadata_only
-8680387876808403196.png,raw_metadata_only
-8681693003307270555.png,raw_metadata_only
-8682618672042721592.png,raw_metadata_only
-8687142521108777184.png,raw_metadata_only
-8687572105244774168.png,raw_metadata_only
-8687750677002784717.png,raw_metadata_only
-8692277283325628576.png,raw_metadata_only
-869349880437476994.png,raw_metadata_only
-8694897122406900841.png,raw_metadata_only
-8696743220674017717.png,raw_metadata_only
-8696744820413574401.png,raw_metadata_only
-8702243674510187824.png,raw_metadata_only
-8704256700010535146.png,raw_metadata_only
-8706064833594215841.png,raw_metadata_only
-8707418133635013822.png,raw_metadata_only
-8709130041432480490.png,raw_metadata_only
-8709904129999602678.png,raw_metadata_only
-8710807835479656889.png,raw_metadata_only
-8715046487528210051.png,raw_metadata_only
-8718723487124489248.png,raw_metadata_only
-8723265952579275849.png,raw_metadata_only
-8723427709388330837.png,raw_metadata_only
-8724846791167316536.png,raw_metadata_only
-8726289176798114409.png,raw_metadata_only
-8726590600983870904.png,raw_metadata_only
-8728947785506236729.png,raw_metadata_only
-8730510081976115949.png,raw_metadata_only
-8733099384376486023.png,raw_metadata_only
-8738043326413476666.png,raw_metadata_only
-8739886638448089494.png,raw_metadata_only
-8743640083543794574.png,raw_metadata_only
-8745726265111908053.png,raw_metadata_only
-8747062589878789853.png,raw_metadata_only
-8752408013757949735.png,raw_metadata_only
-8753984834834986680.png,raw_metadata_only
-8755999729037851117.png,raw_metadata_only
-8757587216845427312.png,raw_metadata_only
-8759894522781301423.png,raw_metadata_only
-8764497629746765672.png,raw_metadata_only
-8765965030908326582.png,raw_metadata_only
-8768888952816429680.png,raw_metadata_only
-8769629522647587789.png,raw_metadata_only
-8769950017377673948.png,raw_metadata_only
-8772961446987205402.png,raw_metadata_only
-8774505274857815313.png,raw_metadata_only
-8776038155048293671.png,raw_metadata_only
-8776630396421311601.png,raw_metadata_only
-8777387090414987749.png,raw_metadata_only
-8778743506036272090.png,raw_metadata_only
-8778820166267554159.png,raw_metadata_only
-8779903138873713227.png,raw_metadata_only
-87871611911845563.png,raw_metadata_only
-8787289812644674296.png,raw_metadata_only
-8788150426951957125.png,raw_metadata_only
-879010597514276949.png,raw_metadata_only
-8791195073313426119.png,raw_metadata_only
-8791861907421161039.png,raw_metadata_only
-879282527712154445.png,raw_metadata_only
-8794719700664225806.png,raw_metadata_only
-8799957478432766982.png,raw_metadata_only
-8800789120959035521.png,raw_metadata_only
-8801660785503745956.png,raw_metadata_only
-8804304167667674576.png,raw_metadata_only
-8804353362491220182.png,raw_metadata_only
-8804964571197729235.png,raw_metadata_only
-8806857030239302418.png,raw_metadata_only
-8807509848807932802.png,raw_metadata_only
-8811226591719932612.png,raw_metadata_only
-8811309900087453061.png,raw_metadata_only
-8811501815088850272.png,raw_metadata_only
-8814112908977261859.png,raw_metadata_only
-882304158570330033.png,raw_metadata_only
-8828598390077094829.png,raw_metadata_only
-8829990681158468231.png,raw_metadata_only
-8831825728244064065.png,raw_metadata_only
-8832139751213033811.png,raw_metadata_only
-8836605968027778756.png,raw_metadata_only
-8841534478189887460.png,raw_metadata_only
-8842292788471353312.png,raw_metadata_only
-8845105500170627037.png,raw_metadata_only
-8845312257791618282.png,raw_metadata_only
-8850087380548289976.png,raw_metadata_only
-8851581225422336845.png,raw_metadata_only
-885408862062413113.png,raw_metadata_only
-8856798000952151629.png,raw_metadata_only
-8857891249412069725.png,raw_metadata_only
-8863449665507549647.png,raw_metadata_only
-8865484537259386167.png,raw_metadata_only
-8866086338587448508.png,raw_metadata_only
-8868470552870888509.png,raw_metadata_only
-8868898851396482170.png,raw_metadata_only
-8869346224882061369.png,raw_metadata_only
-8871311867423578340.png,raw_metadata_only
-8876350314932967279.png,raw_metadata_only
-8877845456614824276.png,raw_metadata_only
-8879422105725821451.png,raw_metadata_only
-8879980108612236447.png,raw_metadata_only
-888730813672400208.png,raw_metadata_only
-8890074638422906720.png,raw_metadata_only
-8892400109650642420.png,raw_metadata_only
-88987941380934773.png,raw_metadata_only
-8901270085979773641.png,raw_metadata_only
-8902160227641179797.png,raw_metadata_only
-8902903845406085726.png,raw_metadata_only
-8903287502098089551.png,raw_metadata_only
-8905764654141104092.png,raw_metadata_only
-890889796319653758.png,raw_metadata_only
-8914122025340168726.png,raw_metadata_only
-8916304853328310376.png,raw_metadata_only
-8918149895801565505.png,raw_metadata_only
-8920124001450697405.png,raw_metadata_only
-8920978238140354694.png,raw_metadata_only
-8921394409798068754.png,raw_metadata_only
-8921827695452733053.png,raw_metadata_only
-8923215232384282104.png,raw_metadata_only
-8923487293444025838.png,raw_metadata_only
-8925807443490894111.png,raw_metadata_only
-8926425952664189068.png,raw_metadata_only
-8926558499250236160.png,raw_metadata_only
-8929886646448206429.png,raw_metadata_only
-8931670759211244706.png,raw_metadata_only
-8931680673452117731.png,raw_metadata_only
-8932329685662456128.png,raw_metadata_only
-8944184264403780561.png,raw_metadata_only
-8945431998172389707.png,raw_metadata_only
-8948928980295836014.png,raw_metadata_only
-8954855288459508791.png,raw_metadata_only
-8961215015951437605.png,raw_metadata_only
-8963936502003531116.png,raw_metadata_only
-8967862407560603358.png,raw_metadata_only
-8970062608215251005.png,raw_metadata_only
-8971776612022087937.png,raw_metadata_only
-8975063569806103139.png,raw_metadata_only
-8977333528306725483.png,raw_metadata_only
-8982281454719723766.png,raw_metadata_only
-8983451384190487339.png,raw_metadata_only
-8985118778036683755.png,raw_metadata_only
-8995352601569043036.png,raw_metadata_only
-8999820374363400892.png,raw_metadata_only
-9002584586913443899.png,raw_metadata_only
-9005628762171642786.png,raw_metadata_only
-9007649589378204267.png,raw_metadata_only
-9017436905517979585.png,raw_metadata_only
-9018205614776666343.png,raw_metadata_only
-9022204978269318431.png,raw_metadata_only
-9023829605065773601.png,raw_metadata_only
-9024426626682351744.png,raw_metadata_only
-9024484107109658655.png,raw_metadata_only
-9025828418294532416.png,raw_metadata_only
-9026279950970010937.png,raw_metadata_only
-9026722067570781995.png,raw_metadata_only
-903012048206224822.png,raw_metadata_only
-9030925079484031756.png,raw_metadata_only
-9040823138409106355.png,raw_metadata_only
-9041288694268048673.png,raw_metadata_only
-9042254309506109651.png,raw_metadata_only
-9042831031961734564.png,raw_metadata_only
-904696312172156429.png,raw_metadata_only
-9047129422739627149.png,raw_metadata_only
-9048437982488676821.png,raw_metadata_only
-9050988368711885602.png,raw_metadata_only
-9053748468279672370.png,raw_metadata_only
-9061392157736664698.png,raw_metadata_only
-9063174814681924620.png,raw_metadata_only
-9063349481244104758.png,raw_metadata_only
-906426540108906678.png,raw_metadata_only
-9064420724066557631.png,raw_metadata_only
-9064705102210026712.png,raw_metadata_only
-9070269558418927011.png,raw_metadata_only
-9070732041453654957.png,raw_metadata_only
-9071217807268156605.png,raw_metadata_only
-9072327721856043569.png,raw_metadata_only
-9073330460194075182.png,raw_metadata_only
-9075043553651752587.png,raw_metadata_only
-9076465802220522713.png,raw_metadata_only
-9081176588679002247.png,raw_metadata_only
-9083783061425600360.png,raw_metadata_only
-9084694529164286982.png,raw_metadata_only
-9087326729811666680.png,raw_metadata_only
-9094669596690208063.png,raw_metadata_only
-9096538225273633507.png,raw_metadata_only
-9097166127729389609.png,raw_metadata_only
-9097674784194188092.png,raw_metadata_only
-9100032692393067549.png,raw_metadata_only
-9101467151371365711.png,raw_metadata_only
-9102798639430271222.png,raw_metadata_only
-9107413470822203358.png,raw_metadata_only
-9111307368692396870.png,raw_metadata_only
-9111551125968199010.png,raw_metadata_only
-9121929814850671570.png,raw_metadata_only
-9127364579337454244.png,raw_metadata_only
-9133559035439842699.png,raw_metadata_only
-9138724791143265386.png,raw_metadata_only
-9143162343618564630.png,raw_metadata_only
-9147510077381041538.png,raw_metadata_only
-9150173189218832584.png,raw_metadata_only
-9154049524482320333.png,raw_metadata_only
-9161563488770372425.png,raw_metadata_only
-9162107121526515080.png,raw_metadata_only
-9163646273033600977.png,raw_metadata_only
-9164049971475100161.png,raw_metadata_only
-9164137494504142017.png,raw_metadata_only
-9165902353781899657.png,raw_metadata_only
-9167484454567867752.png,raw_metadata_only
-9168576978439876729.png,raw_metadata_only
-9170015725324326381.png,raw_metadata_only
-9174558387716579919.png,raw_metadata_only
-9176173211465562684.png,raw_metadata_only
-91842043999645174.png,raw_metadata_only
-9186337401627051641.png,raw_metadata_only
-9187664208833249883.png,raw_metadata_only
-9189166987523960039.png,raw_metadata_only
-9190115186609243175.png,raw_metadata_only
-9190502341582994400.png,raw_metadata_only
-919153816332809839.png,raw_metadata_only
-9192728536637888380.png,raw_metadata_only
-9201922687967136549.png,raw_metadata_only
-9202597344126468905.png,raw_metadata_only
-9204466149375548897.png,raw_metadata_only
-9204598874810533622.png,raw_metadata_only
-9205655818768804525.png,raw_metadata_only
-9206632229566182484.png,raw_metadata_only
-920855176394165884.png,raw_metadata_only
-9209496230726637783.png,raw_metadata_only
-9209557927250538984.png,raw_metadata_only
-9213795135325858799.png,raw_metadata_only
-9214404105685555535.png,raw_metadata_only
-9215116545321553115.png,raw_metadata_only
-9216107315378408480.png,raw_metadata_only
-9219721991834767931.png,raw_metadata_only
-9222123479438718712.png,raw_metadata_only
-922609252458172162.png,raw_metadata_only
-923054950838727613.png,raw_metadata_only
-924567376102615905.png,raw_metadata_only
-926532300017414757.png,raw_metadata_only
-927797147009397266.png,raw_metadata_only
-927897445057932376.png,raw_metadata_only
-928887517207109294.png,raw_metadata_only
-932631200703338253.png,raw_metadata_only
-939947080901593940.png,raw_metadata_only
-94160095596381364.png,raw_metadata_only
-945081762432530764.png,raw_metadata_only
-949791965236820020.png,raw_metadata_only
-954057767492829202.png,raw_metadata_only
-95547096244876957.png,raw_metadata_only
-956556282979897534.png,raw_metadata_only
-958397637891782129.png,raw_metadata_only
-960535588131751985.png,raw_metadata_only
-965871045820310376.png,raw_metadata_only
-96706846239146494.png,raw_metadata_only
-968369084228324903.png,raw_metadata_only
-968976174421552403.png,raw_metadata_only
-974618061209306157.png,raw_metadata_only
-978292536616014886.png,raw_metadata_only
-979167465711270621.png,raw_metadata_only
-983081812185534122.png,raw_metadata_only
-983426416985154601.png,raw_metadata_only
-983744323771148963.png,raw_metadata_only
-985651332447184182.png,raw_metadata_only
-987803215222873449.png,raw_metadata_only
-989501707247190818.png,raw_metadata_only
-990284524198055517.png,raw_metadata_only
-992199162953217951.png,raw_metadata_only
-992744659270663024.png,raw_metadata_only
-995079712986611649.png,raw_metadata_only
-99767787887675157.png,raw_metadata_only
-998028413493902389.png,raw_metadata_only
-99974083044280801.png,raw_metadata_only
1004021355855193059.png,raw_metadata_only
1009467697097265365.png,raw_metadata_only
10098205680919953.png,raw_metadata_only
1020294242639006482.png,raw_metadata_only
1020983933776970389.png,raw_metadata_only
1021152529045223053.png,raw_metadata_only
102143902120424355.png,raw_metadata_only
102934902864175112.png,raw_metadata_only
1031125523411663217.png,raw_metadata_only
1031191261738497064.png,raw_metadata_only
1031622806743663214.png,raw_metadata_only
103663433673251075.png,raw_metadata_only
1037297535960591406.png,raw_metadata_only
1040533114460273199.png,raw_metadata_only
1050332067511366158.png,raw_metadata_only
1055845196518303041.png,raw_metadata_only
1057317580683889847.png,raw_metadata_only
1063258346527817885.png,raw_metadata_only
106624242267163256.png,raw_metadata_only
1067620951281231772.png,raw_metadata_only
1067830122678997184.png,raw_metadata_only
1071282187346618464.png,raw_metadata_only
1072371774720617180.png,raw_metadata_only
107586694926939203.png,raw_metadata_only
1079738628844992186.png,raw_metadata_only
1083628762339451238.png,raw_metadata_only
108462233489916244.png,raw_metadata_only
1088121168292723044.png,raw_metadata_only
1088819642810705043.png,raw_metadata_only
1093967452051255826.png,raw_metadata_only
1098419093876234729.png,raw_metadata_only
1100993805209819092.png,raw_metadata_only
1101199909654399154.png,raw_metadata_only
1102193004028237933.png,raw_metadata_only
1104466615361252920.png,raw_metadata_only
1106768845660990530.png,raw_metadata_only
1109308801959738278.png,raw_metadata_only
1116947308828441736.png,raw_metadata_only
112251036825846427.png,raw_metadata_only
1124459451503686850.png,raw_metadata_only
1126549055680858390.png,raw_metadata_only
1132286819976710104.png,raw_metadata_only
1132996139703488483.png,raw_metadata_only
113668774002529567.png,raw_metadata_only
1138155103798937122.png,raw_metadata_only
1140555031622350885.png,raw_metadata_only
1151092367918820143.png,raw_metadata_only
1152966839010474024.png,raw_metadata_only
1157991376452896298.png,raw_metadata_only
1160416786582160491.png,raw_metadata_only
1161010728027923477.png,raw_metadata_only
1163055688177342485.png,raw_metadata_only
1164646982557605400.png,raw_metadata_only
1166910403207296452.png,raw_metadata_only
1168929444582863219.png,raw_metadata_only
1170860713860235539.png,raw_metadata_only
1172367779008852489.png,raw_metadata_only
1173280857169999078.png,raw_metadata_only
1174067969932849040.png,raw_metadata_only
1175687802305842761.png,raw_metadata_only
1176774025356260928.png,raw_metadata_only
1181399278837045247.png,raw_metadata_only
1181554434661845910.png,raw_metadata_only
1184173105743096364.png,raw_metadata_only
1187379214473788995.png,raw_metadata_only
1200308368142886056.png,raw_metadata_only
1201039068938293467.png,raw_metadata_only
1202119896696685333.png,raw_metadata_only
1204879450422885052.png,raw_metadata_only
1205317787518374105.png,raw_metadata_only
1206575948315751880.png,raw_metadata_only
1210391085241290562.png,raw_metadata_only
1211715371757505254.png,raw_metadata_only
1213262327099455551.png,raw_metadata_only
1220446085477747596.png,raw_metadata_only
122531566640271845.png,raw_metadata_only
1226403737122405533.png,raw_metadata_only
1226498605793856952.png,raw_metadata_only
1228823773202587697.png,raw_metadata_only
1232127286936083059.png,raw_metadata_only
123261771205042552.png,raw_metadata_only
1233042796667061784.png,raw_metadata_only
1235468610727528349.png,raw_metadata_only
1247119262351982123.png,raw_metadata_only
1249355852331106344.png,raw_metadata_only
1249989506523108117.png,raw_metadata_only
1251850717373543850.png,raw_metadata_only
1256846535651836583.png,raw_metadata_only
1261117650419302958.png,raw_metadata_only
126442659931146322.png,raw_metadata_only
1264647325821384913.png,raw_metadata_only
1264880290641740252.png,raw_metadata_only
1265648201687179711.png,raw_metadata_only
1266796355808440835.png,raw_metadata_only
1271447956225696568.png,raw_metadata_only
1274431957550118270.png,raw_metadata_only
1275288180639451686.png,raw_metadata_only
1277537436920058494.png,raw_metadata_only
1279975512194073950.png,raw_metadata_only
1281951106283171619.png,raw_metadata_only
128620933788201289.png,raw_metadata_only
1289677945134827265.png,raw_metadata_only
1293771958382643774.png,raw_metadata_only
1294349117406034719.png,raw_metadata_only
1295850104787573131.png,raw_metadata_only
1295927268022844059.png,raw_metadata_only
1296339559106857561.png,raw_metadata_only
1297296927955672583.png,raw_metadata_only
1297769982922651055.png,raw_metadata_only
1299760112396959249.png,raw_metadata_only
1301032748409854697.png,raw_metadata_only
130409348800258241.png,raw_metadata_only
130530346867575707.png,raw_metadata_only
1306620528560267193.png,raw_metadata_only
130919405088252728.png,raw_metadata_only
1313006089116357612.png,raw_metadata_only
1316859390205134500.png,raw_metadata_only
1317117756119681704.png,raw_metadata_only
1323541714731364649.png,raw_metadata_only
1330127670452249089.png,raw_metadata_only
1330856772985077296.png,raw_metadata_only
1331778465057778219.png,raw_metadata_only
1333706200037265156.png,raw_metadata_only
1337969540709121168.png,raw_metadata_only
1338155833089093015.png,raw_metadata_only
1338528721111070461.png,raw_metadata_only
1340877522828995354.png,raw_metadata_only
1343699797471398933.png,raw_metadata_only
1343985150496825534.png,raw_metadata_only
1346388411578596618.png,raw_metadata_only
1348128985059204469.png,raw_metadata_only
1349275642037132410.png,raw_metadata_only
1351635435439282516.png,raw_metadata_only
1354009390217104598.png,raw_metadata_only
1355204932470793841.png,raw_metadata_only
1355466842015351183.png,raw_metadata_only
1360469701886435797.png,raw_metadata_only
1367719485286431273.png,raw_metadata_only
1368252163480256981.png,raw_metadata_only
1371432349899416739.png,raw_metadata_only
1376729513786215428.png,raw_metadata_only
1378885080315433235.png,raw_metadata_only
1387639516796423603.png,raw_metadata_only
1390353325017682611.png,raw_metadata_only
139073546012313918.png,raw_metadata_only
1391062570968404918.png,raw_metadata_only
1393668509868771240.png,raw_metadata_only
1394071700183805371.png,raw_metadata_only
1397972442928904332.png,raw_metadata_only
1400015652681005446.png,raw_metadata_only
140266226733251188.png,raw_metadata_only
1409993672789347822.png,raw_metadata_only
1413331105575018692.png,raw_metadata_only
1417927806387579824.png,raw_metadata_only
1419386570977961207.png,raw_metadata_only
1419844800033579934.png,raw_metadata_only
1420769140008179945.png,raw_metadata_only
1420888344677537937.png,raw_metadata_only
1422212996746962472.png,raw_metadata_only
14223936327677747.png,raw_metadata_only
1432969204287528453.png,raw_metadata_only
1433958952540266520.png,raw_metadata_only
1435372385686455951.png,raw_metadata_only
1438874731854835012.png,raw_metadata_only
1440901182122610584.png,raw_metadata_only
1441065153734559518.png,raw_metadata_only
1444507081046940940.png,raw_metadata_only
144671787416056514.png,raw_metadata_only
144679265822215422.png,raw_metadata_only
1449325263730653985.png,raw_metadata_only
1452477074820701465.png,raw_metadata_only
1459151667966437236.png,raw_metadata_only
146806849615007658.png,raw_metadata_only
1469543737465290430.png,raw_metadata_only
147531771936617977.png,raw_metadata_only
1475569081965862676.png,raw_metadata_only
147867647468939542.png,raw_metadata_only
1479227923476003483.png,raw_metadata_only
1481800342397481307.png,raw_metadata_only
1483103551449439132.png,raw_metadata_only
1486155183715786250.png,raw_metadata_only
1489531526542869330.png,raw_metadata_only
1490069034888225910.png,raw_metadata_only
1492312306800241080.png,raw_metadata_only
149562624305497686.png,raw_metadata_only
1503146488204343023.png,raw_metadata_only
1504759967591658232.png,raw_metadata_only
1513534086333321525.png,raw_metadata_only
1515729902238675164.png,raw_metadata_only
1518156719056692518.png,raw_metadata_only
152035477957158422.png,raw_metadata_only
1527381613890907545.png,raw_metadata_only
1528042646004546516.png,raw_metadata_only
1529760163312919375.png,raw_metadata_only
1531271672226749920.png,raw_metadata_only
1531327703725978617.png,raw_metadata_only
1533523366399098473.png,raw_metadata_only
1533945933934117254.png,raw_metadata_only
1550865439574282805.png,raw_metadata_only
1552320534234063311.png,raw_metadata_only
1552466107574831667.png,raw_metadata_only
1553267471705450569.png,raw_metadata_only
1557051307003498718.png,raw_metadata_only
1558223671010447257.png,raw_metadata_only
156375193518512336.png,raw_metadata_only
1566609755826020513.png,raw_metadata_only
1566788036019564677.png,raw_metadata_only
1567129274641431600.png,raw_metadata_only
1570503054937923757.png,raw_metadata_only
157585147574193586.png,raw_metadata_only
1578168487991885692.png,raw_metadata_only
1579396880321775959.png,raw_metadata_only
1582600660059447086.png,raw_metadata_only
1583230730423672688.png,raw_metadata_only
1584580997203562589.png,raw_metadata_only
1591832663833429443.png,raw_metadata_only
1594071125846430654.png,raw_metadata_only
1595749725070509918.png,raw_metadata_only
1603224747391777244.png,raw_metadata_only
160436097964995580.png,raw_metadata_only
1610053035993761930.png,raw_metadata_only
1611075422011355091.png,raw_metadata_only
1614121879822245593.png,raw_metadata_only
1614626738569121702.png,raw_metadata_only
1614744465976140756.png,raw_metadata_only
1615221607668977325.png,raw_metadata_only
1618044772835102573.png,raw_metadata_only
1619983824061709467.png,raw_metadata_only
1623516877780078826.png,raw_metadata_only
1628199398892577507.png,raw_metadata_only
1631069688456020943.png,raw_metadata_only
1631420851249976487.png,raw_metadata_only
1633175637881662694.png,raw_metadata_only
1636631632238994546.png,raw_metadata_only
1638508901079846770.png,raw_metadata_only
1643665599768720023.png,raw_metadata_only
1644770846178933054.png,raw_metadata_only
1646400556447403384.png,raw_metadata_only
1646975859985316850.png,raw_metadata_only
1648002750642308480.png,raw_metadata_only
1651006647637522070.png,raw_metadata_only
1657533924064656282.png,raw_metadata_only
1657919391725224335.png,raw_metadata_only
1664918864401078432.png,raw_metadata_only
1667670265093717504.png,raw_metadata_only
1667671400222892602.png,raw_metadata_only
1668265678293886192.png,raw_metadata_only
1673074396119320666.png,raw_metadata_only
1675122515505544372.png,raw_metadata_only
1678067194959098710.png,raw_metadata_only
1679361334448151803.png,raw_metadata_only
1680863652357240074.png,raw_metadata_only
1686781530006487268.png,raw_metadata_only
1688296838054020641.png,raw_metadata_only
168988750279084140.png,raw_metadata_only
169117255188714683.png,raw_metadata_only
1693328204661342127.png,raw_metadata_only
1700187218161747262.png,raw_metadata_only
1703784345875565387.png,raw_metadata_only
1706742238338905499.png,raw_metadata_only
1708324385169437705.png,raw_metadata_only
1712997381419151754.png,raw_metadata_only
1713885269164668516.png,raw_metadata_only
1716169905151059756.png,raw_metadata_only
172106443890147546.png,raw_metadata_only
1721331013692387491.png,raw_metadata_only
1721745586984226204.png,raw_metadata_only
1724692510227496189.png,raw_metadata_only
1727931938875379365.png,raw_metadata_only
1729541313098155924.png,raw_metadata_only
1738676755083043450.png,raw_metadata_only
1742789116047806951.png,raw_metadata_only
1750577045419559316.png,raw_metadata_only
1751946483849840910.png,raw_metadata_only
1757309953129434820.png,raw_metadata_only
1758905946129644589.png,raw_metadata_only
176454124712129770.png,raw_metadata_only
1772086195443268418.png,raw_metadata_only
1777851062994805694.png,raw_metadata_only
1782655744000280800.png,raw_metadata_only
178631085836043485.png,raw_metadata_only
1786869247473263119.png,raw_metadata_only
1788638919625252700.png,raw_metadata_only
17923626365891842.png,raw_metadata_only
1796794011349423596.png,raw_metadata_only
1797066646375990972.png,raw_metadata_only
1799046428532843392.png,raw_metadata_only
1806515173591470686.png,raw_metadata_only
180733133115324617.png,raw_metadata_only
1810370700821678969.png,raw_metadata_only
1813602956067541114.png,raw_metadata_only
1816700375369904287.png,raw_metadata_only
1826477474008192497.png,raw_metadata_only
183167050226033603.png,raw_metadata_only
183925710312569203.png,raw_metadata_only
1843522948037536322.png,raw_metadata_only
1844783267320439523.png,raw_metadata_only
1846991956022110089.png,raw_metadata_only
1848099513743152794.png,raw_metadata_only
1851736223985307611.png,raw_metadata_only
1851972142048297272.png,raw_metadata_only
1855124016380658869.png,raw_metadata_only
18582513672549802.png,raw_metadata_only
1858273967022092756.png,raw_metadata_only
1859555874813220771.png,raw_metadata_only
1860291677335137727.png,raw_metadata_only
1864775591353076901.png,raw_metadata_only
1866757592791595550.png,raw_metadata_only
1868280725726787241.png,raw_metadata_only
187174283899310881.png,raw_metadata_only
1872227535738871897.png,raw_metadata_only
1874632356977158811.png,raw_metadata_only
1876054088202915751.png,raw_metadata_only
187727587523873295.png,raw_metadata_only
187783128814154274.png,raw_metadata_only
1878175006260394935.png,raw_metadata_only
1881484952385338081.png,raw_metadata_only
1888279998085738364.png,raw_metadata_only
1889659819031460775.png,raw_metadata_only
1898249102237046559.png,raw_metadata_only
1908446894319161195.png,raw_metadata_only
1910207882870793381.png,raw_metadata_only
1912338877788743690.png,raw_metadata_only
1918021157952556881.png,raw_metadata_only
1918072958699636555.png,raw_metadata_only
192754079791747977.png,raw_metadata_only
1929173786986910121.png,raw_metadata_only
1930168875725807976.png,raw_metadata_only
1930590599703377239.png,raw_metadata_only
193087138141817006.png,raw_metadata_only
1931541695065145372.png,raw_metadata_only
1931853256230965951.png,raw_metadata_only
1933863187913316999.png,raw_metadata_only
1946634650404672508.png,raw_metadata_only
1949246608280475174.png,raw_metadata_only
1953854949943086357.png,raw_metadata_only
1955245080262024269.png,raw_metadata_only
1958857250797816500.png,raw_metadata_only
1960148010488152086.png,raw_metadata_only
19627971357186240.png,raw_metadata_only
1984518571632162586.png,raw_metadata_only
1986026949548670966.png,raw_metadata_only
1987051952550729808.png,raw_metadata_only
1988409265489804253.png,raw_metadata_only
1989830385695885661.png,raw_metadata_only
1993828911155411032.png,raw_metadata_only
19940625138969942.png,raw_metadata_only
1994657989760791108.png,raw_metadata_only
1995565319938459480.png,raw_metadata_only
1996808291618125921.png,raw_metadata_only
2004763652489109478.png,raw_metadata_only
2005302618223985472.png,raw_metadata_only
2005404443683173607.png,raw_metadata_only
2009436561989864989.png,raw_metadata_only
2015592645690070219.png,raw_metadata_only
2015786501232861249.png,raw_metadata_only
2021255960758992412.png,raw_metadata_only
2023700938856963888.png,raw_metadata_only
2023766955834450757.png,raw_metadata_only
2025511185851714155.png,raw_metadata_only
2026293731835959724.png,raw_metadata_only
2028115984880084474.png,raw_metadata_only
2029598618521662867.png,raw_metadata_only
203552525882024997.png,raw_metadata_only
2038219814193617801.png,raw_metadata_only
2038646784297666427.png,raw_metadata_only
2042165779747263189.png,raw_metadata_only
2046636425357602526.png,raw_metadata_only
2056772169501702307.png,raw_metadata_only
206018800684531452.png,raw_metadata_only
2060471798669455173.png,raw_metadata_only
2063487109103634254.png,raw_metadata_only
2065343154650666651.png,raw_metadata_only
2069340232086307038.png,raw_metadata_only
2069621839145200751.png,raw_metadata_only
2076976273865173197.png,raw_metadata_only
2077227542000751032.png,raw_metadata_only
2084767668191992924.png,raw_metadata_only
2094030936610393240.png,raw_metadata_only
2095611492425696026.png,raw_metadata_only
2097739504635239716.png,raw_metadata_only
2099385321509702814.png,raw_metadata_only
2100977657284494000.png,raw_metadata_only
2110931859396807510.png,raw_metadata_only
2113779302874315291.png,raw_metadata_only
2113805703839965152.png,raw_metadata_only
2113924223562100748.png,raw_metadata_only
2114621166535055231.png,raw_metadata_only
2115531445367683046.png,raw_metadata_only
2117192719632390083.png,raw_metadata_only
2130143874513883168.png,raw_metadata_only
2130176188158570967.png,raw_metadata_only
2144853772275417467.png,raw_metadata_only
2147048461986202958.png,raw_metadata_only
2147300317559347664.png,raw_metadata_only
2148633233202653577.png,raw_metadata_only
2149413884633077115.png,raw_metadata_only
2149864655264639880.png,raw_metadata_only
2153854041453260288.png,raw_metadata_only
215461756593645530.png,raw_metadata_only
2155104895949617629.png,raw_metadata_only
2157774817517082985.png,raw_metadata_only
2159710690581404597.png,raw_metadata_only
2162771066394387094.png,raw_metadata_only
2164256750385880705.png,raw_metadata_only
2167301900469041515.png,raw_metadata_only
2172969972171453857.png,raw_metadata_only
2178398307847074216.png,raw_metadata_only
218038976660770879.png,raw_metadata_only
2183602146179526374.png,raw_metadata_only
2188172618140366261.png,raw_metadata_only
2189719335752846444.png,raw_metadata_only
2189940629688040208.png,raw_metadata_only
2192270069473929375.png,raw_metadata_only
2194676804291575959.png,raw_metadata_only
2194913277188875093.png,raw_metadata_only
2199283228730696275.png,raw_metadata_only
2201649432205640488.png,raw_metadata_only
2201802054019753371.png,raw_metadata_only
2205354742608851327.png,raw_metadata_only
2208627250870626069.png,raw_metadata_only
2211675231366795064.png,raw_metadata_only
2213745540454712774.png,raw_metadata_only
2216797838786195119.png,raw_metadata_only
2218786370631568755.png,raw_metadata_only
2219721429445002190.png,raw_metadata_only
2227094607223164151.png,raw_metadata_only
2231933715716030607.png,raw_metadata_only
2232175051925813495.png,raw_metadata_only
2234171277420256107.png,raw_metadata_only
2236558726869900330.png,raw_metadata_only
2237253417025008607.png,raw_metadata_only
2238082324195606536.png,raw_metadata_only
223899975649303626.png,raw_metadata_only
2243189306663742943.png,raw_metadata_only
224468774974426890.png,raw_metadata_only
2254037286491381728.png,raw_metadata_only
2258579413847176406.png,raw_metadata_only
2265714389116184242.png,raw_metadata_only
2266984041726889936.png,raw_metadata_only
2270646269580686219.png,raw_metadata_only
227072891105880210.png,raw_metadata_only
2273674783335615454.png,raw_metadata_only
2276772204019115957.png,raw_metadata_only
2277093526010949775.png,raw_metadata_only
2284679277123659907.png,raw_metadata_only
2285038803115437045.png,raw_metadata_only
2286418088941755111.png,raw_metadata_only
228863182565540896.png,raw_metadata_only
2290698779698641503.png,raw_metadata_only
2292201967058329951.png,raw_metadata_only
2292848288736421923.png,raw_metadata_only
2294574032162424468.png,raw_metadata_only
2295849193365173856.png,raw_metadata_only
2296688172207504539.png,raw_metadata_only
2298102274545177880.png,raw_metadata_only
2299496467473665582.png,raw_metadata_only
2301491935372174625.png,raw_metadata_only
2302090037998945084.png,raw_metadata_only
2305782266588201159.png,raw_metadata_only
2306374130865485808.png,raw_metadata_only
2307880310506511222.png,raw_metadata_only
2310830854020519261.png,raw_metadata_only
2312932902832481310.png,raw_metadata_only
2318937252356400053.png,raw_metadata_only
2321842199772092520.png,raw_metadata_only
232427445692240264.png,raw_metadata_only
2328483303809330933.png,raw_metadata_only
2332669576438744871.png,raw_metadata_only
2337501167141507705.png,raw_metadata_only
2337702317933991192.png,raw_metadata_only
2342111360511870936.png,raw_metadata_only
2344080618010050825.png,raw_metadata_only
2345398137409505013.png,raw_metadata_only
2348774092432845532.png,raw_metadata_only
2351708259605842110.png,raw_metadata_only
2354163870754569729.png,raw_metadata_only
2355232155520138526.png,raw_metadata_only
2359770488566813202.png,raw_metadata_only
2366062996416132123.png,raw_metadata_only
2366691154046778346.png,raw_metadata_only
2366989819258537697.png,raw_metadata_only
2370054076075868973.png,raw_metadata_only
2377128044154932230.png,raw_metadata_only
2378225698424758847.png,raw_metadata_only
2386484569950620215.png,raw_metadata_only
2386971064686249517.png,raw_metadata_only
2390331224102061989.png,raw_metadata_only
2400552476514143308.png,raw_metadata_only
2402052351951478554.png,raw_metadata_only
2404005146358173046.png,raw_metadata_only
2404368198727963614.png,raw_metadata_only
2405240516238144095.png,raw_metadata_only
2417862935196749481.png,raw_metadata_only
2423705427124294223.png,raw_metadata_only
2429059167940207604.png,raw_metadata_only
2432074176479085493.png,raw_metadata_only
243462428914670222.png,raw_metadata_only
2437174378096103277.png,raw_metadata_only
2440353624639310907.png,raw_metadata_only
2442787247623782649.png,raw_metadata_only
2443260303623193114.png,raw_metadata_only
2443622903400965449.png,raw_metadata_only
2444409324007678268.png,raw_metadata_only
244714197365103165.png,raw_metadata_only
2450098667387636476.png,raw_metadata_only
2451961356480965721.png,raw_metadata_only
2456214977074712457.png,raw_metadata_only
2460456635193060371.png,raw_metadata_only
2461542560021346864.png,raw_metadata_only
2472610672273666860.png,raw_metadata_only
2473773513746902139.png,raw_metadata_only
2475385245738167511.png,raw_metadata_only
2476834931738782392.png,raw_metadata_only
248268082819563394.png,raw_metadata_only
2484245091908956763.png,raw_metadata_only
2491706712543872167.png,raw_metadata_only
2495505922252072839.png,raw_metadata_only
2497090293866182439.png,raw_metadata_only
249823248533131936.png,raw_metadata_only
2504965905974233687.png,raw_metadata_only
2507840623245200626.png,raw_metadata_only
2508530986946553819.png,raw_metadata_only
2511159005449343926.png,raw_metadata_only
2511211163927355302.png,raw_metadata_only
2513203126718691317.png,raw_metadata_only
2514818110141681923.png,raw_metadata_only
2515505647577480142.png,raw_metadata_only
251806420008486845.png,raw_metadata_only
2518164485666214259.png,raw_metadata_only
2519585291032607145.png,raw_metadata_only
2522644804342603224.png,raw_metadata_only
2523956074973693887.png,raw_metadata_only
2529444975756624807.png,raw_metadata_only
2530103353858194192.png,raw_metadata_only
2531079652454752474.png,raw_metadata_only
253523969860442105.png,raw_metadata_only
2542489771916091315.png,raw_metadata_only
2542656689420019332.png,raw_metadata_only
2544922391024332396.png,raw_metadata_only
2546278824357167299.png,raw_metadata_only
2546491361917156014.png,raw_metadata_only
2550882427135902833.png,raw_metadata_only
255351744830208072.png,raw_metadata_only
2555764332215557264.png,raw_metadata_only
2562759049634593653.png,raw_metadata_only
2564872015073681114.png,raw_metadata_only
2565931963377388.png,raw_metadata_only
2566482281513326129.png,raw_metadata_only
2568209197665125615.png,raw_metadata_only
2575487238866216554.png,raw_metadata_only
258065799182461862.png,raw_metadata_only
2582636071294384555.png,raw_metadata_only
2587768503558995392.png,raw_metadata_only
2589589650704925276.png,raw_metadata_only
2591933346512122653.png,raw_metadata_only
2595530493034975636.png,raw_metadata_only
2595935910303251608.png,raw_metadata_only
2596318900858824252.png,raw_metadata_only
2599587953610134632.png,raw_metadata_only
2605077254459592143.png,raw_metadata_only
2605895686969623891.png,raw_metadata_only
2608619041636383300.png,raw_metadata_only
261264457790275947.png,raw_metadata_only
261441986381809088.png,raw_metadata_only
2622906802915358768.png,raw_metadata_only
262312026683398078.png,raw_metadata_only
2623815931378145489.png,raw_metadata_only
2627734411216844069.png,raw_metadata_only
2628572292450388620.png,raw_metadata_only
263237111855771394.png,raw_metadata_only
263339305593339838.png,raw_metadata_only
2633511399663735175.png,raw_metadata_only
2634439961670521462.png,raw_metadata_only
2637902582035682470.png,raw_metadata_only
2643554524048425352.png,raw_metadata_only
2647251192577967495.png,raw_metadata_only
2651312764280386905.png,raw_metadata_only
2651797924183255103.png,raw_metadata_only
2656129314589493558.png,raw_metadata_only
265617434552206306.png,raw_metadata_only
2657297101803501152.png,raw_metadata_only
2659468143706333679.png,raw_metadata_only
2661853004663829775.png,raw_metadata_only
266492955299328763.png,raw_metadata_only
267232830417622013.png,raw_metadata_only
2673916593000381599.png,raw_metadata_only
2677523027699127867.png,raw_metadata_only
2680174793289567413.png,raw_metadata_only
268766535837814045.png,raw_metadata_only
269123052583184688.png,raw_metadata_only
2692765981957841521.png,raw_metadata_only
2694616396924670397.png,raw_metadata_only
2697077814261262229.png,raw_metadata_only
2697713667499454392.png,raw_metadata_only
269964054584199264.png,raw_metadata_only
2699840824266959133.png,raw_metadata_only
2711443825321354377.png,raw_metadata_only
2712294258025927757.png,raw_metadata_only
2717443941596411793.png,raw_metadata_only
2717545143693201399.png,raw_metadata_only
2717985043119927207.png,raw_metadata_only
2720084955089501532.png,raw_metadata_only
2720521270459165544.png,raw_metadata_only
272279617595669419.png,raw_metadata_only
2724065038767986882.png,raw_metadata_only
2726749897069886336.png,raw_metadata_only
2730575868586770899.png,raw_metadata_only
2736203291270982156.png,raw_metadata_only
2739221591362066725.png,raw_metadata_only
2740153822422779407.png,raw_metadata_only
2746429765102728616.png,raw_metadata_only
2747980401341477499.png,raw_metadata_only
2753300017140848585.png,raw_metadata_only
2755037813286487372.png,raw_metadata_only
2761011390199798183.png,raw_metadata_only
2764982276027565672.png,raw_metadata_only
2768136860958519547.png,raw_metadata_only
2769842040237735440.png,raw_metadata_only
2772837237864071302.png,raw_metadata_only
2773197081097144403.png,raw_metadata_only
2773237399413524337.png,raw_metadata_only
2774671553356700531.png,raw_metadata_only
2775970839669404553.png,raw_metadata_only
2778412977034500881.png,raw_metadata_only
2781263881387899544.png,raw_metadata_only
2783625837167947971.png,raw_metadata_only
2786950762714599930.png,raw_metadata_only
2794221117608527823.png,raw_metadata_only
2801719401577133235.png,raw_metadata_only
2805899345467138614.png,raw_metadata_only
2808773002897052300.png,raw_metadata_only
2812276317746120739.png,raw_metadata_only
2813604903668733873.png,raw_metadata_only
2815368110591186010.png,raw_metadata_only
2816794106198106076.png,raw_metadata_only
2820269435276674349.png,raw_metadata_only
2823528035542719804.png,raw_metadata_only
2826080964022634080.png,raw_metadata_only
2826505419941400400.png,raw_metadata_only
2829710343837988887.png,raw_metadata_only
2834513606278360936.png,raw_metadata_only
2840622401564718062.png,raw_metadata_only
2842997620454893553.png,raw_metadata_only
2851276184488539817.png,raw_metadata_only
2852593862813573778.png,raw_metadata_only
2856173988568189587.png,raw_metadata_only
2859898757006626400.png,raw_metadata_only
2860400602433448781.png,raw_metadata_only
286104665475952105.png,raw_metadata_only
2861479942276825836.png,raw_metadata_only
2865507379279782179.png,raw_metadata_only
2866454509532808925.png,raw_metadata_only
2867927680914222951.png,raw_metadata_only
2869044007360673347.png,raw_metadata_only
2869390005959410844.png,raw_metadata_only
2870878335188108766.png,raw_metadata_only
2872104375673988106.png,raw_metadata_only
2873741605956533494.png,raw_metadata_only
2877086056263079301.png,raw_metadata_only
2880743758939774962.png,raw_metadata_only
2885607661168095976.png,raw_metadata_only
2889299717727615428.png,raw_metadata_only
2892715523123881865.png,raw_metadata_only
2899853049574441942.png,raw_metadata_only
2902090222149395621.png,raw_metadata_only
2902595991966838022.png,raw_metadata_only
2905014160103251650.png,raw_metadata_only
2906543874863493278.png,raw_metadata_only
2912294623571949180.png,raw_metadata_only
2921504236524385494.png,raw_metadata_only
2922874781087915859.png,raw_metadata_only
2924731212628913157.png,raw_metadata_only
2925189365841561248.png,raw_metadata_only
2927436103858535186.png,raw_metadata_only
2928870370235204822.png,raw_metadata_only
2930618425108770276.png,raw_metadata_only
2931131231996829456.png,raw_metadata_only
2932220252440884552.png,raw_metadata_only
293527009764473431.png,raw_metadata_only
2941299394318978879.png,raw_metadata_only
2941606640160585348.png,raw_metadata_only
2943367903477162427.png,raw_metadata_only
2943741493174697546.png,raw_metadata_only
2944925146435217107.png,raw_metadata_only
2949235458581146222.png,raw_metadata_only
2958037757971328300.png,raw_metadata_only
2965383283706324138.png,raw_metadata_only
2965535129282460718.png,raw_metadata_only
2967422214128041718.png,raw_metadata_only
2967815863849999870.png,raw_metadata_only
2968517857107679367.png,raw_metadata_only
2968862999966879748.png,raw_metadata_only
2979908324310233539.png,raw_metadata_only
2983323875335943836.png,raw_metadata_only
298340351944921345.png,raw_metadata_only
2990991650016776214.png,raw_metadata_only
2996861720835498072.png,raw_metadata_only
2998645838084696092.png,raw_metadata_only
3010222248073712808.png,raw_metadata_only
3015776663369157013.png,raw_metadata_only
3020008971052084389.png,raw_metadata_only
3024771165646921813.png,raw_metadata_only
3030198788821231242.png,raw_metadata_only
303527354719264463.png,raw_metadata_only
3036449672348158586.png,raw_metadata_only
3041814759944506684.png,raw_metadata_only
304551164601806156.png,raw_metadata_only
3045617027850533751.png,raw_metadata_only
304578892614747356.png,raw_metadata_only
3051527726290616354.png,raw_metadata_only
3052063028553757845.png,raw_metadata_only
3052231444745390157.png,raw_metadata_only
3055199147574379337.png,raw_metadata_only
3056937058072567919.png,raw_metadata_only
3058288144111959345.png,raw_metadata_only
3063263429350226025.png,raw_metadata_only
3063788955691719168.png,raw_metadata_only
3065383426324636833.png,raw_metadata_only
3067216138573649753.png,raw_metadata_only
3069411409206566218.png,raw_metadata_only
3070153159045650433.png,raw_metadata_only
3072103963973729884.png,raw_metadata_only
3073485165108061399.png,raw_metadata_only
3075920299582979622.png,raw_metadata_only
3087583442204718089.png,raw_metadata_only
308809278742658581.png,raw_metadata_only
3091327595194968859.png,raw_metadata_only
3096229718305165698.png,raw_metadata_only
3097647019489022813.png,raw_metadata_only
3099961214399368130.png,raw_metadata_only
3104801012387799539.png,raw_metadata_only
3105764364071983058.png,raw_metadata_only
3105836874234150663.png,raw_metadata_only
310597834410913762.png,raw_metadata_only
3108281965225546428.png,raw_metadata_only
3108565501924573196.png,raw_metadata_only
3116486262777899251.png,raw_metadata_only
3117130270520532494.png,raw_metadata_only
3117252609067937972.png,raw_metadata_only
3120309630356813157.png,raw_metadata_only
3124470737204409949.png,raw_metadata_only
3124736829481063741.png,raw_metadata_only
3125894190460478372.png,raw_metadata_only
3128231472463456057.png,raw_metadata_only
3129211308150050799.png,raw_metadata_only
3129243513709030690.png,raw_metadata_only
3131220085689527684.png,raw_metadata_only
3142461407330842839.png,raw_metadata_only
3144434394969852274.png,raw_metadata_only
3146396626836447561.png,raw_metadata_only
3147514409870849159.png,raw_metadata_only
3153186173672962685.png,raw_metadata_only
3153817305947987087.png,raw_metadata_only
3156709853558465520.png,raw_metadata_only
3158142516797736046.png,raw_metadata_only
3161697968669554002.png,raw_metadata_only
3164234043062997499.png,raw_metadata_only
3174860297229272299.png,raw_metadata_only
3176420470254766321.png,raw_metadata_only
3177770278696143993.png,raw_metadata_only
3184081289799315369.png,raw_metadata_only
3190348594566566769.png,raw_metadata_only
3190471120217261671.png,raw_metadata_only
3193376092446046294.png,raw_metadata_only
3196034198189806444.png,raw_metadata_only
3201833674357467711.png,raw_metadata_only
3205157647598972030.png,raw_metadata_only
3207675025978194245.png,raw_metadata_only
3208161204465821571.png,raw_metadata_only
3209927844777750788.png,raw_metadata_only
3217972289794609413.png,raw_metadata_only
3218400478256907691.png,raw_metadata_only
3221568684394957211.png,raw_metadata_only
3222392825370085097.png,raw_metadata_only
3223640013662199890.png,raw_metadata_only
3228834542325463645.png,raw_metadata_only
3230769903175388280.png,raw_metadata_only
3233353314629424627.png,raw_metadata_only
3238264337031130422.png,raw_metadata_only
3238583509221468864.png,raw_metadata_only
3239051084073530803.png,raw_metadata_only
3242057374145843115.png,raw_metadata_only
324361310478423099.png,raw_metadata_only
3252820160985312161.png,raw_metadata_only
3252880636526484617.png,raw_metadata_only
3253595250109030792.png,raw_metadata_only
325464533153467313.png,raw_metadata_only
32575980331712012.png,raw_metadata_only
3258143757275914082.png,raw_metadata_only
325951412294808522.png,raw_metadata_only
326661258019614991.png,raw_metadata_only
3268110611825003651.png,raw_metadata_only
3268414439129063224.png,raw_metadata_only
3268455558666967352.png,raw_metadata_only
3271399006558129695.png,raw_metadata_only
3271840766527417921.png,raw_metadata_only
3274473114853778021.png,raw_metadata_only
3275096836726128301.png,raw_metadata_only
3276226774155113651.png,raw_metadata_only
3278066244121487133.png,raw_metadata_only
3296969423307996294.png,raw_metadata_only
3310250080691538646.png,raw_metadata_only
331220510768732900.png,raw_metadata_only
3313274609960316582.png,raw_metadata_only
332030937009445926.png,raw_metadata_only
3320758658890399768.png,raw_metadata_only
3322924289250065571.png,raw_metadata_only
3323416868640099673.png,raw_metadata_only
3337523698284318457.png,raw_metadata_only
3343504286421448002.png,raw_metadata_only
3344247158207911686.png,raw_metadata_only
3344583819827755218.png,raw_metadata_only
3352692970439557959.png,raw_metadata_only
3353426049212904080.png,raw_metadata_only
3354898735789892138.png,raw_metadata_only
3356031358980399717.png,raw_metadata_only
3358565101040151385.png,raw_metadata_only
3364079806087643651.png,raw_metadata_only
3364608434700070133.png,raw_metadata_only
3364781293885981837.png,raw_metadata_only
3368659911982387573.png,raw_metadata_only
3370900709905250442.png,raw_metadata_only
3375815482440609568.png,raw_metadata_only
3376753496032666135.png,raw_metadata_only
3376758720608658404.png,raw_metadata_only
3380916463156778512.png,raw_metadata_only
3384723711712706556.png,raw_metadata_only
3384870745361435541.png,raw_metadata_only
3390191852224494870.png,raw_metadata_only
3391002849567818495.png,raw_metadata_only
3394250592616475386.png,raw_metadata_only
3394382422585763667.png,raw_metadata_only
3396135614317995918.png,raw_metadata_only
339952985859851474.png,raw_metadata_only
3402460933521878670.png,raw_metadata_only
3404102464667992047.png,raw_metadata_only
340484716796686247.png,raw_metadata_only
3406242783791221747.png,raw_metadata_only
3408423727556649915.png,raw_metadata_only
3410111771762414540.png,raw_metadata_only
34131928669282508.png,raw_metadata_only
3416790616376857877.png,raw_metadata_only
3418802857421487905.png,raw_metadata_only
3422278879386892670.png,raw_metadata_only
3422994612320563320.png,raw_metadata_only
3425915044190272265.png,raw_metadata_only
3428540770171696994.png,raw_metadata_only
3430309310998057154.png,raw_metadata_only
3433416026827005672.png,raw_metadata_only
3434201760584703211.png,raw_metadata_only
3434751966264570904.png,raw_metadata_only
3440626155899694421.png,raw_metadata_only
3445096909671059178.png,raw_metadata_only
3445145848091696711.png,raw_metadata_only
344858506070139140.png,raw_metadata_only
3451187859529680478.png,raw_metadata_only
3460061151460537360.png,raw_metadata_only
3462537357290386973.png,raw_metadata_only
3464484999750120313.png,raw_metadata_only
347108597815692432.png,raw_metadata_only
3473875934174972805.png,raw_metadata_only
3486270610847283622.png,raw_metadata_only
348648893331376928.png,raw_metadata_only
3488658631985385263.png,raw_metadata_only
3492237304032114736.png,raw_metadata_only
3492407736887151779.png,raw_metadata_only
3495686488871907134.png,raw_metadata_only
3496787439305847630.png,raw_metadata_only
3496791689370712664.png,raw_metadata_only
3498202941263583403.png,raw_metadata_only
3500721168724396601.png,raw_metadata_only
3500827445828450084.png,raw_metadata_only
3501659528142162673.png,raw_metadata_only
350311854147367887.png,raw_metadata_only
350422294891149231.png,raw_metadata_only
3511261785740827535.png,raw_metadata_only
3515785822778914391.png,raw_metadata_only
351807406024661524.png,raw_metadata_only
3521631577073828129.png,raw_metadata_only
3522232631743422037.png,raw_metadata_only
3523276008152878473.png,raw_metadata_only
3525801079832465891.png,raw_metadata_only
3535390427674659182.png,raw_metadata_only
3537907391382687473.png,raw_metadata_only
3541058243163230586.png,raw_metadata_only
3546265489051713788.png,raw_metadata_only
3548088881575576164.png,raw_metadata_only
3548177031435259234.png,raw_metadata_only
3548780608961466994.png,raw_metadata_only
3550848551844126961.png,raw_metadata_only
3558245463617472979.png,raw_metadata_only
355935327908380804.png,raw_metadata_only
356266868612571148.png,raw_metadata_only
3563635796867698533.png,raw_metadata_only
3564691205977173314.png,raw_metadata_only
3567155994436780163.png,raw_metadata_only
3567983899605382882.png,raw_metadata_only
3568195350352152698.png,raw_metadata_only
3570955776548631435.png,raw_metadata_only
3572631563811269313.png,raw_metadata_only
3574651604942172666.png,raw_metadata_only
3578475424238369770.png,raw_metadata_only
3585894054349611907.png,raw_metadata_only
3586347795171594166.png,raw_metadata_only
3587455938778990436.png,raw_metadata_only
3588643110975580889.png,raw_metadata_only
3590489756829695100.png,raw_metadata_only
3590899735996502744.png,raw_metadata_only
359598268047413532.png,raw_metadata_only
3596202079101901561.png,raw_metadata_only
35967584599228684.png,raw_metadata_only
3597311527351535945.png,raw_metadata_only
3597635801230202250.png,raw_metadata_only
3604072522488042220.png,raw_metadata_only
3605742079922737437.png,raw_metadata_only
3609102888029629783.png,raw_metadata_only
3614097266056290592.png,raw_metadata_only
3617083469771402105.png,raw_metadata_only
3621136451412139943.png,raw_metadata_only
3621615570347899037.png,raw_metadata_only
3622879209964557904.png,raw_metadata_only
362777524290897797.png,raw_metadata_only
3630731220712902717.png,raw_metadata_only
3631289390646635397.png,raw_metadata_only
3634051722875270387.png,raw_metadata_only
3634169610398922005.png,raw_metadata_only
3636925228447595234.png,raw_metadata_only
3639583944950649714.png,raw_metadata_only
3640563448075598133.png,raw_metadata_only
3643717213370026737.png,raw_metadata_only
3648199807573475125.png,raw_metadata_only
3649560684285356145.png,raw_metadata_only
3649678936690499596.png,raw_metadata_only
3653973577012354804.png,raw_metadata_only
3655934744719916115.png,raw_metadata_only
3656829778955800961.png,raw_metadata_only
3657699874083333018.png,raw_metadata_only
366175157908296648.png,raw_metadata_only
3661879774017062417.png,raw_metadata_only
366372325082747030.png,raw_metadata_only
3668547149215534591.png,raw_metadata_only
3669930617846525403.png,raw_metadata_only
367210754098426814.png,raw_metadata_only
3672591198838244824.png,raw_metadata_only
3672744904828152620.png,raw_metadata_only
367373609409070721.png,raw_metadata_only
3681342007677272652.png,raw_metadata_only
3681524388877971654.png,raw_metadata_only
368184011379151653.png,raw_metadata_only
3684301007380750477.png,raw_metadata_only
3686725450692835738.png,raw_metadata_only
3692138784875816872.png,raw_metadata_only
3694945513756577316.png,raw_metadata_only
36961583104637050.png,raw_metadata_only
3696774118263691836.png,raw_metadata_only
370140555309854424.png,raw_metadata_only
3703622328509441027.png,raw_metadata_only
3705428391788742386.png,raw_metadata_only
3706794768863574150.png,raw_metadata_only
3708877035796672854.png,raw_metadata_only
3709381113540583852.png,raw_metadata_only
3712533586960006541.png,raw_metadata_only
3712664529577200005.png,raw_metadata_only
3716927805488400114.png,raw_metadata_only
3720678921295897597.png,raw_metadata_only
372407581522704101.png,raw_metadata_only
3725774629127017956.png,raw_metadata_only
3730640007604190253.png,raw_metadata_only
3730702458099585701.png,raw_metadata_only
3731254454004478642.png,raw_metadata_only
3733959997126690739.png,raw_metadata_only
373465304604294323.png,raw_metadata_only
3735646872115554479.png,raw_metadata_only
3737103836363724077.png,raw_metadata_only
374094817098102978.png,raw_metadata_only
3741891159537657499.png,raw_metadata_only
3749059355849652671.png,raw_metadata_only
3756914876773749407.png,raw_metadata_only
3759760844913318014.png,raw_metadata_only
3760447561374391726.png,raw_metadata_only
3761834562472697095.png,raw_metadata_only
3764838850378082794.png,raw_metadata_only
3768000086218908353.png,raw_metadata_only
3782678873393165200.png,raw_metadata_only
3785238453827557527.png,raw_metadata_only
378961196537313042.png,raw_metadata_only
3791922687139899943.png,raw_metadata_only
3792720344716682152.png,raw_metadata_only
3794155477467483241.png,raw_metadata_only
379608455450956816.png,raw_metadata_only
3804909813602078321.png,raw_metadata_only
3806505455181646252.png,raw_metadata_only
3807125994754577472.png,raw_metadata_only
3807179502240405359.png,raw_metadata_only
3808734830131524150.png,raw_metadata_only
381010692906655608.png,raw_metadata_only
3811066598015218234.png,raw_metadata_only
3817337327636371133.png,raw_metadata_only
3819192134659864743.png,raw_metadata_only
382205097892683569.png,raw_metadata_only
3823666362975874730.png,raw_metadata_only
3824391395865544143.png,raw_metadata_only
3824786615165070490.png,raw_metadata_only
3827390003855576516.png,raw_metadata_only
3830175942266913532.png,raw_metadata_only
383196418040193636.png,raw_metadata_only
3833384659436759727.png,raw_metadata_only
383418029847586202.png,raw_metadata_only
3836786528933857994.png,raw_metadata_only
3838900375579459373.png,raw_metadata_only
3839875451887240313.png,raw_metadata_only
3843264758290165774.png,raw_metadata_only
3843935388744370828.png,raw_metadata_only
3844026471691631358.png,raw_metadata_only
3845177571333031142.png,raw_metadata_only
3845787053309713642.png,raw_metadata_only
385262871439894252.png,raw_metadata_only
3853236886394715895.png,raw_metadata_only
3854232410848237065.png,raw_metadata_only
3855706589250733888.png,raw_metadata_only
385882395290777743.png,raw_metadata_only
3863877723322772755.png,raw_metadata_only
3865294344697347433.png,raw_metadata_only
3866165661484242256.png,raw_metadata_only
3867570500959816596.png,raw_metadata_only
3869285822996745352.png,raw_metadata_only
3870408086353861835.png,raw_metadata_only
387057920669957143.png,raw_metadata_only
3870864391545738942.png,raw_metadata_only
3872367448113197723.png,raw_metadata_only
3874639800244361745.png,raw_metadata_only
3875087461563910236.png,raw_metadata_only
3879447283354153013.png,raw_metadata_only
3884456483116577446.png,raw_metadata_only
3885729474162472853.png,raw_metadata_only
3890153315286790905.png,raw_metadata_only
3891328433609509022.png,raw_metadata_only
3894395667276291147.png,raw_metadata_only
389566394183282454.png,raw_metadata_only
3907283049996621497.png,raw_metadata_only
3912076217540155034.png,raw_metadata_only
391916421814043011.png,raw_metadata_only
3921497474486328983.png,raw_metadata_only
3926265109608786578.png,raw_metadata_only
3930831165976652729.png,raw_metadata_only
3933178140590663670.png,raw_metadata_only
3934966349011986638.png,raw_metadata_only
3942761427149135227.png,raw_metadata_only
3946448085545284918.png,raw_metadata_only
394685811370991464.png,raw_metadata_only
3957232763862572303.png,raw_metadata_only
396516800318348793.png,raw_metadata_only
3967801500365889879.png,raw_metadata_only
3968183567771773773.png,raw_metadata_only
3968421105986124751.png,raw_metadata_only
3968949600992833498.png,raw_metadata_only
3971050480566063985.png,raw_metadata_only
3973465724751452190.png,raw_metadata_only
3974778638588654378.png,raw_metadata_only
3975448887285993643.png,raw_metadata_only
397629093886898003.png,raw_metadata_only
3977012914762735683.png,raw_metadata_only
398137960939318246.png,raw_metadata_only
3986498447363382778.png,raw_metadata_only
3986942692897923359.png,raw_metadata_only
3989490185303615019.png,raw_metadata_only
3990522869633641719.png,raw_metadata_only
3991247973828665759.png,raw_metadata_only
3991523546538917234.png,raw_metadata_only
399191161180360402.png,raw_metadata_only
399339567283993612.png,raw_metadata_only
3996197062357728704.png,raw_metadata_only
3999918155261053004.png,raw_metadata_only
4000953112588221419.png,raw_metadata_only
4005389816381905738.png,raw_metadata_only
4008910228082448438.png,raw_metadata_only
4011094511716324965.png,raw_metadata_only
4011534571677339326.png,raw_metadata_only
4012065403674643012.png,raw_metadata_only
4012150477376307784.png,raw_metadata_only
4013268428021902865.png,raw_metadata_only
4017816041076702786.png,raw_metadata_only
401789603129797202.png,raw_metadata_only
4017974078527806014.png,raw_metadata_only
4019640608466247482.png,raw_metadata_only
4025099453268867179.png,raw_metadata_only
4026507512498870714.png,raw_metadata_only
403592425120985132.png,raw_metadata_only
4038274523577498790.png,raw_metadata_only
4039730288733911901.png,raw_metadata_only
4050982182481475622.png,raw_metadata_only
4059483380112239601.png,raw_metadata_only
4059523224256626651.png,raw_metadata_only
4060514270598554740.png,raw_metadata_only
4063739377088032433.png,raw_metadata_only
4066177889067014716.png,raw_metadata_only
4071015077731653312.png,raw_metadata_only
4073817384430968415.png,raw_metadata_only
4075973460856988048.png,raw_metadata_only
4079765315437030852.png,raw_metadata_only
40807161410427085.png,raw_metadata_only
4084618230552934300.png,raw_metadata_only
4090386411824239067.png,raw_metadata_only
4091225911888174490.png,raw_metadata_only
4091542190813074472.png,raw_metadata_only
4094797845341872966.png,raw_metadata_only
4096640193859121327.png,raw_metadata_only
4098957965873348291.png,raw_metadata_only
410063804886627808.png,raw_metadata_only
4112305173839166663.png,raw_metadata_only
4115090029911016608.png,raw_metadata_only
4119360246149514958.png,raw_metadata_only
4122384987648229529.png,raw_metadata_only
4126616587646484946.png,raw_metadata_only
4126619181370748008.png,raw_metadata_only
4127654605376625453.png,raw_metadata_only
4127707287798486371.png,raw_metadata_only
4127749628099252659.png,raw_metadata_only
4136718020588036790.png,raw_metadata_only
4139477718088297802.png,raw_metadata_only
4140098436619328517.png,raw_metadata_only
4145653039531489605.png,raw_metadata_only
4145767977472651278.png,raw_metadata_only
4145782449212862028.png,raw_metadata_only
4151332608162556246.png,raw_metadata_only
4162230713931968199.png,raw_metadata_only
4164628182881455069.png,raw_metadata_only
4166674568332648445.png,raw_metadata_only
4167512713743208617.png,raw_metadata_only
4168644607956148449.png,raw_metadata_only
4174575629707577584.png,raw_metadata_only
4176484932394784870.png,raw_metadata_only
4178776714672732978.png,raw_metadata_only
4179348254065585877.png,raw_metadata_only
4184301294199722851.png,raw_metadata_only
4190373442272550835.png,raw_metadata_only
4192242689805525002.png,raw_metadata_only
4193129388505742707.png,raw_metadata_only
4195249556242856021.png,raw_metadata_only
4198891472880409399.png,raw_metadata_only
4201170976091176933.png,raw_metadata_only
4202904703210114343.png,raw_metadata_only
4203656585519836326.png,raw_metadata_only
4203933931229451208.png,raw_metadata_only
4206337395489148206.png,raw_metadata_only
4207208742025269834.png,raw_metadata_only
4208647409256180054.png,raw_metadata_only
421543047489392322.png,raw_metadata_only
4219015016058653727.png,raw_metadata_only
4225052702077460454.png,raw_metadata_only
4225133407421349708.png,raw_metadata_only
4225318905596950093.png,raw_metadata_only
4226132824147852075.png,raw_metadata_only
4231269860838724618.png,raw_metadata_only
4241713435905392635.png,raw_metadata_only
4247048040167417449.png,raw_metadata_only
4248038256574464457.png,raw_metadata_only
4248838515790671581.png,raw_metadata_only
4257292375769197926.png,raw_metadata_only
4260197786253238566.png,raw_metadata_only
4266770964171213699.png,raw_metadata_only
427021348528245688.png,raw_metadata_only
4270650830301819975.png,raw_metadata_only
4272890064152362088.png,raw_metadata_only
4273621574558379511.png,raw_metadata_only
4274197151964109412.png,raw_metadata_only
4281342424496007796.png,raw_metadata_only
428271300965157171.png,raw_metadata_only
4283937114144933744.png,raw_metadata_only
4299573632557654771.png,raw_metadata_only
4300677800262871395.png,raw_metadata_only
4302036117427474786.png,raw_metadata_only
4306593093252977924.png,raw_metadata_only
4313918480604481790.png,raw_metadata_only
431428356758048207.png,raw_metadata_only
4315054829457195524.png,raw_metadata_only
4325171507927084503.png,raw_metadata_only
4328209864742561171.png,raw_metadata_only
4331060615755581762.png,raw_metadata_only
4336002090641760086.png,raw_metadata_only
4339257360461160063.png,raw_metadata_only
4349338566193396359.png,raw_metadata_only
4350191739905653689.png,raw_metadata_only
4350257884519705236.png,raw_metadata_only
4357089761940467438.png,raw_metadata_only
4357305008686989401.png,raw_metadata_only
4359362815717847131.png,raw_metadata_only
436274377743717422.png,raw_metadata_only
4363067165804706375.png,raw_metadata_only
4363228183607395625.png,raw_metadata_only
4363761910984146391.png,raw_metadata_only
4365629200334408753.png,raw_metadata_only
4366154978585266568.png,raw_metadata_only
4366684572379873769.png,raw_metadata_only
4367693804088672794.png,raw_metadata_only
4369305934387006344.png,raw_metadata_only
4378833881654100143.png,raw_metadata_only
4379277506717534872.png,raw_metadata_only
438081098338423915.png,raw_metadata_only
4381448587764476065.png,raw_metadata_only
4382402302379214050.png,raw_metadata_only
4383464586419591817.png,raw_metadata_only
4384019132914647037.png,raw_metadata_only
4387444438715876755.png,raw_metadata_only
4391038381547190554.png,raw_metadata_only
4393848672922217367.png,raw_metadata_only
4395466676081702771.png,raw_metadata_only
4399540988784655952.png,raw_metadata_only
4401243224543319117.png,raw_metadata_only
4402564109276333311.png,raw_metadata_only
4406486713343035934.png,raw_metadata_only
4408120570111819908.png,raw_metadata_only
4410705464319975922.png,raw_metadata_only
4412316929119123118.png,raw_metadata_only
4415498759330524593.png,raw_metadata_only
4418925407835564825.png,raw_metadata_only
4430318057537428066.png,raw_metadata_only
4430354613366242994.png,raw_metadata_only
4430835621706786085.png,raw_metadata_only
4430866267054966222.png,raw_metadata_only
443107819564702641.png,raw_metadata_only
4433806505951051609.png,raw_metadata_only
4436383814032764276.png,raw_metadata_only
4436712181442105412.png,raw_metadata_only
4442880037205290719.png,raw_metadata_only
4453049113724733585.png,raw_metadata_only
4453814240291960468.png,raw_metadata_only
4456010516379273500.png,raw_metadata_only
4458593776071447039.png,raw_metadata_only
445912475328955656.png,raw_metadata_only
4460515101840232103.png,raw_metadata_only
4463676284323647626.png,raw_metadata_only
4465151326737100499.png,raw_metadata_only
4469323424338233644.png,raw_metadata_only
4473421574472991833.png,raw_metadata_only
4474814933749607787.png,raw_metadata_only
4478148152724746088.png,raw_metadata_only
4478459975698133689.png,raw_metadata_only
4479949838296190744.png,raw_metadata_only
4484352735978929364.png,raw_metadata_only
4488336665965591796.png,raw_metadata_only
4492636059591029948.png,raw_metadata_only
4495932344782042678.png,raw_metadata_only
4505393391400475338.png,raw_metadata_only
450630016854931021.png,raw_metadata_only
4506423340198493706.png,raw_metadata_only
4507254973134561361.png,raw_metadata_only
4507986997133952651.png,raw_metadata_only
4512789837863246212.png,raw_metadata_only
4515358663065059899.png,raw_metadata_only
4515409468338255582.png,raw_metadata_only
4515658014971179915.png,raw_metadata_only
451751332144109829.png,raw_metadata_only
4519084321617677472.png,raw_metadata_only
4521536798975368104.png,raw_metadata_only
4521938545966289170.png,raw_metadata_only
4524277885089608972.png,raw_metadata_only
4526266737459333594.png,raw_metadata_only
4532011298358929616.png,raw_metadata_only
453403397224857684.png,raw_metadata_only
4534129297077811279.png,raw_metadata_only
4539450615054414408.png,raw_metadata_only
4541897029327248920.png,raw_metadata_only
4541923460671885308.png,raw_metadata_only
4545620793906882365.png,raw_metadata_only
4545693242363393805.png,raw_metadata_only
4565616804236643782.png,raw_metadata_only
4566210429534346006.png,raw_metadata_only
4566268063076135080.png,raw_metadata_only
4567625753150358419.png,raw_metadata_only
4568353774841932619.png,raw_metadata_only
4571639557864006934.png,raw_metadata_only
4575459876200578742.png,raw_metadata_only
4575693742637438717.png,raw_metadata_only
4581747353805732809.png,raw_metadata_only
4585984180218331059.png,raw_metadata_only
4587116851401779138.png,raw_metadata_only
4588532001580550620.png,raw_metadata_only
4590945578252772634.png,raw_metadata_only
4591073999152932767.png,raw_metadata_only
4591209709732034468.png,raw_metadata_only
4594036980419376140.png,raw_metadata_only
4598534676871456017.png,raw_metadata_only
4600288674523658930.png,raw_metadata_only
4602883654994047075.png,raw_metadata_only
4603995287751216313.png,raw_metadata_only
4604660789067252396.png,raw_metadata_only
4605890977888472394.png,raw_metadata_only
4608007118890402822.png,raw_metadata_only
4609663550609523913.png,raw_metadata_only
460997004871874341.png,raw_metadata_only
4612554895271497742.png,raw_metadata_only
4612769991536078540.png,raw_metadata_only
4614448280181535618.png,raw_metadata_only
4616047084520891500.png,raw_metadata_only
4616288950316844241.png,raw_metadata_only
4616539214475309081.png,raw_metadata_only
4618618408056657100.png,raw_metadata_only
4618916326851571162.png,raw_metadata_only
4623919538029402273.png,raw_metadata_only
4624741188383078480.png,raw_metadata_only
4625704642356719407.png,raw_metadata_only
4630991579589813625.png,raw_metadata_only
4631739485246129730.png,raw_metadata_only
4633368730219441753.png,raw_metadata_only
4633807012697720167.png,raw_metadata_only
4634021661120670899.png,raw_metadata_only
4636789206036467513.png,raw_metadata_only
4637981093780563997.png,raw_metadata_only
4651297209933618301.png,raw_metadata_only
4656608490132703910.png,raw_metadata_only
4658720815127979704.png,raw_metadata_only
4663408255106444477.png,raw_metadata_only
4663854891831467774.png,raw_metadata_only
4665901273249641911.png,raw_metadata_only
4668841177300027372.png,raw_metadata_only
46701840322694455.png,raw_metadata_only
4670665619135574507.png,raw_metadata_only
467141278994222677.png,raw_metadata_only
4675388315199833899.png,raw_metadata_only
4676030687216112813.png,raw_metadata_only
4678410721908217677.png,raw_metadata_only
4681120664833640272.png,raw_metadata_only
4683116473524386358.png,raw_metadata_only
4688741281410456578.png,raw_metadata_only
4689666234556834306.png,raw_metadata_only
4691093602701397009.png,raw_metadata_only
46921317273711154.png,raw_metadata_only
4693019165715133744.png,raw_metadata_only
4694441391682448769.png,raw_metadata_only
4699890258745222020.png,raw_metadata_only
4701756840027674709.png,raw_metadata_only
4708050091267005435.png,raw_metadata_only
4715159860666637675.png,raw_metadata_only
4715283416658567565.png,raw_metadata_only
4716341186591937478.png,raw_metadata_only
4720183375709878314.png,raw_metadata_only
4723838754228599931.png,raw_metadata_only
472419190488801341.png,raw_metadata_only
4724595009735264455.png,raw_metadata_only
4725042593566394684.png,raw_metadata_only
472616098324417235.png,raw_metadata_only
4728209014698917154.png,raw_metadata_only
4732562942112124848.png,raw_metadata_only
4735124029405085503.png,raw_metadata_only
4739634620165478365.png,raw_metadata_only
4741424481906643959.png,raw_metadata_only
474363407822192070.png,raw_metadata_only
4747618576348866560.png,raw_metadata_only
4752427994770461146.png,raw_metadata_only
4752919703139034949.png,raw_metadata_only
4753415763697423521.png,raw_metadata_only
4753575132119484366.png,raw_metadata_only
4755497773453012813.png,raw_metadata_only
4755678154469425854.png,raw_metadata_only
4755971720596010056.png,raw_metadata_only
4761491203812701728.png,raw_metadata_only
4762235096671749622.png,raw_metadata_only
4765074663062741367.png,raw_metadata_only
4765628653856087669.png,raw_metadata_only
4769325170365798760.png,raw_metadata_only
4772582660520099761.png,raw_metadata_only
4774270578222534298.png,raw_metadata_only
4774525942551884627.png,raw_metadata_only
4774624526673682715.png,raw_metadata_only
4783565817155533660.png,raw_metadata_only
4785295238614687170.png,raw_metadata_only
4785481887829741085.png,raw_metadata_only
4793777024686540807.png,raw_metadata_only
4796484409782769174.png,raw_metadata_only
4799578441783343519.png,raw_metadata_only
479974229661327760.png,raw_metadata_only
480081594719620815.png,raw_metadata_only
4806494396323599674.png,raw_metadata_only
4807790676245171113.png,raw_metadata_only
4810005241356547134.png,raw_metadata_only
4812160518335801420.png,raw_metadata_only
4818643588083348632.png,raw_metadata_only
4832043916622630639.png,raw_metadata_only
4832545587410965332.png,raw_metadata_only
4839620788991654211.png,raw_metadata_only
4848379793638242504.png,raw_metadata_only
4849064028051518825.png,raw_metadata_only
4850949058076743529.png,raw_metadata_only
4854642640078864338.png,raw_metadata_only
4859702634127058424.png,raw_metadata_only
4860221047123284393.png,raw_metadata_only
4860300934547726444.png,raw_metadata_only
4860546950160781002.png,raw_metadata_only
4871608234537431772.png,raw_metadata_only
4872363603555574052.png,raw_metadata_only
4881088396050598895.png,raw_metadata_only
4882655860404967640.png,raw_metadata_only
4892534653959587847.png,raw_metadata_only
4893443424218457548.png,raw_metadata_only
4893926487069595319.png,raw_metadata_only
4894239997132189912.png,raw_metadata_only
4895995118424524774.png,raw_metadata_only
4899692186241934981.png,raw_metadata_only
4902754685581054451.png,raw_metadata_only
4903237603814641990.png,raw_metadata_only
4912081180608224728.png,raw_metadata_only
4917406368489395452.png,raw_metadata_only
4917540344390032540.png,raw_metadata_only
4918074711943170080.png,raw_metadata_only
491926654303224169.png,raw_metadata_only
4919803274100983075.png,raw_metadata_only
4920184915696691992.png,raw_metadata_only
4923188439600899486.png,raw_metadata_only
4926613899604402484.png,raw_metadata_only
4936796489196179145.png,raw_metadata_only
4939446054000705.png,raw_metadata_only
4943233056358001391.png,raw_metadata_only
4943852490550449048.png,raw_metadata_only
4944500660056144310.png,raw_metadata_only
4945792184456909006.png,raw_metadata_only
4949313518797570638.png,raw_metadata_only
494985385299361772.png,raw_metadata_only
4951628289237899688.png,raw_metadata_only
4955200200354870789.png,raw_metadata_only
4956623856333109311.png,raw_metadata_only
4959338553935675759.png,raw_metadata_only
4964708874226061878.png,raw_metadata_only
4966531462596199581.png,raw_metadata_only
4968108455716799815.png,raw_metadata_only
49709473151644092.png,raw_metadata_only
497830851996098095.png,raw_metadata_only
4978639705347916523.png,raw_metadata_only
4979304386326901614.png,raw_metadata_only
4979683425058230208.png,raw_metadata_only
4980430657099470077.png,raw_metadata_only
4982153218889024464.png,raw_metadata_only
4983074683997166397.png,raw_metadata_only
498586996347865042.png,raw_metadata_only
4990802128833526700.png,raw_metadata_only
4991002573292821657.png,raw_metadata_only
4995323676833943296.png,raw_metadata_only
4996466932504717551.png,raw_metadata_only
5001728379819617442.png,raw_metadata_only
5003737565980256750.png,raw_metadata_only
5004803934927606432.png,raw_metadata_only
5005877801756373638.png,raw_metadata_only
5007938843192792036.png,raw_metadata_only
5008494078581726181.png,raw_metadata_only
50133455887092108.png,raw_metadata_only
5014751009017661194.png,raw_metadata_only
5016982791835086655.png,raw_metadata_only
5028025788105009840.png,raw_metadata_only
5030652621477031771.png,raw_metadata_only
5034421012966346777.png,raw_metadata_only
5034659989031207833.png,raw_metadata_only
5039668715922846361.png,raw_metadata_only
5040671254113648652.png,raw_metadata_only
5053575429394103563.png,raw_metadata_only
5056356469147972522.png,raw_metadata_only
5059947046561855367.png,raw_metadata_only
5060702964454515232.png,raw_metadata_only
5064236807190483684.png,raw_metadata_only
5066351493764841468.png,raw_metadata_only
5072948937501682640.png,raw_metadata_only
5080787448935373443.png,raw_metadata_only
5082382528137605517.png,raw_metadata_only
5085717221952529022.png,raw_metadata_only
5090797251515602362.png,raw_metadata_only
5092072349779526314.png,raw_metadata_only
509954653626260883.png,raw_metadata_only
5105497131730976994.png,raw_metadata_only
5105615796383230605.png,raw_metadata_only
5106363969165991761.png,raw_metadata_only
5108835161434837724.png,raw_metadata_only
511111053716796506.png,raw_metadata_only
5118504092637272545.png,raw_metadata_only
511979391207585843.png,raw_metadata_only
5121576933846739335.png,raw_metadata_only
5121726157881423909.png,raw_metadata_only
5126443815757015791.png,raw_metadata_only
512906269511680512.png,raw_metadata_only
5131985435524652892.png,raw_metadata_only
5135213160020928424.png,raw_metadata_only
5138748526306331045.png,raw_metadata_only
5143791702735053749.png,raw_metadata_only
5146281372835868912.png,raw_metadata_only
5146311240509824307.png,raw_metadata_only
5148079795250065628.png,raw_metadata_only
514978455832830064.png,raw_metadata_only
5158179525394239842.png,raw_metadata_only
5164430891127297160.png,raw_metadata_only
5165831555108507877.png,raw_metadata_only
5167477372002548597.png,raw_metadata_only
5172533823012988865.png,raw_metadata_only
5180293570946616274.png,raw_metadata_only
5185832649883764936.png,raw_metadata_only
5187412602877858620.png,raw_metadata_only
5189050171412206028.png,raw_metadata_only
5194583915658405772.png,raw_metadata_only
5194857382081287141.png,raw_metadata_only
5196178445143856438.png,raw_metadata_only
5196281337693505833.png,raw_metadata_only
5196549352486838389.png,raw_metadata_only
5201580158399407228.png,raw_metadata_only
5203257097226826030.png,raw_metadata_only
5203719973920132329.png,raw_metadata_only
5206975118959031057.png,raw_metadata_only
5208190587416271916.png,raw_metadata_only
5213463951057871394.png,raw_metadata_only
5214291677907353296.png,raw_metadata_only
5217436455487414311.png,raw_metadata_only
5220443094562712410.png,raw_metadata_only
5221022206957404585.png,raw_metadata_only
5221407999601427782.png,raw_metadata_only
5223032731982780972.png,raw_metadata_only
5224213363559699622.png,raw_metadata_only
5226235685620838058.png,raw_metadata_only
5229426437593325371.png,raw_metadata_only
5234585084386772345.png,raw_metadata_only
5240221775139974085.png,raw_metadata_only
5240671059227732429.png,raw_metadata_only
5240960667851154576.png,raw_metadata_only
5241006123467003866.png,raw_metadata_only
5244444480130909722.png,raw_metadata_only
5247638019728047423.png,raw_metadata_only
5247870091491922306.png,raw_metadata_only
5248741536150247988.png,raw_metadata_only
5249351443247769602.png,raw_metadata_only
5249732949290570026.png,raw_metadata_only
5252785748516715420.png,raw_metadata_only
5253710068062240830.png,raw_metadata_only
5256131291281471318.png,raw_metadata_only
5259153532910006101.png,raw_metadata_only
5259456514382429640.png,raw_metadata_only
5261728848051169375.png,raw_metadata_only
5264592110566488993.png,raw_metadata_only
5266033767095764235.png,raw_metadata_only
5267545054467741905.png,raw_metadata_only
5271080822455139107.png,raw_metadata_only
5273162439144979450.png,raw_metadata_only
5273994334219859930.png,raw_metadata_only
5275178004061063045.png,raw_metadata_only
527530180092854973.png,raw_metadata_only
5275478465882271940.png,raw_metadata_only
527706812781810404.png,raw_metadata_only
528162437892140796.png,raw_metadata_only
5284380148792062074.png,raw_metadata_only
5287777512156151921.png,raw_metadata_only
5291396381901464718.png,raw_metadata_only
5292373388634490796.png,raw_metadata_only
5294133427968704520.png,raw_metadata_only
5295610837716329054.png,raw_metadata_only
5298329172257130108.png,raw_metadata_only
5299318946840947970.png,raw_metadata_only
5308217235395595242.png,raw_metadata_only
5311064292101612479.png,raw_metadata_only
5311243695802572604.png,raw_metadata_only
5315247544206405532.png,raw_metadata_only
5321569644934876335.png,raw_metadata_only
5326405896813265032.png,raw_metadata_only
5334717557675407848.png,raw_metadata_only
5334733113717977279.png,raw_metadata_only
5335929090745664813.png,raw_metadata_only
534070333304369550.png,raw_metadata_only
5340978936646445096.png,raw_metadata_only
5341865297080675034.png,raw_metadata_only
5346178734318678035.png,raw_metadata_only
5346687951787774964.png,raw_metadata_only
5346744505409983396.png,raw_metadata_only
5347572528848578723.png,raw_metadata_only
5349065012588931029.png,raw_metadata_only
5354200227056134553.png,raw_metadata_only
5355312845429436548.png,raw_metadata_only
5358401025661447825.png,raw_metadata_only
5361412008885380039.png,raw_metadata_only
5363233000471797381.png,raw_metadata_only
5365876785220152189.png,raw_metadata_only
5368561128529926708.png,raw_metadata_only
5368866923676657351.png,raw_metadata_only
5369478506454916836.png,raw_metadata_only
5372187314415327698.png,raw_metadata_only
5377631068374459197.png,raw_metadata_only
5382116406325702279.png,raw_metadata_only
5387719994505219906.png,raw_metadata_only
5390189538906049975.png,raw_metadata_only
5391468689508068428.png,raw_metadata_only
5391964744419129670.png,raw_metadata_only
539401560574796205.png,raw_metadata_only
5394313268468306828.png,raw_metadata_only
5397545970881234398.png,raw_metadata_only
5397770885408751384.png,raw_metadata_only
5399761450984837222.png,raw_metadata_only
5402257362374132444.png,raw_metadata_only
5402412289432637334.png,raw_metadata_only
5405714333206870511.png,raw_metadata_only
5405816837940741231.png,raw_metadata_only
5410093959793204756.png,raw_metadata_only
5411126133600119020.png,raw_metadata_only
5418428405494035448.png,raw_metadata_only
541961011451492592.png,raw_metadata_only
5419657487938973629.png,raw_metadata_only
5420908085639962648.png,raw_metadata_only
5422669063480263015.png,raw_metadata_only
5423921716757445598.png,raw_metadata_only
5424166516857691190.png,raw_metadata_only
5426332300489597840.png,raw_metadata_only
543092212076159625.png,raw_metadata_only
54312660410496530.png,raw_metadata_only
5431379929093045203.png,raw_metadata_only
5436259938963587099.png,raw_metadata_only
5453977556464879778.png,raw_metadata_only
5456482423578726745.png,raw_metadata_only
5457322807659305149.png,raw_metadata_only
5459608955615313659.png,raw_metadata_only
5462267747767119292.png,raw_metadata_only
5464050305485792832.png,raw_metadata_only
5464360047594046533.png,raw_metadata_only
5476514220707432089.png,raw_metadata_only
5479279833251539253.png,raw_metadata_only
5480262216423252513.png,raw_metadata_only
5486431428502095273.png,raw_metadata_only
5489961093587775487.png,raw_metadata_only
5495915177571105531.png,raw_metadata_only
549783468515274258.png,raw_metadata_only
5498154243510356006.png,raw_metadata_only
5501814218457528568.png,raw_metadata_only
5505671211808691653.png,raw_metadata_only
5509784015729516003.png,raw_metadata_only
5512239897222436041.png,raw_metadata_only
5512938242520256520.png,raw_metadata_only
5513944836442857264.png,raw_metadata_only
5517322580442471549.png,raw_metadata_only
5519501269581081464.png,raw_metadata_only
5528720813601108307.png,raw_metadata_only
553040411290546084.png,raw_metadata_only
5532681236173164107.png,raw_metadata_only
553543575516769435.png,raw_metadata_only
553610924727441523.png,raw_metadata_only
5549090335373080147.png,raw_metadata_only
5549214576226377238.png,raw_metadata_only
5552821951536197978.png,raw_metadata_only
5556027876617946857.png,raw_metadata_only
5561532537197005976.png,raw_metadata_only
5562584755460747975.png,raw_metadata_only
5571850547787043400.png,raw_metadata_only
5573467174756279163.png,raw_metadata_only
5575272306861217961.png,raw_metadata_only
558364593812292295.png,raw_metadata_only
5584982229565363919.png,raw_metadata_only
5586836237752037790.png,raw_metadata_only
5588527439347610243.png,raw_metadata_only
5589521472408969623.png,raw_metadata_only
5591099812603848600.png,raw_metadata_only
5595150567654673913.png,raw_metadata_only
5597967007756629673.png,raw_metadata_only
5599579595537505183.png,raw_metadata_only
560068622604962738.png,raw_metadata_only
5601317951892375531.png,raw_metadata_only
5605655430186558341.png,raw_metadata_only
5616835953748252162.png,raw_metadata_only
5630154352066704313.png,raw_metadata_only
5630274478848878108.png,raw_metadata_only
5632588484738912786.png,raw_metadata_only
5632653065377692167.png,raw_metadata_only
563329283817116517.png,raw_metadata_only
5634654981667126893.png,raw_metadata_only
5636686159881177998.png,raw_metadata_only
5651883680984446257.png,raw_metadata_only
5663600846959303984.png,raw_metadata_only
5664267373726907594.png,raw_metadata_only
5665082588794801099.png,raw_metadata_only
5665149804102425426.png,raw_metadata_only
5666820648472995609.png,raw_metadata_only
5666896587253406594.png,raw_metadata_only
5668081623831809224.png,raw_metadata_only
5673636897157936217.png,raw_metadata_only
5685712008093049790.png,raw_metadata_only
5688718810079875620.png,raw_metadata_only
5695285187621527095.png,raw_metadata_only
5696615698816410033.png,raw_metadata_only
5698237699858443128.png,raw_metadata_only
5699857118582020569.png,raw_metadata_only
5701537328219208670.png,raw_metadata_only
5703906487854423279.png,raw_metadata_only
570511009836184446.png,raw_metadata_only
5708991993520343151.png,raw_metadata_only
5711853361076460602.png,raw_metadata_only
5712048228220797814.png,raw_metadata_only
5713312067991663497.png,raw_metadata_only
5717180455404392477.png,raw_metadata_only
5717632452093413738.png,raw_metadata_only
572232853180785323.png,raw_metadata_only
572391921737996383.png,raw_metadata_only
5726348495884475068.png,raw_metadata_only
5727127474578129172.png,raw_metadata_only
5728665304092520414.png,raw_metadata_only
5729517509700695055.png,raw_metadata_only
5729968553579811576.png,raw_metadata_only
5730797698644603292.png,raw_metadata_only
5735894977019685444.png,raw_metadata_only
5736848571360648757.png,raw_metadata_only
5742590245412959265.png,raw_metadata_only
5744548811497041423.png,raw_metadata_only
5750318483769606914.png,raw_metadata_only
5754375697895675493.png,raw_metadata_only
5754740149288536586.png,raw_metadata_only
5754758872834237646.png,raw_metadata_only
5760149544012561210.png,raw_metadata_only
5764210117325712991.png,raw_metadata_only
5769580288783468768.png,raw_metadata_only
5771782686133063431.png,raw_metadata_only
5775990779869281049.png,raw_metadata_only
5778274519145243364.png,raw_metadata_only
5778280039259134262.png,raw_metadata_only
5778725606319752302.png,raw_metadata_only
5779040417901900569.png,raw_metadata_only
5779210213611988898.png,raw_metadata_only
5780973435707319047.png,raw_metadata_only
5782906621323618567.png,raw_metadata_only
5790063012463892937.png,raw_metadata_only
579046850477159678.png,raw_metadata_only
5790511954543934081.png,raw_metadata_only
5792357366742406733.png,raw_metadata_only
5793135808334475330.png,raw_metadata_only
5794288412787857146.png,raw_metadata_only
5794445570949433163.png,raw_metadata_only
5795584909065833535.png,raw_metadata_only
5801169876771379054.png,raw_metadata_only
5802968618509859274.png,raw_metadata_only
58087389400125291.png,raw_metadata_only
5810196001051717876.png,raw_metadata_only
5814543261355224063.png,raw_metadata_only
5816021656987563614.png,raw_metadata_only
5817976963074397013.png,raw_metadata_only
5820079204971116701.png,raw_metadata_only
5826884565318446006.png,raw_metadata_only
5827340732737214911.png,raw_metadata_only
5828447044246856204.png,raw_metadata_only
5829920674539075538.png,raw_metadata_only
5829946431795814676.png,raw_metadata_only
5831695866979891815.png,raw_metadata_only
5832552321471419909.png,raw_metadata_only
5834547384137295983.png,raw_metadata_only
5834642606567475912.png,raw_metadata_only
5836170508263925618.png,raw_metadata_only
5839873041072165241.png,raw_metadata_only
5841176373790644882.png,raw_metadata_only
5843903730772240018.png,raw_metadata_only
5846471692452945931.png,raw_metadata_only
5848817468692641963.png,raw_metadata_only
5849280946771132884.png,raw_metadata_only
5852782820910547333.png,raw_metadata_only
5857954410381562265.png,raw_metadata_only
5860795501191694206.png,raw_metadata_only
5862330140409838835.png,raw_metadata_only
5862837069011275249.png,raw_metadata_only
5866694561510497069.png,raw_metadata_only
5866936526920397659.png,raw_metadata_only
5871876348246844415.png,raw_metadata_only
5875331993612564843.png,raw_metadata_only
5878851281330423371.png,raw_metadata_only
5880113460001101706.png,raw_metadata_only
5887908720106526816.png,raw_metadata_only
5888671090379990595.png,raw_metadata_only
5891698126195273673.png,raw_metadata_only
5896184176649937032.png,raw_metadata_only
5897829952273088776.png,raw_metadata_only
5899129680709041892.png,raw_metadata_only
5904657460937594916.png,raw_metadata_only
5905250719612832796.png,raw_metadata_only
5905414739184161048.png,raw_metadata_only
5913450542768440681.png,raw_metadata_only
5915367582800649055.png,raw_metadata_only
5917703655334574521.png,raw_metadata_only
5920067063852620456.png,raw_metadata_only
5921677196871615893.png,raw_metadata_only
5925171738231158490.png,raw_metadata_only
5925999774330754980.png,raw_metadata_only
5928927190109877122.png,raw_metadata_only
5932207891466934177.png,raw_metadata_only
5933659676941272898.png,raw_metadata_only
5936134868313145851.png,raw_metadata_only
5936648918403950912.png,raw_metadata_only
5937000031772480607.png,raw_metadata_only
5938351506089610700.png,raw_metadata_only
593856287250226350.png,raw_metadata_only
5939852074592267639.png,raw_metadata_only
5940277840174375039.png,raw_metadata_only
5949299162057951216.png,raw_metadata_only
5955672162948582099.png,raw_metadata_only
5956785610333626040.png,raw_metadata_only
5958062192006016839.png,raw_metadata_only
5958870054355322031.png,raw_metadata_only
5959129552905070493.png,raw_metadata_only
5962982904524629830.png,raw_metadata_only
5965503038992301099.png,raw_metadata_only
5965588684436154428.png,raw_metadata_only
5966118699913167658.png,raw_metadata_only
5966460437406437837.png,raw_metadata_only
5972079374175669794.png,raw_metadata_only
5979140755669590877.png,raw_metadata_only
5981588154275979091.png,raw_metadata_only
5982168678275476092.png,raw_metadata_only
5995353605427982202.png,raw_metadata_only
5996099570106289355.png,raw_metadata_only
5997785294563888355.png,raw_metadata_only
5997919566451416654.png,raw_metadata_only
5998784821175168017.png,raw_metadata_only
5998972962216100108.png,raw_metadata_only
5999625676062991176.png,raw_metadata_only
60032766606288611.png,raw_metadata_only
6005930218917176997.png,raw_metadata_only
6016814389373084192.png,raw_metadata_only
6017419714070511748.png,raw_metadata_only
601999252814954237.png,raw_metadata_only
602089571507784813.png,raw_metadata_only
6025075922426522645.png,raw_metadata_only
6025575743764359806.png,raw_metadata_only
6026127895130784339.png,raw_metadata_only
6034796039023567139.png,raw_metadata_only
6038620072431877825.png,raw_metadata_only
6040966471554410144.png,raw_metadata_only
6042468872815775699.png,raw_metadata_only
6054374744662173955.png,raw_metadata_only
6055106911130454043.png,raw_metadata_only
6056844436117204047.png,raw_metadata_only
6057357394411606323.png,raw_metadata_only
6058623529132610577.png,raw_metadata_only
6060584194970876159.png,raw_metadata_only
6061875067347699244.png,raw_metadata_only
6062894588021006609.png,raw_metadata_only
6069426584039745432.png,raw_metadata_only
6069491081672095270.png,raw_metadata_only
6071562257503577152.png,raw_metadata_only
6072704539752639079.png,raw_metadata_only
6074901752419710835.png,raw_metadata_only
6081675055653784817.png,raw_metadata_only
6087799520725008671.png,raw_metadata_only
6088000006856325114.png,raw_metadata_only
6090153278603120926.png,raw_metadata_only
6095921213634411789.png,raw_metadata_only
609659525422462510.png,raw_metadata_only
6096623219735439855.png,raw_metadata_only
6098172650793747623.png,raw_metadata_only
6098583931623566934.png,raw_metadata_only
6100452349630158034.png,raw_metadata_only
6102382061581715817.png,raw_metadata_only
6104534197140086697.png,raw_metadata_only
6105093183969596495.png,raw_metadata_only
6107566356691589122.png,raw_metadata_only
6109972735039854694.png,raw_metadata_only
6111009118435547945.png,raw_metadata_only
6115596246061688713.png,raw_metadata_only
6117391679249598958.png,raw_metadata_only
6117456848206741472.png,raw_metadata_only
6124353214431816875.png,raw_metadata_only
6130243054807265071.png,raw_metadata_only
6132212629230505788.png,raw_metadata_only
6132329550549719879.png,raw_metadata_only
6134449960454438922.png,raw_metadata_only
6138676850700854380.png,raw_metadata_only
6148705804734025644.png,raw_metadata_only
6157225104037453403.png,raw_metadata_only
6163189538003612674.png,raw_metadata_only
6165568462817903202.png,raw_metadata_only
6165627091221670807.png,raw_metadata_only
6170606914017209796.png,raw_metadata_only
6171004386705499410.png,raw_metadata_only
6174158341810919956.png,raw_metadata_only
6175740972330993203.png,raw_metadata_only
6177192850075013226.png,raw_metadata_only
6177220112555557188.png,raw_metadata_only
6179748076080093700.png,raw_metadata_only
61840022406767007.png,raw_metadata_only
6188767098629695727.png,raw_metadata_only
6189131988820023238.png,raw_metadata_only
6190824739745586273.png,raw_metadata_only
6191921190636900127.png,raw_metadata_only
6193822105616531319.png,raw_metadata_only
6194349045556230489.png,raw_metadata_only
6195645539054445183.png,raw_metadata_only
6198504264715373941.png,raw_metadata_only
6205259313677574640.png,raw_metadata_only
6207149359404916074.png,raw_metadata_only
6207991513722307450.png,raw_metadata_only
6209350552904147564.png,raw_metadata_only
6213921804965639218.png,raw_metadata_only
6218393385283039698.png,raw_metadata_only
6219111086192786315.png,raw_metadata_only
6220567453752305692.png,raw_metadata_only
6222448597263936487.png,raw_metadata_only
6224301155650498099.png,raw_metadata_only
6230360106227331302.png,raw_metadata_only
6232206426187065634.png,raw_metadata_only
6234045307611141906.png,raw_metadata_only
6237965279460422741.png,raw_metadata_only
6238500490493208565.png,raw_metadata_only
623880352509161282.png,raw_metadata_only
6242512164375353387.png,raw_metadata_only
6246276572404245701.png,raw_metadata_only
6246727241765775489.png,raw_metadata_only
6251524543475753568.png,raw_metadata_only
6251975297204365136.png,raw_metadata_only
625625865320574240.png,raw_metadata_only
6261742496280896981.png,raw_metadata_only
6261894879064742068.png,raw_metadata_only
6266104663802047097.png,raw_metadata_only
6270162947228325664.png,raw_metadata_only
627075237771645023.png,raw_metadata_only
6274168298656312080.png,raw_metadata_only
6276334615397287053.png,raw_metadata_only
6278791347249070524.png,raw_metadata_only
6280293292428865773.png,raw_metadata_only
6283442150887914488.png,raw_metadata_only
6285032519510300157.png,raw_metadata_only
6286322848913048452.png,raw_metadata_only
6286712083725822384.png,raw_metadata_only
6292696424741890887.png,raw_metadata_only
6293244052034201370.png,raw_metadata_only
6293868820747285169.png,raw_metadata_only
6297023132503235706.png,raw_metadata_only
6299681551118606672.png,raw_metadata_only
6300293989840333326.png,raw_metadata_only
6302263136479647074.png,raw_metadata_only
6305157175842578322.png,raw_metadata_only
6305712433199563046.png,raw_metadata_only
6306003948812663609.png,raw_metadata_only
6306284391520122049.png,raw_metadata_only
6319795661728367224.png,raw_metadata_only
6323286425523351444.png,raw_metadata_only
6324380980138751243.png,raw_metadata_only
6325851000149008728.png,raw_metadata_only
6328101316766943877.png,raw_metadata_only
633316304444720077.png,raw_metadata_only
6345625046366806294.png,raw_metadata_only
6349031740731909414.png,raw_metadata_only
6349646448404623907.png,raw_metadata_only
6363145386627151874.png,raw_metadata_only
6363958647874892762.png,raw_metadata_only
63674798428252674.png,raw_metadata_only
6371452221179710784.png,raw_metadata_only
6375220005198018647.png,raw_metadata_only
6382380919003136425.png,raw_metadata_only
6383663973655019890.png,raw_metadata_only
6392970153223976603.png,raw_metadata_only
6394035176265347062.png,raw_metadata_only
6394269944170382733.png,raw_metadata_only
6395257111195214043.png,raw_metadata_only
6397254700990859479.png,raw_metadata_only
6398209900401803037.png,raw_metadata_only
639983337147790988.png,raw_metadata_only
6402138690639421895.png,raw_metadata_only
6402853010040029753.png,raw_metadata_only
6408532290485468079.png,raw_metadata_only
6409254117435284099.png,raw_metadata_only
6412710822046534636.png,raw_metadata_only
6417250167551602251.png,raw_metadata_only
6426235072748873062.png,raw_metadata_only
6439047666448342474.png,raw_metadata_only
644008154869745157.png,raw_metadata_only
6440834411774500083.png,raw_metadata_only
6445681617918235758.png,raw_metadata_only
6447198660703331264.png,raw_metadata_only
6448040266377103135.png,raw_metadata_only
6451471187485337856.png,raw_metadata_only
6452571516539655170.png,raw_metadata_only
6453555039406273138.png,raw_metadata_only
6456021302980464190.png,raw_metadata_only
6460028625023443289.png,raw_metadata_only
6465230245033691200.png,raw_metadata_only
6475997498668233825.png,raw_metadata_only
6476595171486166899.png,raw_metadata_only
6483091841098093489.png,raw_metadata_only
6486741658893029023.png,raw_metadata_only
6486969939918569527.png,raw_metadata_only
6487493346334451513.png,raw_metadata_only
6491710242413434553.png,raw_metadata_only
6491740213692463881.png,raw_metadata_only
6491870293271073298.png,raw_metadata_only
6491935898426532427.png,raw_metadata_only
6493532128098531270.png,raw_metadata_only
6495909530358188340.png,raw_metadata_only
6499157171501229818.png,raw_metadata_only
649978242200791814.png,raw_metadata_only
6500252340623712757.png,raw_metadata_only
6500366311687018765.png,raw_metadata_only
6504112055906959009.png,raw_metadata_only
650530778754860746.png,raw_metadata_only
6509900688766224783.png,raw_metadata_only
6510194027461098738.png,raw_metadata_only
6514029837992935284.png,raw_metadata_only
651673990110680229.png,raw_metadata_only
6517811986251270096.png,raw_metadata_only
6519570383393097240.png,raw_metadata_only
6519721661615728333.png,raw_metadata_only
6523606139418804587.png,raw_metadata_only
6524779868046085293.png,raw_metadata_only
6525081194563600991.png,raw_metadata_only
6525969200585633564.png,raw_metadata_only
6528753051314794706.png,raw_metadata_only
6528833345699436943.png,raw_metadata_only
6536198842916105956.png,raw_metadata_only
6536434364523555339.png,raw_metadata_only
6538037373685109393.png,raw_metadata_only
6540654300986766423.png,raw_metadata_only
654729548724206605.png,raw_metadata_only
6553935661267505665.png,raw_metadata_only
6554145813046096650.png,raw_metadata_only
6555757341065064659.png,raw_metadata_only
6556790635584172564.png,raw_metadata_only
6561837420168089247.png,raw_metadata_only
6562111856895226399.png,raw_metadata_only
6562288732521308843.png,raw_metadata_only
6562895429148392810.png,raw_metadata_only
656520956141530067.png,raw_metadata_only
6569872216891723227.png,raw_metadata_only
6573143484214275171.png,raw_metadata_only
6580940160494316265.png,raw_metadata_only
6586548681031805884.png,raw_metadata_only
6587699492114431662.png,raw_metadata_only
658867667913182154.png,raw_metadata_only
6588895198940370553.png,raw_metadata_only
6589588724209733654.png,raw_metadata_only
6590724234835902304.png,raw_metadata_only
6591130588333150690.png,raw_metadata_only
6592347411194143558.png,raw_metadata_only
6594880074320831094.png,raw_metadata_only
659628501444617939.png,raw_metadata_only
6602102552712266694.png,raw_metadata_only
6604483381677595041.png,raw_metadata_only
6610953915687821056.png,raw_metadata_only
6612170927022676839.png,raw_metadata_only
6612858094640787486.png,raw_metadata_only
6616313221414749582.png,raw_metadata_only
661674843991725972.png,raw_metadata_only
6618686642761185476.png,raw_metadata_only
6619020706920853755.png,raw_metadata_only
662009230022083804.png,raw_metadata_only
6620591928809585057.png,raw_metadata_only
6624742101466462766.png,raw_metadata_only
6627091558334405569.png,raw_metadata_only
6627613839179346786.png,raw_metadata_only
6633555065836792769.png,raw_metadata_only
6636283577686071922.png,raw_metadata_only
6639017143292828490.png,raw_metadata_only
6641468760354802566.png,raw_metadata_only
6643638913728650262.png,raw_metadata_only
6647331849033563199.png,raw_metadata_only
6649025091959273701.png,raw_metadata_only
6650766704427195915.png,raw_metadata_only
6654209008390333607.png,raw_metadata_only
6661851900372444004.png,raw_metadata_only
6663049271788052450.png,raw_metadata_only
6663374396145343717.png,raw_metadata_only
666779587525548046.png,raw_metadata_only
66702248493544391.png,raw_metadata_only
667083089069106550.png,raw_metadata_only
6672473727941454416.png,raw_metadata_only
6673771160129506884.png,raw_metadata_only
6679473467437452845.png,raw_metadata_only
6681086769182693542.png,raw_metadata_only
6686555862949910281.png,raw_metadata_only
6686693020044125314.png,raw_metadata_only
6686855756150604361.png,raw_metadata_only
6687621230278688009.png,raw_metadata_only
6694965963514269443.png,raw_metadata_only
669562326280015199.png,raw_metadata_only
6696915933387598353.png,raw_metadata_only
6698561070990105178.png,raw_metadata_only
6700673647818785986.png,raw_metadata_only
6702441100122882236.png,raw_metadata_only
6702895546573069399.png,raw_metadata_only
6707701327225436344.png,raw_metadata_only
670870912912119076.png,raw_metadata_only
6708769503681841498.png,raw_metadata_only
6709767945817445532.png,raw_metadata_only
6710386211075807406.png,raw_metadata_only
6721682859208353419.png,raw_metadata_only
6730489648972725171.png,raw_metadata_only
6734372986169707718.png,raw_metadata_only
6738006083841050271.png,raw_metadata_only
6742355207405930185.png,raw_metadata_only
6742373632950360667.png,raw_metadata_only
6742770209455474596.png,raw_metadata_only
674535489954642841.png,raw_metadata_only
674915767807505490.png,raw_metadata_only
6753903069158024633.png,raw_metadata_only
6754461656832981522.png,raw_metadata_only
6754952248339990994.png,raw_metadata_only
6755815927772018364.png,raw_metadata_only
675978532751642889.png,raw_metadata_only
6759935981614531442.png,raw_metadata_only
6762765348659718827.png,raw_metadata_only
6765204920923806862.png,raw_metadata_only
6766489246037773072.png,raw_metadata_only
6774203686141383550.png,raw_metadata_only
6775834859544533836.png,raw_metadata_only
678400990376724305.png,raw_metadata_only
6788598053020136543.png,raw_metadata_only
6788732188995363847.png,raw_metadata_only
6791673237195902314.png,raw_metadata_only
6793959693113837185.png,raw_metadata_only
6798451319984685204.png,raw_metadata_only
6804797839426638193.png,raw_metadata_only
6805789059066050142.png,raw_metadata_only
6807738712345843831.png,raw_metadata_only
6808274284049604712.png,raw_metadata_only
6808965854460694434.png,raw_metadata_only
6814928394427948818.png,raw_metadata_only
6814936745202931890.png,raw_metadata_only
6817192178497837639.png,raw_metadata_only
6817756808863111925.png,raw_metadata_only
6818734856567338641.png,raw_metadata_only
6818797134917553635.png,raw_metadata_only
6820195887731286088.png,raw_metadata_only
682067301149471231.png,raw_metadata_only
6824825798650503270.png,raw_metadata_only
6829807223298599049.png,raw_metadata_only
6830529832916213044.png,raw_metadata_only
6831879686528139248.png,raw_metadata_only
6834966487596760698.png,raw_metadata_only
6837085681312215412.png,raw_metadata_only
6837737674648343890.png,raw_metadata_only
6840992693447463790.png,raw_metadata_only
6842977861567005997.png,raw_metadata_only
6843050150521456073.png,raw_metadata_only
6844228887292796051.png,raw_metadata_only
6851012907520435278.png,raw_metadata_only
6851095424021422949.png,raw_metadata_only
6851846482611033711.png,raw_metadata_only
6852359404630667928.png,raw_metadata_only
6854185159096041283.png,raw_metadata_only
6857377311024562104.png,raw_metadata_only
6861297064056502562.png,raw_metadata_only
6862667057724172751.png,raw_metadata_only
6864890391460990037.png,raw_metadata_only
6865216719730930043.png,raw_metadata_only
68666893596709990.png,raw_metadata_only
68672636468094086.png,raw_metadata_only
6869198090785206318.png,raw_metadata_only
68706973349529805.png,raw_metadata_only
687084860143795310.png,raw_metadata_only
6870935607577626658.png,raw_metadata_only
6874118793000429668.png,raw_metadata_only
6878241311470564044.png,raw_metadata_only
6879109050107281109.png,raw_metadata_only
6884699302909697712.png,raw_metadata_only
6885273740897665592.png,raw_metadata_only
6888166158978313561.png,raw_metadata_only
6888166838472279390.png,raw_metadata_only
6894519290421718738.png,raw_metadata_only
6901219341483004021.png,raw_metadata_only
6901887919472973353.png,raw_metadata_only
6902122880543015528.png,raw_metadata_only
690442317086422121.png,raw_metadata_only
6905000032627008206.png,raw_metadata_only
690588808287986811.png,raw_metadata_only
6905922705451019621.png,raw_metadata_only
690611403373064613.png,raw_metadata_only
6906162673353252327.png,raw_metadata_only
6909753921191671296.png,raw_metadata_only
6914121775290436647.png,raw_metadata_only
6915465985824062473.png,raw_metadata_only
6916015917819389716.png,raw_metadata_only
6916221545677189916.png,raw_metadata_only
6918808656446252056.png,raw_metadata_only
6920439258489501111.png,raw_metadata_only
6927693296597866028.png,raw_metadata_only
6929933300172934083.png,raw_metadata_only
6934678387743242325.png,raw_metadata_only
6935986133715464366.png,raw_metadata_only
6938468220912056209.png,raw_metadata_only
6939226168274245608.png,raw_metadata_only
6942790720361941231.png,raw_metadata_only
6943228235675599689.png,raw_metadata_only
6945136525095590960.png,raw_metadata_only
6945764380486174282.png,raw_metadata_only
6946403565060507351.png,raw_metadata_only
6948340611762812997.png,raw_metadata_only
694922208608010081.png,raw_metadata_only
6954931545855641820.png,raw_metadata_only
6957543177255004347.png,raw_metadata_only
6957655037802932496.png,raw_metadata_only
6958462048812024184.png,raw_metadata_only
6963360797928294717.png,raw_metadata_only
6963441425755174655.png,raw_metadata_only
6964267513240595662.png,raw_metadata_only
6965578783748052899.png,raw_metadata_only
696790880371874161.png,raw_metadata_only
6969064320357607396.png,raw_metadata_only
6972254930493094065.png,raw_metadata_only
6975280131768440704.png,raw_metadata_only
6981721360969422650.png,raw_metadata_only
6983044528958358848.png,raw_metadata_only
6985527429768128912.png,raw_metadata_only
6989880506418598873.png,raw_metadata_only
6990071977297552397.png,raw_metadata_only
6990569499187007493.png,raw_metadata_only
6992959547380862564.png,raw_metadata_only
6993053591951269255.png,raw_metadata_only
6993102888764442433.png,raw_metadata_only
6995067255500000911.png,raw_metadata_only
6995529438930624151.png,raw_metadata_only
7002463876194511182.png,raw_metadata_only
7003061367017732295.png,raw_metadata_only
7003410310735269584.png,raw_metadata_only
7003760634265050524.png,raw_metadata_only
7004149058807743107.png,raw_metadata_only
7005862410887613693.png,raw_metadata_only
7009144571410087584.png,raw_metadata_only
7010784114180083324.png,raw_metadata_only
7011848374392245468.png,raw_metadata_only
701580281783933329.png,raw_metadata_only
7017911258262861223.png,raw_metadata_only
7019825461324130864.png,raw_metadata_only
7020593458023318356.png,raw_metadata_only
7021670693885112268.png,raw_metadata_only
7025908543747423369.png,raw_metadata_only
7027428812908666402.png,raw_metadata_only
7037323483917343844.png,raw_metadata_only
7042029517528491248.png,raw_metadata_only
7044653275204524896.png,raw_metadata_only
7048865022520684954.png,raw_metadata_only
7049703890719675614.png,raw_metadata_only
7051800646857177598.png,raw_metadata_only
705307557695655390.png,raw_metadata_only
705682304880425722.png,raw_metadata_only
7057471765638831039.png,raw_metadata_only
7057975476087738253.png,raw_metadata_only
7059150863924780246.png,raw_metadata_only
7062791521806570532.png,raw_metadata_only
7062795686011033860.png,raw_metadata_only
7067343424836834077.png,raw_metadata_only
7071729463730759588.png,raw_metadata_only
7075272678730010002.png,raw_metadata_only
7079912289542782243.png,raw_metadata_only
7083664763800934549.png,raw_metadata_only
7085520385428098812.png,raw_metadata_only
7088640516028509378.png,raw_metadata_only
7090753179594042307.png,raw_metadata_only
7094183884752539122.png,raw_metadata_only
7095264246354565856.png,raw_metadata_only
7099046990900916040.png,raw_metadata_only
7100908023370188661.png,raw_metadata_only
7106388797727882911.png,raw_metadata_only
7110000950705752101.png,raw_metadata_only
7110316403206851010.png,raw_metadata_only
7114673545038627813.png,raw_metadata_only
7116759344924567168.png,raw_metadata_only
7120089320578618718.png,raw_metadata_only
7120254563388995219.png,raw_metadata_only
7121424255581796845.png,raw_metadata_only
7122761117932421479.png,raw_metadata_only
7123335754688124283.png,raw_metadata_only
7123999434247755533.png,raw_metadata_only
7126204160696251571.png,raw_metadata_only
7127280745030290167.png,raw_metadata_only
7129355548458218402.png,raw_metadata_only
7130619526616144038.png,raw_metadata_only
7137165278055001552.png,raw_metadata_only
7137275559160903292.png,raw_metadata_only
7141244651462730568.png,raw_metadata_only
714228002608857714.png,raw_metadata_only
7145588946865531253.png,raw_metadata_only
7150133867729018435.png,raw_metadata_only
7151497065594356180.png,raw_metadata_only
7151972898437479650.png,raw_metadata_only
7152968102855775056.png,raw_metadata_only
7165971192102242796.png,raw_metadata_only
7169847981402215980.png,raw_metadata_only
7171713138525647880.png,raw_metadata_only
717230070892837058.png,raw_metadata_only
7173140932140975848.png,raw_metadata_only
7174346215026338343.png,raw_metadata_only
717658965117278868.png,raw_metadata_only
7182601623932508797.png,raw_metadata_only
7188888656900818350.png,raw_metadata_only
7190421899691362883.png,raw_metadata_only
719132406509792359.png,raw_metadata_only
7193541520522554957.png,raw_metadata_only
7194429534335274179.png,raw_metadata_only
7194645356597220142.png,raw_metadata_only
7196153573739867518.png,raw_metadata_only
7196186319579794201.png,raw_metadata_only
7198660726379847243.png,raw_metadata_only
7199908112373917866.png,raw_metadata_only
7201824139187911035.png,raw_metadata_only
7204991041016004320.png,raw_metadata_only
7209133959996462141.png,raw_metadata_only
7216047314121352807.png,raw_metadata_only
7221566688372708429.png,raw_metadata_only
7224460297715338885.png,raw_metadata_only
7224807531586519833.png,raw_metadata_only
7229147268089484280.png,raw_metadata_only
7229665308429990522.png,raw_metadata_only
7230056517824690039.png,raw_metadata_only
7230978989440280137.png,raw_metadata_only
7231221389973143608.png,raw_metadata_only
723388922492534046.png,raw_metadata_only
7234797202043744622.png,raw_metadata_only
724020909189885805.png,raw_metadata_only
7241884052051678485.png,raw_metadata_only
7244146318245788426.png,raw_metadata_only
7244168942197394406.png,raw_metadata_only
7245038536332208527.png,raw_metadata_only
7246737896596274694.png,raw_metadata_only
7249096073146754753.png,raw_metadata_only
724924647087331057.png,raw_metadata_only
7253297709579205656.png,raw_metadata_only
7253853475589663178.png,raw_metadata_only
7254563293539519910.png,raw_metadata_only
7256666608950418798.png,raw_metadata_only
7256791506881970559.png,raw_metadata_only
7258016161452223207.png,raw_metadata_only
7258542086249691204.png,raw_metadata_only
7263172287250152808.png,raw_metadata_only
7266776778456311780.png,raw_metadata_only
7269773740341474946.png,raw_metadata_only
7277809407299095249.png,raw_metadata_only
7281684461648556309.png,raw_metadata_only
7289895038951630803.png,raw_metadata_only
7290370771714013577.png,raw_metadata_only
7292285124038686707.png,raw_metadata_only
729832078181740592.png,raw_metadata_only
7309424676490886027.png,raw_metadata_only
7309539916222205856.png,raw_metadata_only
7311883926582547467.png,raw_metadata_only
7312383956220790032.png,raw_metadata_only
73135932957400253.png,raw_metadata_only
7313776736900724644.png,raw_metadata_only
7314892418220171072.png,raw_metadata_only
7317777258850758696.png,raw_metadata_only
7317992359993295762.png,raw_metadata_only
7320002314183394920.png,raw_metadata_only
7323059151392963949.png,raw_metadata_only
7323265266267098073.png,raw_metadata_only
732459896804413088.png,raw_metadata_only
7327549891150265020.png,raw_metadata_only
7327857751785034152.png,raw_metadata_only
7329701706274215934.png,raw_metadata_only
7333789641537553254.png,raw_metadata_only
7335571060941227177.png,raw_metadata_only
7340222665970943608.png,raw_metadata_only
7341545399685082028.png,raw_metadata_only
7341764422271586286.png,raw_metadata_only
7351853379867090419.png,raw_metadata_only
7352620417809414828.png,raw_metadata_only
7362101172597511436.png,raw_metadata_only
7366186681638250188.png,raw_metadata_only
7368316885819721142.png,raw_metadata_only
7368432627336000850.png,raw_metadata_only
7369725623161738392.png,raw_metadata_only
7370093929534229464.png,raw_metadata_only
73701281919772042.png,raw_metadata_only
7387409784501323450.png,raw_metadata_only
7393742163607449950.png,raw_metadata_only
7396867247220783226.png,raw_metadata_only
7398836301890412764.png,raw_metadata_only
7400090684246012045.png,raw_metadata_only
7405188524466618187.png,raw_metadata_only
7414013956444549648.png,raw_metadata_only
7423969683082371604.png,raw_metadata_only
7425081455932060751.png,raw_metadata_only
7425209823700203224.png,raw_metadata_only
743043655825758145.png,raw_metadata_only
7432957941377022733.png,raw_metadata_only
7433992862220199988.png,raw_metadata_only
7439909465143884125.png,raw_metadata_only
7440065092004000207.png,raw_metadata_only
7446580234433426700.png,raw_metadata_only
7449341412224422765.png,raw_metadata_only
7460985154984411731.png,raw_metadata_only
7462948604796590854.png,raw_metadata_only
747066826117584375.png,raw_metadata_only
7475075260748855881.png,raw_metadata_only
7479938728782520897.png,raw_metadata_only
7483918810071315659.png,raw_metadata_only
7484416798378659908.png,raw_metadata_only
7487795595643457618.png,raw_metadata_only
7489812611158871797.png,raw_metadata_only
7496979705076792849.png,raw_metadata_only
7501504181750215911.png,raw_metadata_only
7502939951166135271.png,raw_metadata_only
7506163339063654783.png,raw_metadata_only
7508006745454610098.png,raw_metadata_only
7515432113661209633.png,raw_metadata_only
7518962439947022924.png,raw_metadata_only
7523062521565187100.png,raw_metadata_only
7524991327943251518.png,raw_metadata_only
7525075577501273064.png,raw_metadata_only
7526761050573843369.png,raw_metadata_only
7528094628372599149.png,raw_metadata_only
7528210907769825650.png,raw_metadata_only
753000652558663932.png,raw_metadata_only
7530661709648997233.png,raw_metadata_only
7533158690936121998.png,raw_metadata_only
7533172486973185211.png,raw_metadata_only
7534148264101520666.png,raw_metadata_only
7535774685227033078.png,raw_metadata_only
7536566701636569291.png,raw_metadata_only
7538452585738262836.png,raw_metadata_only
7538558359257831753.png,raw_metadata_only
7539643591383584393.png,raw_metadata_only
7548258569893429172.png,raw_metadata_only
7548339388368787937.png,raw_metadata_only
754932103317031965.png,raw_metadata_only
754941118574143689.png,raw_metadata_only
7560947283816492463.png,raw_metadata_only
756929628193968661.png,raw_metadata_only
7571524650385165830.png,raw_metadata_only
7571664730621104797.png,raw_metadata_only
7572781231168059584.png,raw_metadata_only
7574007456253041459.png,raw_metadata_only
7575367956382093640.png,raw_metadata_only
7576219887292331130.png,raw_metadata_only
7578060038381081226.png,raw_metadata_only
7580311064364508943.png,raw_metadata_only
7581711965936483656.png,raw_metadata_only
7584086134490381320.png,raw_metadata_only
758933555673505056.png,raw_metadata_only
7589343050526404120.png,raw_metadata_only
7591196498819271884.png,raw_metadata_only
7594781505893419003.png,raw_metadata_only
7594953126365191364.png,raw_metadata_only
7597480956072963141.png,raw_metadata_only
7601613904849423781.png,raw_metadata_only
7602453313231266799.png,raw_metadata_only
7604747975671865575.png,raw_metadata_only
7606490649624430751.png,raw_metadata_only
7609986478008314923.png,raw_metadata_only
7612296368100413766.png,raw_metadata_only
7613680617433635091.png,raw_metadata_only
7615081521128751436.png,raw_metadata_only
7616961142892406438.png,raw_metadata_only
7618431389510664775.png,raw_metadata_only
7621448305105323657.png,raw_metadata_only
762331247954431074.png,raw_metadata_only
7624703560142571231.png,raw_metadata_only
7625195045042189957.png,raw_metadata_only
762690062038124775.png,raw_metadata_only
7628589633492245971.png,raw_metadata_only
7632827780740870146.png,raw_metadata_only
7636951781586368393.png,raw_metadata_only
7637410003006332051.png,raw_metadata_only
7637508202388100963.png,raw_metadata_only
7644405420835594929.png,raw_metadata_only
7644532956662133916.png,raw_metadata_only
7652424846408237071.png,raw_metadata_only
7653319661344484010.png,raw_metadata_only
7653940862944856140.png,raw_metadata_only
7655633247694126433.png,raw_metadata_only
7656458232116458862.png,raw_metadata_only
7658777233988671734.png,raw_metadata_only
76599206299729213.png,raw_metadata_only
7661714285866369206.png,raw_metadata_only
7664011753440611322.png,raw_metadata_only
7664588475626098247.png,raw_metadata_only
7668519123657087340.png,raw_metadata_only
7671434476618192929.png,raw_metadata_only
7674952312573130560.png,raw_metadata_only
7680054325908237298.png,raw_metadata_only
7683045699795691480.png,raw_metadata_only
7684231377600656015.png,raw_metadata_only
7686080352221921534.png,raw_metadata_only
7688056344245748612.png,raw_metadata_only
7691744193589754925.png,raw_metadata_only
7693933129623835644.png,raw_metadata_only
7696350726318300806.png,raw_metadata_only
7696689117428908725.png,raw_metadata_only
7701660065293052839.png,raw_metadata_only
7705472091899656202.png,raw_metadata_only
7706826616937059458.png,raw_metadata_only
7710049218681093673.png,raw_metadata_only
7712626046280696902.png,raw_metadata_only
7716732014935895628.png,raw_metadata_only
7717859232763195511.png,raw_metadata_only
7728275516089531705.png,raw_metadata_only
7729018255329451044.png,raw_metadata_only
7736574786625363736.png,raw_metadata_only
7756964897583610406.png,raw_metadata_only
775781821009173730.png,raw_metadata_only
7760405555861065847.png,raw_metadata_only
7760708076975849255.png,raw_metadata_only
7761413688965416721.png,raw_metadata_only
776152883006049032.png,raw_metadata_only
7763886265059989529.png,raw_metadata_only
7767420758638202361.png,raw_metadata_only
7769103851886282794.png,raw_metadata_only
7769351292814849323.png,raw_metadata_only
7772605037171722699.png,raw_metadata_only
777284266327823069.png,raw_metadata_only
7773665584071214687.png,raw_metadata_only
7774948211993594513.png,raw_metadata_only
7778648677953523329.png,raw_metadata_only
7779758798320382398.png,raw_metadata_only
7780382427421060022.png,raw_metadata_only
7784828029538998946.png,raw_metadata_only
7786702252827405283.png,raw_metadata_only
7792307889239748212.png,raw_metadata_only
7797154862075963325.png,raw_metadata_only
7799650519491625329.png,raw_metadata_only
7804619611253807880.png,raw_metadata_only
780555288058696762.png,raw_metadata_only
7810546855565179160.png,raw_metadata_only
7810950845349115546.png,raw_metadata_only
7811475469076971025.png,raw_metadata_only
781763507041921636.png,raw_metadata_only
781928223140617746.png,raw_metadata_only
7820293040693430178.png,raw_metadata_only
7824994514802855368.png,raw_metadata_only
7825713579418650669.png,raw_metadata_only
7830049625963636574.png,raw_metadata_only
783339098012839635.png,raw_metadata_only
7836755757138392671.png,raw_metadata_only
7838147394039677269.png,raw_metadata_only
783829370774530350.png,raw_metadata_only
7839480591945456453.png,raw_metadata_only
7846235618886945562.png,raw_metadata_only
7846736155743319968.png,raw_metadata_only
7847724921187351258.png,raw_metadata_only
7848325074380344098.png,raw_metadata_only
784841489944366449.png,raw_metadata_only
7848679804626263461.png,raw_metadata_only
7850315044977794844.png,raw_metadata_only
7854692821330125425.png,raw_metadata_only
7856595066395650302.png,raw_metadata_only
7865526732320898776.png,raw_metadata_only
7868276118592753353.png,raw_metadata_only
7868956471890038999.png,raw_metadata_only
7871700326319775130.png,raw_metadata_only
7872231196341073090.png,raw_metadata_only
7872875672858538103.png,raw_metadata_only
7874533281187458009.png,raw_metadata_only
7877276387406078156.png,raw_metadata_only
7887696861207631993.png,raw_metadata_only
7888929734768886963.png,raw_metadata_only
7892341688261958447.png,raw_metadata_only
7894341361739432682.png,raw_metadata_only
7897322528902399772.png,raw_metadata_only
7897351283194352264.png,raw_metadata_only
7898976517349486191.png,raw_metadata_only
7903333660211830549.png,raw_metadata_only
7903520447837776507.png,raw_metadata_only
7903578211640293426.png,raw_metadata_only
7906315042206534866.png,raw_metadata_only
790832295422214235.png,raw_metadata_only
7908768395695345949.png,raw_metadata_only
7908781794126268087.png,raw_metadata_only
7909840548929423822.png,raw_metadata_only
7915105505053486315.png,raw_metadata_only
791651477759432490.png,raw_metadata_only
7916549527449276941.png,raw_metadata_only
7922236929079640417.png,raw_metadata_only
7925334954540637815.png,raw_metadata_only
793148669191501739.png,raw_metadata_only
7935817531966240725.png,raw_metadata_only
7936931623873788776.png,raw_metadata_only
7937588583341556864.png,raw_metadata_only
7939761323405468583.png,raw_metadata_only
7946922339553115628.png,raw_metadata_only
7950496495505060857.png,raw_metadata_only
7952728986007210980.png,raw_metadata_only
7957591870452531441.png,raw_metadata_only
7957644844723763140.png,raw_metadata_only
7958401754757491846.png,raw_metadata_only
7960382393529503765.png,raw_metadata_only
7961636674097123817.png,raw_metadata_only
7962922481237940342.png,raw_metadata_only
796593110281208417.png,raw_metadata_only
7966177837052634236.png,raw_metadata_only
7967908488319185366.png,raw_metadata_only
796915182399650822.png,raw_metadata_only
7972242262117551554.png,raw_metadata_only
7975529822019332567.png,raw_metadata_only
7980404320031846483.png,raw_metadata_only
7980844269689605309.png,raw_metadata_only
7984532612405347630.png,raw_metadata_only
7986179249008731635.png,raw_metadata_only
7991201394179632138.png,raw_metadata_only
7996739370044113299.png,raw_metadata_only
8001060908848253948.png,raw_metadata_only
8006890288486287575.png,raw_metadata_only
8007835112291185660.png,raw_metadata_only
8010080310476358578.png,raw_metadata_only
8014384649486440940.png,raw_metadata_only
801456210967792864.png,raw_metadata_only
8014790193300734399.png,raw_metadata_only
8017993874148535575.png,raw_metadata_only
8029014025198719393.png,raw_metadata_only
8029803746031037201.png,raw_metadata_only
8032969161144890228.png,raw_metadata_only
8034962727935539194.png,raw_metadata_only
8040196583187577068.png,raw_metadata_only
804217101392395222.png,raw_metadata_only
8044560308788841041.png,raw_metadata_only
8048305195382317424.png,raw_metadata_only
804915962979573417.png,raw_metadata_only
8053140730560305742.png,raw_metadata_only
8055851599166382346.png,raw_metadata_only
8058261926589760924.png,raw_metadata_only
8058265096990513501.png,raw_metadata_only
8060891040324286128.png,raw_metadata_only
8064981422824571519.png,raw_metadata_only
806924564402717885.png,raw_metadata_only
8071861076323429989.png,raw_metadata_only
807217658582074180.png,raw_metadata_only
8077600272482094664.png,raw_metadata_only
8078044012412020342.png,raw_metadata_only
8080281084121986786.png,raw_metadata_only
8085412558223921097.png,raw_metadata_only
8088293622745090444.png,raw_metadata_only
8091273955774587587.png,raw_metadata_only
8091316492939445680.png,raw_metadata_only
8094029899724843597.png,raw_metadata_only
8094974020649748174.png,raw_metadata_only
8100994483792481876.png,raw_metadata_only
8102414095863076511.png,raw_metadata_only
8102887568325883936.png,raw_metadata_only
8106824572819277675.png,raw_metadata_only
8107465616741518287.png,raw_metadata_only
8109390899642688699.png,raw_metadata_only
8110013249666720763.png,raw_metadata_only
8112411485202837422.png,raw_metadata_only
8119518581377407910.png,raw_metadata_only
8119988496098366430.png,raw_metadata_only
8120769919711144253.png,raw_metadata_only
8122831941418372905.png,raw_metadata_only
8124593379991567932.png,raw_metadata_only
8128158485682761890.png,raw_metadata_only
8132770528984446639.png,raw_metadata_only
8141524852505757189.png,raw_metadata_only
8142526501866117235.png,raw_metadata_only
8144945695157917085.png,raw_metadata_only
8145896523046435249.png,raw_metadata_only
8148065367895710614.png,raw_metadata_only
8157363078559851402.png,raw_metadata_only
8160696709128558080.png,raw_metadata_only
8162118501309357160.png,raw_metadata_only
8162684664726642109.png,raw_metadata_only
8162768993854058112.png,raw_metadata_only
8163400843545211618.png,raw_metadata_only
8165366699488790952.png,raw_metadata_only
817521524364138523.png,raw_metadata_only
8175644255989677430.png,raw_metadata_only
817606527700897543.png,raw_metadata_only
8176402025579136382.png,raw_metadata_only
8176739215143845213.png,raw_metadata_only
817740747076196424.png,raw_metadata_only
8178350256871197966.png,raw_metadata_only
8179832143632899800.png,raw_metadata_only
8180178431062829171.png,raw_metadata_only
8182450683913076158.png,raw_metadata_only
8185007526475507199.png,raw_metadata_only
8187403870754700072.png,raw_metadata_only
8192112349385344921.png,raw_metadata_only
8193758077558706216.png,raw_metadata_only
8194614546944721350.png,raw_metadata_only
8195632356731883873.png,raw_metadata_only
8197222110438826720.png,raw_metadata_only
8198029069118414622.png,raw_metadata_only
819979627422820926.png,raw_metadata_only
8205136079315351986.png,raw_metadata_only
8207822609173579402.png,raw_metadata_only
8208832630371179564.png,raw_metadata_only
820939155126188739.png,raw_metadata_only
8210650482988817767.png,raw_metadata_only
8212905239683921619.png,raw_metadata_only
8215312980140814563.png,raw_metadata_only
8215374641081279021.png,raw_metadata_only
8215734151924472275.png,raw_metadata_only
8219596372097632965.png,raw_metadata_only
8222365765137910640.png,raw_metadata_only
8222812700314799150.png,raw_metadata_only
8224859598218783812.png,raw_metadata_only
8228002420112509347.png,raw_metadata_only
8233674798713772012.png,raw_metadata_only
8234175131321418567.png,raw_metadata_only
8234767697439940158.png,raw_metadata_only
8238467391896754717.png,raw_metadata_only
8240684777484171702.png,raw_metadata_only
8241385637048419100.png,raw_metadata_only
824138962039432288.png,raw_metadata_only
8242744283090575968.png,raw_metadata_only
8244235506594836514.png,raw_metadata_only
8245268889300018879.png,raw_metadata_only
8249037519727047360.png,raw_metadata_only
825189963146063637.png,raw_metadata_only
825213585233764553.png,raw_metadata_only
8252971736179589032.png,raw_metadata_only
8258473201694136107.png,raw_metadata_only
8260247420339367690.png,raw_metadata_only
8264348866000438736.png,raw_metadata_only
8265507057376317321.png,raw_metadata_only
8270654112785798156.png,raw_metadata_only
8273183907142275593.png,raw_metadata_only
8274601404686443903.png,raw_metadata_only
82747502823652174.png,raw_metadata_only
8274826488534529432.png,raw_metadata_only
8275515946446493351.png,raw_metadata_only
8278557745573198953.png,raw_metadata_only
8278872941983393987.png,raw_metadata_only
8282942894776966373.png,raw_metadata_only
8285280536564095996.png,raw_metadata_only
829451201333823500.png,raw_metadata_only
8297999088113924024.png,raw_metadata_only
8298885723015641937.png,raw_metadata_only
830055264068647672.png,raw_metadata_only
8302802671327002792.png,raw_metadata_only
8303591744084190049.png,raw_metadata_only
8304952767392793983.png,raw_metadata_only
8307060111044392671.png,raw_metadata_only
8309745836167305171.png,raw_metadata_only
8311285227978855700.png,raw_metadata_only
8313306498803556378.png,raw_metadata_only
8317931907189984735.png,raw_metadata_only
8318508107131814352.png,raw_metadata_only
8319045803997364391.png,raw_metadata_only
8319395838391234201.png,raw_metadata_only
8321506312748453852.png,raw_metadata_only
8324160638639285907.png,raw_metadata_only
8324987043392956077.png,raw_metadata_only
8331386767938452427.png,raw_metadata_only
8332977600118621893.png,raw_metadata_only
8343761304166770754.png,raw_metadata_only
8345106797020077261.png,raw_metadata_only
8350093856322578059.png,raw_metadata_only
8350327429664591448.png,raw_metadata_only
8352342288626023722.png,raw_metadata_only
8356107922471939108.png,raw_metadata_only
8360835924893968380.png,raw_metadata_only
8361487173182695840.png,raw_metadata_only
8361836147402648758.png,raw_metadata_only
8366417394300203420.png,raw_metadata_only
8367895169213382257.png,raw_metadata_only
8368239810047471064.png,raw_metadata_only
8370635839688000828.png,raw_metadata_only
8374395029454076772.png,raw_metadata_only
8375327487552231557.png,raw_metadata_only
8377073410394985067.png,raw_metadata_only
8379170016009864944.png,raw_metadata_only
8380355081858473537.png,raw_metadata_only
8390379555731128950.png,raw_metadata_only
8390386272752081886.png,raw_metadata_only
8394868120608945692.png,raw_metadata_only
8396428953354494730.png,raw_metadata_only
8397524570688626076.png,raw_metadata_only
8398658738836518286.png,raw_metadata_only
8399825900967757878.png,raw_metadata_only
8400002183831523431.png,raw_metadata_only
8402093706687606316.png,raw_metadata_only
8402475218636267718.png,raw_metadata_only
8403669440292679221.png,raw_metadata_only
840490466332246453.png,raw_metadata_only
8406175000018845852.png,raw_metadata_only
8407054737492318345.png,raw_metadata_only
8422964631467313419.png,raw_metadata_only
8423636780160515791.png,raw_metadata_only
8424355179615041266.png,raw_metadata_only
8427651112818416576.png,raw_metadata_only
8430023424414454850.png,raw_metadata_only
8430361207789415855.png,raw_metadata_only
8430688860785760495.png,raw_metadata_only
8431895896243841592.png,raw_metadata_only
8432675952781020680.png,raw_metadata_only
8435513519700049323.png,raw_metadata_only
8437476919730940935.png,raw_metadata_only
8444165190181229002.png,raw_metadata_only
8445382017861632066.png,raw_metadata_only
84475266658796801.png,raw_metadata_only
8448093809433902682.png,raw_metadata_only
8448844900205966834.png,raw_metadata_only
8449519683221388808.png,raw_metadata_only
8450630601870285109.png,raw_metadata_only
8451819580888917134.png,raw_metadata_only
8452214547612078314.png,raw_metadata_only
8453498609660891212.png,raw_metadata_only
845505903188153741.png,raw_metadata_only
8456020213063918663.png,raw_metadata_only
8456646374661105599.png,raw_metadata_only
8456894228674659230.png,raw_metadata_only
8457595670204358474.png,raw_metadata_only
8461919250493046366.png,raw_metadata_only
8464899480560291039.png,raw_metadata_only
8466237617553717623.png,raw_metadata_only
8473044454225111362.png,raw_metadata_only
8475360110300771507.png,raw_metadata_only
8476249289202846426.png,raw_metadata_only
8483692078742908750.png,raw_metadata_only
8490149444403768842.png,raw_metadata_only
8491433229363098403.png,raw_metadata_only
8498057360565521850.png,raw_metadata_only
8500148894712667970.png,raw_metadata_only
8501610783927049928.png,raw_metadata_only
8501980372527203304.png,raw_metadata_only
8504624610415602701.png,raw_metadata_only
8504783582862294287.png,raw_metadata_only
8506064404634562216.png,raw_metadata_only
851134735662845592.png,raw_metadata_only
8511409875018863796.png,raw_metadata_only
8516416641470676717.png,raw_metadata_only
8520392011153606753.png,raw_metadata_only
8521190351590527934.png,raw_metadata_only
8521666584856272650.png,raw_metadata_only
8523653419078472399.png,raw_metadata_only
8525767992805394552.png,raw_metadata_only
8531651954355692658.png,raw_metadata_only
853530237877095092.png,raw_metadata_only
8537517516691706278.png,raw_metadata_only
8537866416089538753.png,raw_metadata_only
8538075517728087299.png,raw_metadata_only
8541245669410813896.png,raw_metadata_only
8541252797327287580.png,raw_metadata_only
8542203205274882132.png,raw_metadata_only
8542955375250783002.png,raw_metadata_only
8546094807375899976.png,raw_metadata_only
8546371760602424404.png,raw_metadata_only
8549119330472046798.png,raw_metadata_only
8549137165884551965.png,raw_metadata_only
8553862090579537359.png,raw_metadata_only
8557895663911349959.png,raw_metadata_only
8566016842835547069.png,raw_metadata_only
8566741698855191136.png,raw_metadata_only
8571825470117522004.png,raw_metadata_only
8572223303011871862.png,raw_metadata_only
8576258398425923001.png,raw_metadata_only
8581314132129243276.png,raw_metadata_only
8581700702814027013.png,raw_metadata_only
8582218280859891764.png,raw_metadata_only
8582391068867846874.png,raw_metadata_only
8583202401401554846.png,raw_metadata_only
8584464158802819740.png,raw_metadata_only
8584568125836545219.png,raw_metadata_only
8584606393278903338.png,raw_metadata_only
8587107586451148531.png,raw_metadata_only
8587702260878161427.png,raw_metadata_only
8587791625713485420.png,raw_metadata_only
8587901748118327054.png,raw_metadata_only
8590593750882243755.png,raw_metadata_only
8598709142834861630.png,raw_metadata_only
8598865896046559060.png,raw_metadata_only
8601796132198058082.png,raw_metadata_only
8603012525191868265.png,raw_metadata_only
8603595878888150325.png,raw_metadata_only
8605027410184196085.png,raw_metadata_only
8605463132332457150.png,raw_metadata_only
8606164120829416141.png,raw_metadata_only
8607698967712023260.png,raw_metadata_only
8609509676563004234.png,raw_metadata_only
8611082759598900803.png,raw_metadata_only
8611376072815141375.png,raw_metadata_only
8613861382247287394.png,raw_metadata_only
8613989369555590946.png,raw_metadata_only
8614100246003888993.png,raw_metadata_only
8617763540039992906.png,raw_metadata_only
8621989260298206760.png,raw_metadata_only
862461662848239408.png,raw_metadata_only
8635937541110824309.png,raw_metadata_only
8641547392851164626.png,raw_metadata_only
8642361726154039736.png,raw_metadata_only
8651222427967368389.png,raw_metadata_only
8652187035654812446.png,raw_metadata_only
865756199707306359.png,raw_metadata_only
8658691343886553123.png,raw_metadata_only
8659581693300309775.png,raw_metadata_only
8660513260658813359.png,raw_metadata_only
866182311576369209.png,raw_metadata_only
8662644829897365441.png,raw_metadata_only
8663459152968105626.png,raw_metadata_only
8665670512199698999.png,raw_metadata_only
8670776126072569015.png,raw_metadata_only
8670793406657117003.png,raw_metadata_only
8672342180448986176.png,raw_metadata_only
8674103200640488965.png,raw_metadata_only
867514820499314695.png,raw_metadata_only
8676271219949267141.png,raw_metadata_only
8677497167865761167.png,raw_metadata_only
8678539998879670935.png,raw_metadata_only
8680726349812442407.png,raw_metadata_only
8681306625887584552.png,raw_metadata_only
8684281523025310166.png,raw_metadata_only
8686477835034868155.png,raw_metadata_only
8687600893935901241.png,raw_metadata_only
8689168966252942770.png,raw_metadata_only
868934104334055227.png,raw_metadata_only
8689891201513145478.png,raw_metadata_only
8690558931273958985.png,raw_metadata_only
8696752077977565317.png,raw_metadata_only
870121445483831113.png,raw_metadata_only
8703136849355285404.png,raw_metadata_only
870449130755318832.png,raw_metadata_only
8707676808480324805.png,raw_metadata_only
8709319601522217028.png,raw_metadata_only
8710732111942772846.png,raw_metadata_only
8712230247790481872.png,raw_metadata_only
871998314754525370.png,raw_metadata_only
8720025027698397449.png,raw_metadata_only
8723654748532370572.png,raw_metadata_only
8724092358966494744.png,raw_metadata_only
8726573167391930611.png,raw_metadata_only
8742582141128677870.png,raw_metadata_only
8747963912474838662.png,raw_metadata_only
8748144847630043442.png,raw_metadata_only
8748249059348168034.png,raw_metadata_only
8750660460025728913.png,raw_metadata_only
8752048456455067248.png,raw_metadata_only
8755632466315685650.png,raw_metadata_only
8757207229474202604.png,raw_metadata_only
8770927684661205701.png,raw_metadata_only
8772337546813602412.png,raw_metadata_only
8773570913936654770.png,raw_metadata_only
877503501043863180.png,raw_metadata_only
8775618016429057914.png,raw_metadata_only
8775874210433885866.png,raw_metadata_only
8776999472503933093.png,raw_metadata_only
8780382902438195361.png,raw_metadata_only
8784731267292569198.png,raw_metadata_only
8785188200955736174.png,raw_metadata_only
8786520035048687893.png,raw_metadata_only
8788019009361777747.png,raw_metadata_only
8790857069022665337.png,raw_metadata_only
8795885615476833533.png,raw_metadata_only
8798991694781315423.png,raw_metadata_only
8802385483879044928.png,raw_metadata_only
8806903249731668808.png,raw_metadata_only
8806943413983631549.png,raw_metadata_only
8811241648421071096.png,raw_metadata_only
8818283449862745390.png,raw_metadata_only
8818467866023834874.png,raw_metadata_only
8832389402520906690.png,raw_metadata_only
8838937154788578371.png,raw_metadata_only
8844122271028489320.png,raw_metadata_only
8847844685036135075.png,raw_metadata_only
8847994436268462446.png,raw_metadata_only
8851857651338255836.png,raw_metadata_only
8856273242909959703.png,raw_metadata_only
8857209346089120881.png,raw_metadata_only
8858413300549090425.png,raw_metadata_only
8858524715805619724.png,raw_metadata_only
8859712541772176806.png,raw_metadata_only
8862926025009001624.png,raw_metadata_only
886427089600503216.png,raw_metadata_only
8864468044677215289.png,raw_metadata_only
8866244360475666842.png,raw_metadata_only
8867130140277486382.png,raw_metadata_only
8867818128075541893.png,raw_metadata_only
8872649891542459941.png,raw_metadata_only
8874946007921044163.png,raw_metadata_only
8875186022304082183.png,raw_metadata_only
8875268415358396789.png,raw_metadata_only
8876286516067143330.png,raw_metadata_only
8881867523803556272.png,raw_metadata_only
888558715056297989.png,raw_metadata_only
8890776989138679105.png,raw_metadata_only
8891476515475907528.png,raw_metadata_only
8891739565533954556.png,raw_metadata_only
8894388069855097864.png,raw_metadata_only
8895232189294550574.png,raw_metadata_only
8896284628347327688.png,raw_metadata_only
8898861788754959017.png,raw_metadata_only
8898898780607780819.png,raw_metadata_only
890245323579798391.png,raw_metadata_only
8902532018852290805.png,raw_metadata_only
8904349145576742382.png,raw_metadata_only
8906692385718594584.png,raw_metadata_only
8917931502494621638.png,raw_metadata_only
8918113362701946525.png,raw_metadata_only
8922635109102914858.png,raw_metadata_only
8927569442973267153.png,raw_metadata_only
8928418685086419508.png,raw_metadata_only
8931849954361198191.png,raw_metadata_only
893189999320804519.png,raw_metadata_only
8933434569902774579.png,raw_metadata_only
8935104140103588375.png,raw_metadata_only
8935437619194236442.png,raw_metadata_only
8936504934659794284.png,raw_metadata_only
8938987404946448422.png,raw_metadata_only
8941724939989992503.png,raw_metadata_only
8942568196460111669.png,raw_metadata_only
8943452377015009675.png,raw_metadata_only
894489448711691242.png,raw_metadata_only
8952763965285332920.png,raw_metadata_only
8953015289412905592.png,raw_metadata_only
8953556150731462434.png,raw_metadata_only
8954862803183706355.png,raw_metadata_only
8957314185317146954.png,raw_metadata_only
8957756375389077445.png,raw_metadata_only
8958842335017419132.png,raw_metadata_only
8959739565231167707.png,raw_metadata_only
8959842468458914211.png,raw_metadata_only
8963810520730551823.png,raw_metadata_only
8968086489097523944.png,raw_metadata_only
8968423876379932468.png,raw_metadata_only
897339054714124233.png,raw_metadata_only
8973726898890590210.png,raw_metadata_only
897535865002740207.png,raw_metadata_only
8977765022181205065.png,raw_metadata_only
8979691730563403353.png,raw_metadata_only
8981649345590657922.png,raw_metadata_only
8983542037027292460.png,raw_metadata_only
8984813648006798735.png,raw_metadata_only
8986626439720871417.png,raw_metadata_only
8989852283896041210.png,raw_metadata_only
8992004962400932960.png,raw_metadata_only
8992650921705794456.png,raw_metadata_only
8994326462655890990.png,raw_metadata_only
8995148493920021993.png,raw_metadata_only
8996279274717436088.png,raw_metadata_only
8998356404797673551.png,raw_metadata_only
9000251155382685383.png,raw_metadata_only
9003339554742903243.png,raw_metadata_only
9004802388817472235.png,raw_metadata_only
9017422570993946007.png,raw_metadata_only
9021677462746445329.png,raw_metadata_only
9024635869616247078.png,raw_metadata_only
9025491094442274404.png,raw_metadata_only
9025611192349084342.png,raw_metadata_only
9025611496139386407.png,raw_metadata_only
9027518396561604320.png,raw_metadata_only
9030372736485025618.png,raw_metadata_only
9031653635936649158.png,raw_metadata_only
9035686304885091670.png,raw_metadata_only
9036491926540559579.png,raw_metadata_only
9039021812536197702.png,raw_metadata_only
9042854896413952054.png,raw_metadata_only
9046292420211157421.png,raw_metadata_only
905167043957992633.png,raw_metadata_only
9052966134782655953.png,raw_metadata_only
9054158961251841169.png,raw_metadata_only
9062717650771809966.png,raw_metadata_only
9064741850422233157.png,raw_metadata_only
906600505866786477.png,raw_metadata_only
9066136214597907604.png,raw_metadata_only
9068834759287693167.png,raw_metadata_only
9070069520300842985.png,raw_metadata_only
907030038805304116.png,raw_metadata_only
907083905908993373.png,raw_metadata_only
9078489816104938811.png,raw_metadata_only
9081708913409105285.png,raw_metadata_only
908190983672434061.png,raw_metadata_only
9086417902587133443.png,raw_metadata_only
9087095147158898324.png,raw_metadata_only
9089481310763480254.png,raw_metadata_only
9090064512990608235.png,raw_metadata_only
9095451701441174420.png,raw_metadata_only
9096596305603840450.png,raw_metadata_only
9100661333631626397.png,raw_metadata_only
9101399965738155664.png,raw_metadata_only
9109785015518514278.png,raw_metadata_only
9111397928834127422.png,raw_metadata_only
9118575272142681189.png,raw_metadata_only
9122580466546638151.png,raw_metadata_only
9124316699968367292.png,raw_metadata_only
9129646382561470882.png,raw_metadata_only
9133875180658987395.png,raw_metadata_only
9141881379174540124.png,raw_metadata_only
9143069236870810682.png,raw_metadata_only
9144286014377667963.png,raw_metadata_only
9144708776812100913.png,raw_metadata_only
9146830439064755288.png,raw_metadata_only
9150054186017972054.png,raw_metadata_only
9150057556504708823.png,raw_metadata_only
9151664059891017993.png,raw_metadata_only
9152159256554344200.png,raw_metadata_only
9153221981777814188.png,raw_metadata_only
9153631562771241261.png,raw_metadata_only
9155458225824028738.png,raw_metadata_only
9160110829566727554.png,raw_metadata_only
9160515254792469987.png,raw_metadata_only
9163018680451228289.png,raw_metadata_only
916556596607283933.png,raw_metadata_only
9167063938168637187.png,raw_metadata_only
9169299827138602618.png,raw_metadata_only
9174777259557508779.png,raw_metadata_only
917686680912973672.png,raw_metadata_only
9183825973764207748.png,raw_metadata_only
918467325747190419.png,raw_metadata_only
9185070436406557387.png,raw_metadata_only
9185501884074052098.png,raw_metadata_only
9187944599511836321.png,raw_metadata_only
9188530032655035095.png,raw_metadata_only
9190556274702426550.png,raw_metadata_only
919059072475396680.png,raw_metadata_only
9191272255324503319.png,raw_metadata_only
9191549774883693634.png,raw_metadata_only
9197597606066967801.png,raw_metadata_only
9202191922211328324.png,raw_metadata_only
9202844511377661066.png,raw_metadata_only
9205402243223680724.png,raw_metadata_only
9215326268899820700.png,raw_metadata_only
9217123691717628423.png,raw_metadata_only
9218521605088011523.png,raw_metadata_only
9219927126681405895.png,raw_metadata_only
926238807588176355.png,raw_metadata_only
93217419184293905.png,raw_metadata_only
933020177257312257.png,raw_metadata_only
935923843788199762.png,raw_metadata_only
938760478655111058.png,raw_metadata_only
949364658343536936.png,raw_metadata_only
950443426192725980.png,raw_metadata_only
956908354328642685.png,raw_metadata_only
960187272475981264.png,raw_metadata_only
964795081456203750.png,raw_metadata_only
965288781131957213.png,raw_metadata_only
965486906717124028.png,raw_metadata_only
969040390545595691.png,raw_metadata_only
96983641017525055.png,raw_metadata_only
975009450482576240.png,raw_metadata_only
976904113563668272.png,raw_metadata_only
985500078121999953.png,raw_metadata_only
987290055794915523.png,raw_metadata_only
988860587947748322.png,raw_metadata_only
993545518757263290.png,raw_metadata_only
