photos,replicate,metric,mil_minus_rf
1,0,macro_roc_auc,0.023712543503467964
1,1,macro_roc_auc,0.020671085144150836
1,2,macro_roc_auc,0.02468718958181937
1,3,macro_roc_auc,0.020895430487934186
1,4,macro_roc_auc,0.016743212000697838
1,5,macro_roc_auc,0.022432867994102046
1,6,macro_roc_auc,0.025489594715898956
1,7,macro_roc_auc,0.01726861852802586
1,8,macro_roc_auc,0.017756205019134552
1,9,macro_roc_auc,0.02508800709329173
1,10,macro_roc_auc,0.037483985986626056
1,11,macro_roc_auc,0.02847587925277395
1,12,macro_roc_auc,0.011046146724971284
1,13,macro_roc_auc,0.019690788909437207
1,14,macro_roc_auc,0.026245657640323494
1,15,macro_roc_auc,0.017478490805985625
1,16,macro_roc_auc,0.01732747816405389
1,17,macro_roc_auc,0.01827284883978031
1,18,macro_roc_auc,0.018939861595596796
1,19,macro_roc_auc,0.02211968422463151
1,20,macro_roc_auc,0.018040824664061428
1,21,macro_roc_auc,0.017281152986668213
1,22,macro_roc_auc,0.015477724310996366
1,23,macro_roc_auc,0.022836564094748213
1,24,macro_roc_auc,0.01896418505718045
1,25,macro_roc_auc,0.024176244172863015
1,26,macro_roc_auc,0.030714013549119623
1,27,macro_roc_auc,0.02930519475736615
1,28,macro_roc_auc,0.0219058328966949
1,29,macro_roc_auc,0.038716168668595285
1,30,macro_roc_auc,0.03216226836337943
1,31,macro_roc_auc,0.01844373110261588
1,32,macro_roc_auc,0.03368522643899119
1,33,macro_roc_auc,0.029879677120499104
1,34,macro_roc_auc,0.018545965218328853
1,35,macro_roc_auc,0.02088193779259917
1,36,macro_roc_auc,0.033003677742238335
1,37,macro_roc_auc,0.02635505503669411
1,38,macro_roc_auc,0.02609954642061907
1,39,macro_roc_auc,0.009223020294268358
1,40,macro_roc_auc,0.031309628500483244
1,41,macro_roc_auc,0.014205367330245244
1,42,macro_roc_auc,0.018335264044133215
1,43,macro_roc_auc,0.015840318986657498
1,44,macro_roc_auc,0.013948469777046668
1,45,macro_roc_auc,0.023173608896915998
1,46,macro_roc_auc,0.03587885129735435
1,47,macro_roc_auc,0.014828014343975071
1,48,macro_roc_auc,0.022156749785358865
1,49,macro_roc_auc,0.017963456893981267
1,50,macro_roc_auc,0.024311441211460227
1,51,macro_roc_auc,0.03030132949704245
1,52,macro_roc_auc,0.025235215431753
1,53,macro_roc_auc,0.006885412983974382
1,54,macro_roc_auc,0.03608945275912678
1,55,macro_roc_auc,0.014158650314139432
1,56,macro_roc_auc,0.024023805002051257
1,57,macro_roc_auc,0.029932422234145384
1,58,macro_roc_auc,0.015184350754900988
1,59,macro_roc_auc,0.013502335664260512
1,60,macro_roc_auc,0.015665431640423555
1,61,macro_roc_auc,0.03938962302760307
1,62,macro_roc_auc,0.028845719745698273
1,63,macro_roc_auc,0.03566841286269129
1,64,macro_roc_auc,0.03457451757246488
1,65,macro_roc_auc,0.036230020899244764
1,66,macro_roc_auc,0.014634964548427831
1,67,macro_roc_auc,0.02772127298666527
1,68,macro_roc_auc,0.021314319930325287
1,69,macro_roc_auc,0.019649767762076942
1,70,macro_roc_auc,0.019640645233396703
1,71,macro_roc_auc,0.017846930913441694
1,72,macro_roc_auc,0.013825794600513697
1,73,macro_roc_auc,0.018439876884528084
1,74,macro_roc_auc,0.019806757774392225
1,75,macro_roc_auc,0.02375173015282661
1,76,macro_roc_auc,0.03749777031388535
1,77,macro_roc_auc,0.023713969734058704
1,78,macro_roc_auc,0.02159553958927407
1,79,macro_roc_auc,0.010788432955555982
1,80,macro_roc_auc,0.02116130388471127
1,81,macro_roc_auc,0.035370347440408234
1,82,macro_roc_auc,0.025911169307620385
1,83,macro_roc_auc,0.019219960294207472
1,84,macro_roc_auc,0.00985597892664658
1,85,macro_roc_auc,0.03612773104565692
1,86,macro_roc_auc,0.023923657313707047
1,87,macro_roc_auc,0.024170637405670048
1,88,macro_roc_auc,0.013152955402377486
1,89,macro_roc_auc,0.020761835559483188
1,90,macro_roc_auc,0.021811295687886423
1,91,macro_roc_auc,0.013890563738895412
1,92,macro_roc_auc,0.03574528125840093
1,93,macro_roc_auc,0.02647677305711238
1,94,macro_roc_auc,0.01844496588271638
1,95,macro_roc_auc,0.036454478546079305
1,96,macro_roc_auc,0.03060765751847494
1,97,macro_roc_auc,0.026298296380142694
1,98,macro_roc_auc,0.02387130117059566
1,99,macro_roc_auc,0.039588986321216546
1,100,macro_roc_auc,0.021106128326115248
1,101,macro_roc_auc,0.031137583472957808
1,102,macro_roc_auc,0.02753693057684936
1,103,macro_roc_auc,0.031498124010851836
1,104,macro_roc_auc,0.0170600952937503
1,105,macro_roc_auc,0.0203515674697049
1,106,macro_roc_auc,0.02860521329476151
1,107,macro_roc_auc,0.021515591820414293
1,108,macro_roc_auc,0.04015976405736621
1,109,macro_roc_auc,0.014046976378407572
1,110,macro_roc_auc,0.032992405666479874
1,111,macro_roc_auc,0.04312314851500998
1,112,macro_roc_auc,0.021028305378426038
1,113,macro_roc_auc,0.005299600040185037
1,114,macro_roc_auc,0.033749061597790786
1,115,macro_roc_auc,0.023213022603446598
1,116,macro_roc_auc,0.004177500214528451
1,117,macro_roc_auc,0.041162393214868476
1,118,macro_roc_auc,0.04314185430235773
1,119,macro_roc_auc,0.025794109558100797
1,120,macro_roc_auc,0.015854200623852233
1,121,macro_roc_auc,0.029756852893516705
1,122,macro_roc_auc,0.024269621903725502
1,123,macro_roc_auc,0.04632472691821299
1,124,macro_roc_auc,0.02266790336159652
1,125,macro_roc_auc,0.027625243326702797
1,126,macro_roc_auc,0.040076739357916225
1,127,macro_roc_auc,0.02378163715168924
1,128,macro_roc_auc,0.029925013780443765
1,129,macro_roc_auc,0.016573823356489603
1,130,macro_roc_auc,0.019407736721607782
1,131,macro_roc_auc,0.03230496896730184
1,132,macro_roc_auc,0.039686519293242406
1,133,macro_roc_auc,0.026216110152851968
1,134,macro_roc_auc,0.0012194735545131286
1,135,macro_roc_auc,0.030337180859347446
1,136,macro_roc_auc,0.017303552906738795
1,137,macro_roc_auc,0.01919592317187413
1,138,macro_roc_auc,0.03141121292929261
1,139,macro_roc_auc,0.053661506311658
1,140,macro_roc_auc,0.040038447136379496
1,141,macro_roc_auc,0.014654744119131258
1,142,macro_roc_auc,0.02060712695694711
1,143,macro_roc_auc,0.016899480885167795
1,144,macro_roc_auc,0.025635886254325113
1,145,macro_roc_auc,0.018046602131347123
1,146,macro_roc_auc,0.00443209608565609
1,147,macro_roc_auc,0.014841377005493372
1,148,macro_roc_auc,0.019583042616073687
1,149,macro_roc_auc,0.014840096900168964
1,150,macro_roc_auc,0.014831101601744057
1,151,macro_roc_auc,0.018230484442204098
1,152,macro_roc_auc,0.02221356670455088
1,153,macro_roc_auc,0.017286416355283496
1,154,macro_roc_auc,0.03129081364698616
1,155,macro_roc_auc,0.018117645666427817
1,156,macro_roc_auc,0.02389776980827696
1,157,macro_roc_auc,0.0276560332582807
1,158,macro_roc_auc,0.022692374344769783
1,159,macro_roc_auc,0.018785465462822226
1,160,macro_roc_auc,0.03307662109964482
1,161,macro_roc_auc,0.027550110623238533
1,162,macro_roc_auc,0.02150923876775157
1,163,macro_roc_auc,0.028996379912750503
1,164,macro_roc_auc,0.008045361149017216
1,165,macro_roc_auc,0.02659574835554679
1,166,macro_roc_auc,0.022910439379639436
1,167,macro_roc_auc,0.01984691714129483
1,168,macro_roc_auc,0.0018555930339902993
1,169,macro_roc_auc,0.02170577838630161
1,170,macro_roc_auc,0.008885030943542649
1,171,macro_roc_auc,0.0424262968903697
1,172,macro_roc_auc,0.03403685184104244
1,173,macro_roc_auc,0.034842263912417626
1,174,macro_roc_auc,0.020665290017779836
1,175,macro_roc_auc,0.028998475616949015
1,176,macro_roc_auc,0.023398805480178253
1,177,macro_roc_auc,0.03683454439173006
1,178,macro_roc_auc,0.02608400681363343
1,179,macro_roc_auc,0.017888056642269
1,180,macro_roc_auc,0.01507324713078273
1,181,macro_roc_auc,0.030802111084070716
1,182,macro_roc_auc,0.02264566464859563
1,183,macro_roc_auc,0.013175995999132994
1,184,macro_roc_auc,0.02342016223364296
1,185,macro_roc_auc,0.014708106729281467
1,186,macro_roc_auc,0.014757117901548766
1,187,macro_roc_auc,0.047753510823409506
1,188,macro_roc_auc,0.026787774400438558
1,189,macro_roc_auc,0.028374299035417883
1,190,macro_roc_auc,0.024797954822741497
1,191,macro_roc_auc,0.02044820949032522
1,192,macro_roc_auc,0.024514865567927036
1,193,macro_roc_auc,0.018856581546318085
1,194,macro_roc_auc,0.024312230505565302
1,195,macro_roc_auc,0.026294747994837997
1,196,macro_roc_auc,0.028071784171890046
1,197,macro_roc_auc,0.022242432489818165
1,198,macro_roc_auc,0.019395416480245342
1,199,macro_roc_auc,0.027415145439543598
1,200,macro_roc_auc,0.023216891833237052
1,201,macro_roc_auc,0.027841144514140437
1,202,macro_roc_auc,0.016616691904057124
1,203,macro_roc_auc,0.016859367563731742
1,204,macro_roc_auc,0.013388591313455378
1,205,macro_roc_auc,0.021002909603975772
1,206,macro_roc_auc,0.0322949318689697
1,207,macro_roc_auc,0.02125565783544736
1,208,macro_roc_auc,0.031807416950731415
1,209,macro_roc_auc,0.03188322560072643
1,210,macro_roc_auc,0.030844798116877015
1,211,macro_roc_auc,0.024282568829684492
1,212,macro_roc_auc,0.03262545045251497
1,213,macro_roc_auc,0.023103194208302757
1,214,macro_roc_auc,0.009685046024511035
1,215,macro_roc_auc,0.0149207138747115
1,216,macro_roc_auc,0.01049288081223454
1,217,macro_roc_auc,0.013155068682115578
1,218,macro_roc_auc,0.022223266012209142
1,219,macro_roc_auc,0.02489581092693316
1,220,macro_roc_auc,0.01656426529678423
1,221,macro_roc_auc,0.01954956668844543
1,222,macro_roc_auc,0.04014099526616666
1,223,macro_roc_auc,0.021861226380140875
1,224,macro_roc_auc,0.019203568516991676
1,225,macro_roc_auc,0.02952344689230657
1,226,macro_roc_auc,0.008495588244905816
1,227,macro_roc_auc,0.03753235683985778
1,228,macro_roc_auc,0.02846470488826669
1,229,macro_roc_auc,0.007380730404064839
1,230,macro_roc_auc,0.02906000448548618
1,231,macro_roc_auc,0.018521755206407198
1,232,macro_roc_auc,0.04499411623709004
1,233,macro_roc_auc,0.0289297849400163
1,234,macro_roc_auc,0.02614932758512456
1,235,macro_roc_auc,0.04574263435324355
1,236,macro_roc_auc,0.024711802689557416
1,237,macro_roc_auc,0.02334949398284314
1,238,macro_roc_auc,0.03339908304952233
1,239,macro_roc_auc,0.04002913428800081
1,240,macro_roc_auc,0.02003633623660539
1,241,macro_roc_auc,0.024122416237940425
1,242,macro_roc_auc,0.027970937253930628
1,243,macro_roc_auc,0.023709331062854222
1,244,macro_roc_auc,0.021757603270796122
1,245,macro_roc_auc,0.0032254760056789067
1,246,macro_roc_auc,0.004613093716703043
1,247,macro_roc_auc,0.010004326809349262
1,248,macro_roc_auc,0.017003791953252856
1,249,macro_roc_auc,0.03142759028142994
1,250,macro_roc_auc,0.01963484090755485
1,251,macro_roc_auc,0.01678808901614759
1,252,macro_roc_auc,0.03031877860548826
1,253,macro_roc_auc,0.014840681381613208
1,254,macro_roc_auc,0.029642809852234886
1,255,macro_roc_auc,0.030821801984512565
1,256,macro_roc_auc,0.037145428781257483
1,257,macro_roc_auc,0.024698106084961702
1,258,macro_roc_auc,0.015638195922964115
1,259,macro_roc_auc,0.020315885543245926
1,260,macro_roc_auc,0.029810492138620526
1,261,macro_roc_auc,0.023393985274227425
1,262,macro_roc_auc,0.03597680758354482
1,263,macro_roc_auc,0.017989922810021874
1,264,macro_roc_auc,0.01544081881102266
1,265,macro_roc_auc,0.04262190750091288
1,266,macro_roc_auc,0.014337991801760541
1,267,macro_roc_auc,0.020456632713124367
1,268,macro_roc_auc,0.027877519551857355
1,269,macro_roc_auc,0.019725538449910873
1,270,macro_roc_auc,0.02350004816442053
1,271,macro_roc_auc,0.02677998080819788
1,272,macro_roc_auc,0.03432642225367333
1,273,macro_roc_auc,0.023362954043307793
1,274,macro_roc_auc,0.011548011602465325
1,275,macro_roc_auc,0.008310944369411932
1,276,macro_roc_auc,0.011927089064893148
1,277,macro_roc_auc,0.0299403448029244
1,278,macro_roc_auc,0.009093486901533998
1,279,macro_roc_auc,0.03622013795705026
1,280,macro_roc_auc,0.015670872346912
1,281,macro_roc_auc,0.036010389818603605
1,282,macro_roc_auc,0.0290698105645103
1,283,macro_roc_auc,0.011043035237166765
1,284,macro_roc_auc,0.011748103870679483
1,285,macro_roc_auc,0.018280702306492924
1,286,macro_roc_auc,0.030552412694922926
1,287,macro_roc_auc,0.02158795840746286
1,288,macro_roc_auc,0.018590916533464452
1,289,macro_roc_auc,0.011837915523368547
1,290,macro_roc_auc,0.013108157299484446
1,291,macro_roc_auc,-0.002503907380866699
1,292,macro_roc_auc,0.020748368012732166
1,293,macro_roc_auc,0.005468148150620689
1,294,macro_roc_auc,0.010838425060185397
1,295,macro_roc_auc,0.029886403521904303
1,296,macro_roc_auc,0.022044450317306286
1,297,macro_roc_auc,0.016590194066306907
1,298,macro_roc_auc,0.030070821422158778
1,299,macro_roc_auc,0.033600901945242234
1,300,macro_roc_auc,0.03441467847644575
1,301,macro_roc_auc,0.032766337319010796
1,302,macro_roc_auc,0.00260338559579254
1,303,macro_roc_auc,0.027332512231227568
1,304,macro_roc_auc,0.01549689501276208
1,305,macro_roc_auc,0.028011282563738082
1,306,macro_roc_auc,0.032294112716071965
1,307,macro_roc_auc,0.01706707172603994
1,308,macro_roc_auc,0.011059348474643071
1,309,macro_roc_auc,0.017848569935617564
1,310,macro_roc_auc,0.025595626365804702
1,311,macro_roc_auc,0.018927983262989945
1,312,macro_roc_auc,0.01719775918184341
1,313,macro_roc_auc,0.023194962876869507
1,314,macro_roc_auc,0.006655108042126767
1,315,macro_roc_auc,0.049677472179843085
1,316,macro_roc_auc,0.018929438730795556
1,317,macro_roc_auc,0.028374256221513794
1,318,macro_roc_auc,0.03072917455865176
1,319,macro_roc_auc,0.026902708570020306
1,320,macro_roc_auc,0.02897381868492621
1,321,macro_roc_auc,0.02669155830956027
1,322,macro_roc_auc,0.026587352019627364
1,323,macro_roc_auc,0.030145745438134308
1,324,macro_roc_auc,0.02865351004642125
1,325,macro_roc_auc,0.026895735991104286
1,326,macro_roc_auc,0.036061286167553774
1,327,macro_roc_auc,0.013000163977894053
1,328,macro_roc_auc,0.012827504807588985
1,329,macro_roc_auc,0.036317926364576425
1,330,macro_roc_auc,0.011572973310195689
1,331,macro_roc_auc,0.006914239173912873
1,332,macro_roc_auc,0.01200446454827142
1,333,macro_roc_auc,0.015969570678620593
1,334,macro_roc_auc,0.031146817566993557
1,335,macro_roc_auc,0.02413775534514795
1,336,macro_roc_auc,0.024411627995129193
1,337,macro_roc_auc,0.023503377788655078
1,338,macro_roc_auc,0.004042787198474063
1,339,macro_roc_auc,0.007366569847237159
1,340,macro_roc_auc,0.03424445293461986
1,341,macro_roc_auc,0.02991518868473264
1,342,macro_roc_auc,0.019615031620605627
1,343,macro_roc_auc,0.022800885608113552
1,344,macro_roc_auc,0.02915998686994481
1,345,macro_roc_auc,0.021457822721139497
1,346,macro_roc_auc,0.019715533837434407
1,347,macro_roc_auc,0.031194454493131296
1,348,macro_roc_auc,0.03641260289339199
1,349,macro_roc_auc,0.023013104136088147
1,350,macro_roc_auc,0.019810572325591913
1,351,macro_roc_auc,0.02301745264470012
1,352,macro_roc_auc,0.028058282675141655
1,353,macro_roc_auc,0.009128660838455982
1,354,macro_roc_auc,0.02742130895923467
1,355,macro_roc_auc,0.0056962081895715055
1,356,macro_roc_auc,0.010683783495860966
1,357,macro_roc_auc,0.023511461994932925
1,358,macro_roc_auc,0.014630480010223823
1,359,macro_roc_auc,0.016837895756820265
1,360,macro_roc_auc,0.02514547493383068
1,361,macro_roc_auc,0.026691978535676952
1,362,macro_roc_auc,0.022641987119390694
1,363,macro_roc_auc,0.018154127453988478
1,364,macro_roc_auc,0.024409140112323313
1,365,macro_roc_auc,0.03659643276467106
1,366,macro_roc_auc,0.014718030947955985
1,367,macro_roc_auc,0.009738287390924194
1,368,macro_roc_auc,0.02081152401922093
1,369,macro_roc_auc,0.023217182073084985
1,370,macro_roc_auc,0.020038132389056496
1,371,macro_roc_auc,0.019313391810808156
1,372,macro_roc_auc,0.022438873412170324
1,373,macro_roc_auc,0.027748441185986517
1,374,macro_roc_auc,0.024224095692977454
1,375,macro_roc_auc,0.017257062565511627
1,376,macro_roc_auc,0.030159238449657844
1,377,macro_roc_auc,0.023368469735426944
1,378,macro_roc_auc,0.042258196014201554
1,379,macro_roc_auc,0.007383555153954946
1,380,macro_roc_auc,0.024365002167550442
1,381,macro_roc_auc,0.019551649714833697
1,382,macro_roc_auc,0.020424738497156092
1,383,macro_roc_auc,0.03895276971714379
1,384,macro_roc_auc,0.044239808910353284
1,385,macro_roc_auc,0.030211791263190624
1,386,macro_roc_auc,0.04128610876919503
1,387,macro_roc_auc,0.024091757667521252
1,388,macro_roc_auc,0.026033186405558406
1,389,macro_roc_auc,0.018609708800393365
1,390,macro_roc_auc,0.031995384575949526
1,391,macro_roc_auc,0.026405999838253535
1,392,macro_roc_auc,0.016979355384430406
1,393,macro_roc_auc,0.026638456937918997
1,394,macro_roc_auc,0.023876337884803922
1,395,macro_roc_auc,0.027239125725610935
1,396,macro_roc_auc,0.027418914321316046
1,397,macro_roc_auc,0.02660018197560232
1,398,macro_roc_auc,0.02862134799430749
1,399,macro_roc_auc,0.03213011893536
1,400,macro_roc_auc,0.030893034437282973
1,401,macro_roc_auc,0.01802219095617319
1,402,macro_roc_auc,0.03371944957190254
1,403,macro_roc_auc,0.03869330065874976
1,404,macro_roc_auc,0.014975652693920316
1,405,macro_roc_auc,0.01366649111304774
1,406,macro_roc_auc,0.028999253410795345
1,407,macro_roc_auc,0.023769655767108544
1,408,macro_roc_auc,0.011972932434328398
1,409,macro_roc_auc,0.02311063710602379
1,410,macro_roc_auc,0.0406331008378048
1,411,macro_roc_auc,0.02768899547606818
1,412,macro_roc_auc,0.038418025441943504
1,413,macro_roc_auc,0.024119903277132204
1,414,macro_roc_auc,0.025165471760108193
1,415,macro_roc_auc,0.021283322708011587
1,416,macro_roc_auc,0.01883267722545967
1,417,macro_roc_auc,0.019062459754299765
1,418,macro_roc_auc,0.02856030677376531
1,419,macro_roc_auc,0.02525361928050096
1,420,macro_roc_auc,0.026679100733382644
1,421,macro_roc_auc,0.009845547982370473
1,422,macro_roc_auc,0.014503629127919027
1,423,macro_roc_auc,0.022187829094278855
1,424,macro_roc_auc,0.014783353133933197
1,425,macro_roc_auc,0.04337989342022652
1,426,macro_roc_auc,0.02706699117147704
1,427,macro_roc_auc,0.031743665370410956
1,428,macro_roc_auc,0.02371619992320939
1,429,macro_roc_auc,0.03214319990077019
1,430,macro_roc_auc,0.023793527170678952
1,431,macro_roc_auc,0.026331600136524247
1,432,macro_roc_auc,0.02936311487748622
1,433,macro_roc_auc,0.016144096250669815
1,434,macro_roc_auc,0.013720197612712481
1,435,macro_roc_auc,0.027419380092530643
1,436,macro_roc_auc,0.024707584588752107
1,437,macro_roc_auc,0.01742011703271973
1,438,macro_roc_auc,0.004694890836779875
1,439,macro_roc_auc,0.02268080322277599
1,440,macro_roc_auc,0.031975397714668286
1,441,macro_roc_auc,0.030559805867866552
1,442,macro_roc_auc,0.017760034163584626
1,443,macro_roc_auc,0.024459962030837445
1,444,macro_roc_auc,0.02451194668623169
1,445,macro_roc_auc,0.012974890389943594
1,446,macro_roc_auc,0.02947416190765384
1,447,macro_roc_auc,0.023294781548233834
1,448,macro_roc_auc,0.022749326961568395
1,449,macro_roc_auc,0.02073164835751684
1,450,macro_roc_auc,0.006501618800234921
1,451,macro_roc_auc,0.02291768218650647
1,452,macro_roc_auc,0.031389147622705615
1,453,macro_roc_auc,0.028922080718920884
1,454,macro_roc_auc,0.025469127592286145
1,455,macro_roc_auc,0.025372575633147654
1,456,macro_roc_auc,0.02212919296110427
1,457,macro_roc_auc,0.007260423465453747
1,458,macro_roc_auc,0.025636216841391724
1,459,macro_roc_auc,0.013430134760253898
1,460,macro_roc_auc,0.02105426185608006
1,461,macro_roc_auc,0.02619429144446761
1,462,macro_roc_auc,0.013417850985941504
1,463,macro_roc_auc,0.015805345674798188
1,464,macro_roc_auc,0.01611734577122037
1,465,macro_roc_auc,0.04732087301424337
1,466,macro_roc_auc,0.023474968923727912
1,467,macro_roc_auc,0.030858388764985367
1,468,macro_roc_auc,0.017787408891916212
1,469,macro_roc_auc,0.03525837561330081
1,470,macro_roc_auc,0.029861846473951514
1,471,macro_roc_auc,0.01930507583454999
1,472,macro_roc_auc,0.018148647831847664
1,473,macro_roc_auc,0.022163205107405992
1,474,macro_roc_auc,0.02210867386295945
1,475,macro_roc_auc,0.02402202970872569
1,476,macro_roc_auc,0.013920267369230466
1,477,macro_roc_auc,0.026548827232491745
1,478,macro_roc_auc,0.026374053370326944
1,479,macro_roc_auc,0.02240676855217727
1,480,macro_roc_auc,0.019097909953337266
1,481,macro_roc_auc,0.014636258522012113
1,482,macro_roc_auc,0.019262932206305372
1,483,macro_roc_auc,0.016887429328616088
1,484,macro_roc_auc,0.008281997301809896
1,485,macro_roc_auc,0.023024520728446962
1,486,macro_roc_auc,0.00537432080387823
1,487,macro_roc_auc,0.017508334785089952
1,488,macro_roc_auc,0.030334513080373826
1,489,macro_roc_auc,0.021853815462690163
1,490,macro_roc_auc,0.026991262836109864
1,491,macro_roc_auc,0.019587565095878556
1,492,macro_roc_auc,0.0316499348716196
1,493,macro_roc_auc,0.00784891230712148
1,494,macro_roc_auc,0.014733823103470156
1,495,macro_roc_auc,0.020825962502741713
1,496,macro_roc_auc,0.010870453699939886
1,497,macro_roc_auc,0.025251446615023876
1,498,macro_roc_auc,0.011028148862359588
1,499,macro_roc_auc,0.014456834643181482
1,500,macro_roc_auc,0.042302337990570704
1,501,macro_roc_auc,0.025775931364983462
1,502,macro_roc_auc,0.03215563600767668
1,503,macro_roc_auc,0.01773046462107153
1,504,macro_roc_auc,0.026577035112590353
1,505,macro_roc_auc,0.021852789157855934
1,506,macro_roc_auc,0.016839562916280304
1,507,macro_roc_auc,0.0201106814950317
1,508,macro_roc_auc,0.015699641995033153
1,509,macro_roc_auc,0.024659715673367777
1,510,macro_roc_auc,0.02220855644951425
1,511,macro_roc_auc,0.025321356305841536
1,512,macro_roc_auc,0.02706647122078576
1,513,macro_roc_auc,0.025115235964027316
1,514,macro_roc_auc,0.019369174101416364
1,515,macro_roc_auc,0.02486560646472924
1,516,macro_roc_auc,0.027081244191493603
1,517,macro_roc_auc,0.018336465164257354
1,518,macro_roc_auc,0.03372363537387346
1,519,macro_roc_auc,0.014539790514990436
1,520,macro_roc_auc,0.04253865421404712
1,521,macro_roc_auc,0.01974585008727725
1,522,macro_roc_auc,0.021485447895470022
1,523,macro_roc_auc,0.014755905929471846
1,524,macro_roc_auc,0.016152053586120374
1,525,macro_roc_auc,0.023031594328953964
1,526,macro_roc_auc,0.02881809773958166
1,527,macro_roc_auc,0.02195548601017483
1,528,macro_roc_auc,0.03808345614164077
1,529,macro_roc_auc,0.03460613283252123
1,530,macro_roc_auc,0.00727867337245891
1,531,macro_roc_auc,0.024004906184376007
1,532,macro_roc_auc,0.016307432332939187
1,533,macro_roc_auc,0.019167278667662657
1,534,macro_roc_auc,0.028565490300263674
1,535,macro_roc_auc,0.006277951355405764
1,536,macro_roc_auc,0.02723301029590508
1,537,macro_roc_auc,0.02995394843639454
1,538,macro_roc_auc,0.014338108586338105
1,539,macro_roc_auc,0.027574290677223168
1,540,macro_roc_auc,0.014946918678643395
1,541,macro_roc_auc,0.023816689610760555
1,542,macro_roc_auc,0.028584863587829967
1,543,macro_roc_auc,0.029171645599933238
1,544,macro_roc_auc,0.029291231556066277
1,545,macro_roc_auc,0.013358891576422116
1,546,macro_roc_auc,0.027677479967052387
1,547,macro_roc_auc,0.008521381354714364
1,548,macro_roc_auc,0.024362665814706363
1,549,macro_roc_auc,0.017471296730094066
1,550,macro_roc_auc,0.028094103199524767
1,551,macro_roc_auc,0.029963162611501337
1,552,macro_roc_auc,0.023570157650904422
1,553,macro_roc_auc,0.010039685507783891
1,554,macro_roc_auc,0.023290803080077693
1,555,macro_roc_auc,0.024965711259164247
1,556,macro_roc_auc,0.024790357554168474
1,557,macro_roc_auc,0.03594695061093445
1,558,macro_roc_auc,0.026417362497245023
1,559,macro_roc_auc,0.04367662320797294
1,560,macro_roc_auc,0.03582597059928805
1,561,macro_roc_auc,0.0266970996410707
1,562,macro_roc_auc,0.022612840380723087
1,563,macro_roc_auc,0.024946948729028695
1,564,macro_roc_auc,0.024212327911124487
1,565,macro_roc_auc,0.03010052450851397
1,566,macro_roc_auc,0.018471314192628152
1,567,macro_roc_auc,0.018201123559106747
1,568,macro_roc_auc,0.019305922285977384
1,569,macro_roc_auc,0.02043286394064614
1,570,macro_roc_auc,0.014136003723829504
1,571,macro_roc_auc,0.03393829528288339
1,572,macro_roc_auc,0.027137731151911537
1,573,macro_roc_auc,0.02772454935017543
1,574,macro_roc_auc,0.03155401853226392
1,575,macro_roc_auc,0.03153536578863947
1,576,macro_roc_auc,0.03373715778718245
1,577,macro_roc_auc,0.027396384065667356
1,578,macro_roc_auc,0.022718552486490906
1,579,macro_roc_auc,0.02352409697104796
1,580,macro_roc_auc,0.019433775283002164
1,581,macro_roc_auc,0.025662713890354127
1,582,macro_roc_auc,0.015404800523018292
1,583,macro_roc_auc,0.02620435261317411
1,584,macro_roc_auc,0.041638787379367104
1,585,macro_roc_auc,0.010754666383927192
1,586,macro_roc_auc,0.025781132424758324
1,587,macro_roc_auc,0.021987709104735464
1,588,macro_roc_auc,0.03434103083937701
1,589,macro_roc_auc,0.02678903988219905
1,590,macro_roc_auc,0.044484488698433466
1,591,macro_roc_auc,0.019438180467480026
1,592,macro_roc_auc,0.015536497050543274
1,593,macro_roc_auc,0.019675327677841747
1,594,macro_roc_auc,0.02085025356677872
1,595,macro_roc_auc,0.020094036709289553
1,596,macro_roc_auc,0.01655250568731037
1,597,macro_roc_auc,0.026085750273849406
1,598,macro_roc_auc,0.025401675985856853
1,599,macro_roc_auc,0.014523942505888066
1,600,macro_roc_auc,0.024960216703890148
1,601,macro_roc_auc,0.010244001994662577
1,602,macro_roc_auc,0.049581834962977855
1,603,macro_roc_auc,0.018136317768331467
1,604,macro_roc_auc,0.03409494233006194
1,605,macro_roc_auc,0.04151954749940223
1,606,macro_roc_auc,0.030109589146851468
1,607,macro_roc_auc,0.020201846082225305
1,608,macro_roc_auc,0.036367584315691204
1,609,macro_roc_auc,0.027378530090814923
1,610,macro_roc_auc,0.015321076512241683
1,611,macro_roc_auc,0.023863482677071945
1,612,macro_roc_auc,0.026934096449620082
1,613,macro_roc_auc,0.033290609853623865
1,614,macro_roc_auc,0.025946677446027078
1,615,macro_roc_auc,0.028698408549043042
1,616,macro_roc_auc,0.02369613399274073
1,617,macro_roc_auc,0.030018240877889735
1,618,macro_roc_auc,0.03307278512748646
1,619,macro_roc_auc,0.01612512922713405
1,620,macro_roc_auc,0.020220661408163476
1,621,macro_roc_auc,0.029179497053024805
1,622,macro_roc_auc,0.03210030265407504
1,623,macro_roc_auc,0.03653430059538476
1,624,macro_roc_auc,0.021064887530491294
1,625,macro_roc_auc,0.02253456402080023
1,626,macro_roc_auc,0.021227272884508652
1,627,macro_roc_auc,0.03387873327233437
1,628,macro_roc_auc,0.022563674686820856
1,629,macro_roc_auc,0.030483650985519972
1,630,macro_roc_auc,0.01568884853282182
1,631,macro_roc_auc,0.04045398047691595
1,632,macro_roc_auc,0.01860466739359312
1,633,macro_roc_auc,0.013891463646998559
1,634,macro_roc_auc,0.02388910978371861
1,635,macro_roc_auc,0.026736008177217552
1,636,macro_roc_auc,0.01855921035799646
1,637,macro_roc_auc,0.013193611872431843
1,638,macro_roc_auc,0.02193781474330203
1,639,macro_roc_auc,0.011528154616597619
1,640,macro_roc_auc,0.016522944935935868
1,641,macro_roc_auc,0.02796499692489951
1,642,macro_roc_auc,0.0019306720276158762
1,643,macro_roc_auc,0.018775916427907102
1,644,macro_roc_auc,0.026676208805503032
1,645,macro_roc_auc,0.02875769778623216
1,646,macro_roc_auc,0.03714254366422609
1,647,macro_roc_auc,0.03225957522830036
1,648,macro_roc_auc,0.027093153246060986
1,649,macro_roc_auc,0.008965815620382123
1,650,macro_roc_auc,0.02643132567859141
1,651,macro_roc_auc,0.041263985459920716
1,652,macro_roc_auc,0.015631416143902732
1,653,macro_roc_auc,0.031572727644498255
1,654,macro_roc_auc,0.03361194300651216
1,655,macro_roc_auc,0.013185118036689425
1,656,macro_roc_auc,0.016973230723859478
1,657,macro_roc_auc,0.021303066783895375
1,658,macro_roc_auc,0.028443248727690218
1,659,macro_roc_auc,0.04029448503532573
1,660,macro_roc_auc,0.022054664024392046
1,661,macro_roc_auc,0.03485691543469749
1,662,macro_roc_auc,0.029261820634096436
1,663,macro_roc_auc,0.0009735305923727067
1,664,macro_roc_auc,0.01186623785813623
1,665,macro_roc_auc,0.024762105562235792
1,666,macro_roc_auc,0.03198439501498507
1,667,macro_roc_auc,0.022560042511452272
1,668,macro_roc_auc,0.026238600711567917
1,669,macro_roc_auc,0.015480024040064766
1,670,macro_roc_auc,0.015214010740104755
1,671,macro_roc_auc,0.02786649777831074
1,672,macro_roc_auc,0.01037414509857093
1,673,macro_roc_auc,0.02900895707283402
1,674,macro_roc_auc,0.032525992336927656
1,675,macro_roc_auc,0.0174444677776463
1,676,macro_roc_auc,0.015467841783596503
1,677,macro_roc_auc,0.011320996335472122
1,678,macro_roc_auc,0.034359819598974495
1,679,macro_roc_auc,0.016031692160764943
1,680,macro_roc_auc,0.022850475116789615
1,681,macro_roc_auc,0.02546690913534333
1,682,macro_roc_auc,0.022766850859557874
1,683,macro_roc_auc,0.03173646244434114
1,684,macro_roc_auc,0.017588643719217867
1,685,macro_roc_auc,0.029205722360987618
1,686,macro_roc_auc,0.023670269568788038
1,687,macro_roc_auc,0.013946156938019816
1,688,macro_roc_auc,0.02851710379694794
1,689,macro_roc_auc,0.027965841560167348
1,690,macro_roc_auc,0.01690810011751398
1,691,macro_roc_auc,0.02233278197710986
1,692,macro_roc_auc,0.026602605783252575
1,693,macro_roc_auc,0.038718993282967795
1,694,macro_roc_auc,0.026169299635922405
1,695,macro_roc_auc,0.045418097258497436
1,696,macro_roc_auc,0.03298857992313653
1,697,macro_roc_auc,0.017829127369833886
1,698,macro_roc_auc,0.02941982329081927
1,699,macro_roc_auc,0.01966286014611185
1,700,macro_roc_auc,0.035518116627935914
1,701,macro_roc_auc,0.02757160101093936
1,702,macro_roc_auc,0.034996126406114714
1,703,macro_roc_auc,0.0271085093699186
1,704,macro_roc_auc,0.026529012116484063
1,705,macro_roc_auc,0.021651253022083927
1,706,macro_roc_auc,0.003958755514958834
1,707,macro_roc_auc,0.032349884794050876
1,708,macro_roc_auc,0.030056469915467843
1,709,macro_roc_auc,0.0369852719349989
1,710,macro_roc_auc,0.0103183685100523
1,711,macro_roc_auc,0.008504880231529954
1,712,macro_roc_auc,0.019946481650984893
1,713,macro_roc_auc,0.018570906823655142
1,714,macro_roc_auc,0.016033682798493376
1,715,macro_roc_auc,0.008286006587832406
1,716,macro_roc_auc,0.003974470761142879
1,717,macro_roc_auc,0.010439544502891751
1,718,macro_roc_auc,0.020407443325337282
1,719,macro_roc_auc,0.015660633797517365
1,720,macro_roc_auc,0.025615723954566905
1,721,macro_roc_auc,0.030658669443315745
1,722,macro_roc_auc,0.02466574357020146
1,723,macro_roc_auc,0.015706294723418113
1,724,macro_roc_auc,0.03387313459112573
1,725,macro_roc_auc,0.03979358972891467
1,726,macro_roc_auc,0.01779470028961838
1,727,macro_roc_auc,0.023480821844199418
1,728,macro_roc_auc,0.022568309698203448
1,729,macro_roc_auc,0.027922508189924145
1,730,macro_roc_auc,0.026412378631492373
1,731,macro_roc_auc,0.021464782417819683
1,732,macro_roc_auc,0.026510971270726325
1,733,macro_roc_auc,0.026807757712134173
1,734,macro_roc_auc,0.039927136818179054
1,735,macro_roc_auc,0.034867434790757046
1,736,macro_roc_auc,0.03318743350998765
1,737,macro_roc_auc,0.023957366515075962
1,738,macro_roc_auc,0.03590449466965373
1,739,macro_roc_auc,0.020958006188135703
1,740,macro_roc_auc,0.019869776484969348
1,741,macro_roc_auc,0.017600277313449375
1,742,macro_roc_auc,0.025009729493606248
1,743,macro_roc_auc,0.027336757261762545
1,744,macro_roc_auc,0.026008296332413305
1,745,macro_roc_auc,0.026246442936103787
1,746,macro_roc_auc,0.02093412064766642
1,747,macro_roc_auc,0.023288696603450232
1,748,macro_roc_auc,0.02630255808354287
1,749,macro_roc_auc,0.00871777403998486
1,750,macro_roc_auc,0.021419251153558805
1,751,macro_roc_auc,0.010980071670656733
1,752,macro_roc_auc,0.024195962363965595
1,753,macro_roc_auc,0.028605716428074413
1,754,macro_roc_auc,0.017667652992851113
1,755,macro_roc_auc,0.02250937503934214
1,756,macro_roc_auc,0.024671119488950177
1,757,macro_roc_auc,0.03464422999570771
1,758,macro_roc_auc,0.03386520989463071
1,759,macro_roc_auc,0.01923963876483492
1,760,macro_roc_auc,0.0290689030914687
1,761,macro_roc_auc,0.01875329023803396
1,762,macro_roc_auc,0.01835202569522365
1,763,macro_roc_auc,0.01318072500052525
1,764,macro_roc_auc,0.028070071712410383
1,765,macro_roc_auc,0.020997671574326304
1,766,macro_roc_auc,0.024094372715360413
1,767,macro_roc_auc,0.015423930835870459
1,768,macro_roc_auc,0.017607887556964408
1,769,macro_roc_auc,0.03341460958515252
1,770,macro_roc_auc,0.03772785543075019
1,771,macro_roc_auc,0.042464014536995554
1,772,macro_roc_auc,0.0310817939131659
1,773,macro_roc_auc,0.035970432873852265
1,774,macro_roc_auc,0.013051056430043673
1,775,macro_roc_auc,0.029953806174928044
1,776,macro_roc_auc,0.026039716231528676
1,777,macro_roc_auc,0.019341438682271228
1,778,macro_roc_auc,0.01868004432319148
1,779,macro_roc_auc,0.016190469080517134
1,780,macro_roc_auc,0.02433367530618602
1,781,macro_roc_auc,0.03557791358878637
1,782,macro_roc_auc,0.025519835172156724
1,783,macro_roc_auc,0.018850481241411643
1,784,macro_roc_auc,0.03997762544801342
1,785,macro_roc_auc,0.020675321343969544
1,786,macro_roc_auc,0.03507749793970494
1,787,macro_roc_auc,0.02268800313920505
1,788,macro_roc_auc,0.004404169441396766
1,789,macro_roc_auc,0.03691489167568529
1,790,macro_roc_auc,0.022595587036645326
1,791,macro_roc_auc,0.02644146523887414
1,792,macro_roc_auc,0.028800406665612455
1,793,macro_roc_auc,0.03210188687174831
1,794,macro_roc_auc,0.029697408815732018
1,795,macro_roc_auc,0.04126521798391514
1,796,macro_roc_auc,0.011658777119811337
1,797,macro_roc_auc,0.028507994813171567
1,798,macro_roc_auc,0.015446194902165589
1,799,macro_roc_auc,0.023620754702153413
1,800,macro_roc_auc,0.020397629832025976
1,801,macro_roc_auc,0.023164767299316602
1,802,macro_roc_auc,0.025579102872390735
1,803,macro_roc_auc,0.033162839896621055
1,804,macro_roc_auc,0.021717836882754082
1,805,macro_roc_auc,0.024984547327411177
1,806,macro_roc_auc,0.020263596289779695
1,807,macro_roc_auc,0.020004620887134172
1,808,macro_roc_auc,0.02731662966223103
1,809,macro_roc_auc,0.014327384194423143
1,810,macro_roc_auc,0.022797590851048488
1,811,macro_roc_auc,0.02574225140308939
1,812,macro_roc_auc,0.017409408235547708
1,813,macro_roc_auc,0.02400645153281744
1,814,macro_roc_auc,0.035962281161581955
1,815,macro_roc_auc,0.022937434051220174
1,816,macro_roc_auc,0.03469594458241543
1,817,macro_roc_auc,0.034537009203954416
1,818,macro_roc_auc,0.006669632669394798
1,819,macro_roc_auc,0.03442439519726315
1,820,macro_roc_auc,0.02880311030568905
1,821,macro_roc_auc,0.0005729622458295891
1,822,macro_roc_auc,0.009426672698881644
1,823,macro_roc_auc,0.024194318910950363
1,824,macro_roc_auc,0.027883293488727978
1,825,macro_roc_auc,0.022867601951519156
1,826,macro_roc_auc,0.028361742108468424
1,827,macro_roc_auc,0.026165718671570692
1,828,macro_roc_auc,0.014014856500849437
1,829,macro_roc_auc,0.024228135886936175
1,830,macro_roc_auc,0.03734813415208493
1,831,macro_roc_auc,0.029920832491298732
1,832,macro_roc_auc,0.04238682871542132
1,833,macro_roc_auc,0.010000210828304823
1,834,macro_roc_auc,0.02523583864979584
1,835,macro_roc_auc,0.029598480745792854
1,836,macro_roc_auc,0.009134187850661668
1,837,macro_roc_auc,0.02420456515383418
1,838,macro_roc_auc,0.019103814139061037
1,839,macro_roc_auc,0.01054407026886206
1,840,macro_roc_auc,0.012157048834685824
1,841,macro_roc_auc,0.03913742320411606
1,842,macro_roc_auc,0.011323537843819786
1,843,macro_roc_auc,0.029308056260013537
1,844,macro_roc_auc,0.030642878645080307
1,845,macro_roc_auc,0.017137697881653424
1,846,macro_roc_auc,0.02499953141568545
1,847,macro_roc_auc,0.013352970284381538
1,848,macro_roc_auc,0.043974788498005735
1,849,macro_roc_auc,0.02263451478795564
1,850,macro_roc_auc,0.033082310989152375
1,851,macro_roc_auc,0.02204538022159397
1,852,macro_roc_auc,0.028659753573992863
1,853,macro_roc_auc,0.034709509394143634
1,854,macro_roc_auc,0.025456505830639187
1,855,macro_roc_auc,0.018185690677664734
1,856,macro_roc_auc,0.013269206208239903
1,857,macro_roc_auc,0.037916661419033715
1,858,macro_roc_auc,0.014261583387552346
1,859,macro_roc_auc,0.02518974100488247
1,860,macro_roc_auc,0.0187730439478766
1,861,macro_roc_auc,0.015724433863263942
1,862,macro_roc_auc,0.03639611551171029
1,863,macro_roc_auc,0.038431172308949324
1,864,macro_roc_auc,0.01622953222151191
1,865,macro_roc_auc,0.03381536728401824
1,866,macro_roc_auc,0.02453199611474799
1,867,macro_roc_auc,0.01908931108065881
1,868,macro_roc_auc,0.01766766162763178
1,869,macro_roc_auc,0.008779418501794534
1,870,macro_roc_auc,0.025158959169381934
1,871,macro_roc_auc,0.02364593578585472
1,872,macro_roc_auc,0.026582922235097728
1,873,macro_roc_auc,0.02012717950409859
1,874,macro_roc_auc,0.023516114725819937
1,875,macro_roc_auc,0.01941185225073272
1,876,macro_roc_auc,0.02395386451425252
1,877,macro_roc_auc,0.03382920251583099
1,878,macro_roc_auc,0.0362120406457328
1,879,macro_roc_auc,0.004682477557666265
1,880,macro_roc_auc,0.011771355025949504
1,881,macro_roc_auc,0.025087012896726102
1,882,macro_roc_auc,0.017850255640535884
1,883,macro_roc_auc,0.02948807529676445
1,884,macro_roc_auc,0.014043575013220067
1,885,macro_roc_auc,0.029172459607454515
1,886,macro_roc_auc,0.013491142394415623
1,887,macro_roc_auc,0.011241206410842919
1,888,macro_roc_auc,0.01748715200891382
1,889,macro_roc_auc,0.02967546308083202
1,890,macro_roc_auc,0.026762295465414976
1,891,macro_roc_auc,0.021880781284633666
1,892,macro_roc_auc,0.039840957868372495
1,893,macro_roc_auc,0.0217290806844056
1,894,macro_roc_auc,0.027372111357377604
1,895,macro_roc_auc,0.021936731371789753
1,896,macro_roc_auc,0.0075803360536189635
1,897,macro_roc_auc,0.008417875532631403
1,898,macro_roc_auc,0.023228919513606505
1,899,macro_roc_auc,0.025864374707455284
1,900,macro_roc_auc,0.023413122011200715
1,901,macro_roc_auc,0.03341625835063533
1,902,macro_roc_auc,0.017164256627729912
1,903,macro_roc_auc,0.03550602292265437
1,904,macro_roc_auc,0.010702959001407053
1,905,macro_roc_auc,0.03342613446322151
1,906,macro_roc_auc,0.015001123563317065
1,907,macro_roc_auc,0.018734045674115518
1,908,macro_roc_auc,0.023397211542098284
1,909,macro_roc_auc,0.0206005192534352
1,910,macro_roc_auc,0.010646669109271922
1,911,macro_roc_auc,0.024615856085392518
1,912,macro_roc_auc,0.024702999990259156
1,913,macro_roc_auc,0.018417628787305018
1,914,macro_roc_auc,0.01804737904423026
1,915,macro_roc_auc,0.014454785228003031
1,916,macro_roc_auc,0.024745725802016727
1,917,macro_roc_auc,0.01883691740437532
1,918,macro_roc_auc,0.02542778036117832
1,919,macro_roc_auc,0.023430277963808477
1,920,macro_roc_auc,0.012987169699945178
1,921,macro_roc_auc,0.02402748526876941
1,922,macro_roc_auc,0.03005338491153886
1,923,macro_roc_auc,0.03706513466234662
1,924,macro_roc_auc,0.016169126398612232
1,925,macro_roc_auc,0.025734479408359823
1,926,macro_roc_auc,0.02725394589382102
1,927,macro_roc_auc,0.019138671769716287
1,928,macro_roc_auc,0.028537825536787742
1,929,macro_roc_auc,0.019010651459787753
1,930,macro_roc_auc,0.022201895157403007
1,931,macro_roc_auc,0.016802714269825048
1,932,macro_roc_auc,0.02774428450253319
1,933,macro_roc_auc,0.02876674468926055
1,934,macro_roc_auc,0.00823835771719772
1,935,macro_roc_auc,0.0393378381720888
1,936,macro_roc_auc,0.03789171998012797
1,937,macro_roc_auc,0.01829398973683516
1,938,macro_roc_auc,0.013624420241756807
1,939,macro_roc_auc,0.026683315213835934
1,940,macro_roc_auc,0.014267408542848359
1,941,macro_roc_auc,0.027657966093883712
1,942,macro_roc_auc,0.031397943748325274
1,943,macro_roc_auc,0.016562176627773706
1,944,macro_roc_auc,0.037469551356076436
1,945,macro_roc_auc,0.04088621524779734
1,946,macro_roc_auc,0.015922434752642434
1,947,macro_roc_auc,0.03954016122135029
1,948,macro_roc_auc,0.01243868938802739
1,949,macro_roc_auc,0.017831146401734888
1,950,macro_roc_auc,0.0294047668301346
1,951,macro_roc_auc,0.03160216376167668
1,952,macro_roc_auc,0.01143567130640366
1,953,macro_roc_auc,0.016325608168006545
1,954,macro_roc_auc,0.012060084209273625
1,955,macro_roc_auc,0.016042226248257796
1,956,macro_roc_auc,0.0436680447015394
1,957,macro_roc_auc,0.02001574041584453
1,958,macro_roc_auc,0.02142384558072452
1,959,macro_roc_auc,0.024815961713276047
1,960,macro_roc_auc,0.030312474745405327
1,961,macro_roc_auc,0.016903176679485488
1,962,macro_roc_auc,0.024361272262317657
1,963,macro_roc_auc,0.019223334037994366
1,964,macro_roc_auc,0.02814821224595121
1,965,macro_roc_auc,0.027728711527577166
1,966,macro_roc_auc,0.013284969615167341
1,967,macro_roc_auc,0.026289513512621654
1,968,macro_roc_auc,0.03331859440618845
1,969,macro_roc_auc,0.024239913917359357
1,970,macro_roc_auc,0.025469071105530317
1,971,macro_roc_auc,0.029192491331988535
1,972,macro_roc_auc,0.04911708614266319
1,973,macro_roc_auc,0.025314518562880695
1,974,macro_roc_auc,0.018800695951848967
1,975,macro_roc_auc,0.03343020499343374
1,976,macro_roc_auc,0.023118700854029117
1,977,macro_roc_auc,0.028717718495422928
1,978,macro_roc_auc,0.025476263171188007
1,979,macro_roc_auc,0.034964434385011955
1,980,macro_roc_auc,0.035828378741683764
1,981,macro_roc_auc,0.019966972308207986
1,982,macro_roc_auc,0.016449895510255552
1,983,macro_roc_auc,0.019831364726701328
1,984,macro_roc_auc,0.02176703219381626
1,985,macro_roc_auc,0.016791265944993916
1,986,macro_roc_auc,0.003433751645610994
1,987,macro_roc_auc,0.03700192125214463
1,988,macro_roc_auc,0.04694960709085294
1,989,macro_roc_auc,0.03463587490710751
1,990,macro_roc_auc,0.023328171643460238
1,991,macro_roc_auc,0.013109443659575226
1,992,macro_roc_auc,0.02310699674150385
1,993,macro_roc_auc,0.02659620846779498
1,994,macro_roc_auc,0.026027060203066554
1,995,macro_roc_auc,0.018845302520480556
1,996,macro_roc_auc,0.020698177259743766
1,997,macro_roc_auc,0.022754978714650487
1,998,macro_roc_auc,0.006659667396973545
1,999,macro_roc_auc,0.02407648478494484
1,1000,macro_roc_auc,0.026174207823065232
1,1001,macro_roc_auc,0.023077058651455484
1,1002,macro_roc_auc,0.01933179580801725
1,1003,macro_roc_auc,0.03316831802563469
1,1004,macro_roc_auc,0.030426575832455893
1,1005,macro_roc_auc,0.03263635146152133
1,1006,macro_roc_auc,0.02802833293474949
1,1007,macro_roc_auc,0.02990105889503114
1,1008,macro_roc_auc,0.032877122133952996
1,1009,macro_roc_auc,0.020691756854085308
1,1010,macro_roc_auc,0.012828523493949473
1,1011,macro_roc_auc,0.04387743733292104
1,1012,macro_roc_auc,0.027523916437967366
1,1013,macro_roc_auc,0.008903251652585875
1,1014,macro_roc_auc,0.005333712684664094
1,1015,macro_roc_auc,0.02721138331805495
1,1016,macro_roc_auc,0.023675518170896637
1,1017,macro_roc_auc,0.028996579136517986
1,1018,macro_roc_auc,0.02436440334084622
1,1019,macro_roc_auc,0.019311279636771594
1,1020,macro_roc_auc,0.027866459847099234
1,1021,macro_roc_auc,0.011015475157805099
1,1022,macro_roc_auc,0.01550914698568684
1,1023,macro_roc_auc,0.03209177034172184
1,1024,macro_roc_auc,0.022346113039106164
1,1025,macro_roc_auc,0.03153410253051303
1,1026,macro_roc_auc,0.029258386716565665
1,1027,macro_roc_auc,0.017683487044457324
1,1028,macro_roc_auc,0.03641419223627951
1,1029,macro_roc_auc,0.026699370175986004
1,1030,macro_roc_auc,0.034457081732614525
1,1031,macro_roc_auc,0.025241367167569417
1,1032,macro_roc_auc,0.026625857758671878
1,1033,macro_roc_auc,0.02081323020883641
1,1034,macro_roc_auc,0.016599361952693403
1,1035,macro_roc_auc,0.012810835097663675
1,1036,macro_roc_auc,0.022436216832120826
1,1037,macro_roc_auc,0.03367316585070668
1,1038,macro_roc_auc,0.029463889924516762
1,1039,macro_roc_auc,0.03441834363715912
1,1040,macro_roc_auc,0.01633747032802857
1,1041,macro_roc_auc,0.029404321496935393
1,1042,macro_roc_auc,0.023668939255153232
1,1043,macro_roc_auc,0.009218877085677368
1,1044,macro_roc_auc,0.014233553670630283
1,1045,macro_roc_auc,0.02677172605141931
1,1046,macro_roc_auc,0.024301703499301164
1,1047,macro_roc_auc,0.028452540827638928
1,1048,macro_roc_auc,0.015273299975941512
1,1049,macro_roc_auc,0.009604266410092155
1,1050,macro_roc_auc,0.02062789168481205
1,1051,macro_roc_auc,0.028291131854876528
1,1052,macro_roc_auc,0.024467960223075735
1,1053,macro_roc_auc,0.033630311552075076
1,1054,macro_roc_auc,0.03297918251448817
1,1055,macro_roc_auc,0.017580969667590485
1,1056,macro_roc_auc,0.014760654242194637
1,1057,macro_roc_auc,0.013205001541275352
1,1058,macro_roc_auc,0.01896608456318427
1,1059,macro_roc_auc,0.009169003191452196
1,1060,macro_roc_auc,0.022495865095651935
1,1061,macro_roc_auc,0.020640934407687772
1,1062,macro_roc_auc,0.019694238059807745
1,1063,macro_roc_auc,0.025182566202798573
1,1064,macro_roc_auc,0.021476910121882797
1,1065,macro_roc_auc,0.023042456987539706
1,1066,macro_roc_auc,0.02120117232313312
1,1067,macro_roc_auc,0.016993513322345
1,1068,macro_roc_auc,0.02931891485858673
1,1069,macro_roc_auc,0.007765865062015709
1,1070,macro_roc_auc,0.028481203493606166
1,1071,macro_roc_auc,0.028125508195022908
1,1072,macro_roc_auc,0.037321665176946794
1,1073,macro_roc_auc,0.01622570949490143
1,1074,macro_roc_auc,0.022594179952314608
1,1075,macro_roc_auc,0.02789805701038317
1,1076,macro_roc_auc,0.019071656123330838
1,1077,macro_roc_auc,0.011141762868113858
1,1078,macro_roc_auc,0.025630725935763876
1,1079,macro_roc_auc,0.021689396845699926
1,1080,macro_roc_auc,0.01980462980148401
1,1081,macro_roc_auc,0.02950149205308039
1,1082,macro_roc_auc,0.02604741738884686
1,1083,macro_roc_auc,0.026485330383337558
1,1084,macro_roc_auc,0.04054818892821166
1,1085,macro_roc_auc,0.03271759441740574
1,1086,macro_roc_auc,0.02788364178107805
1,1087,macro_roc_auc,0.010423488059005837
1,1088,macro_roc_auc,0.04259003240354253
1,1089,macro_roc_auc,0.02705865707493882
1,1090,macro_roc_auc,0.03345243703102507
1,1091,macro_roc_auc,0.011991044351485236
1,1092,macro_roc_auc,0.024479954353876177
1,1093,macro_roc_auc,0.03112791358517497
1,1094,macro_roc_auc,0.01651802612806863
1,1095,macro_roc_auc,0.014820997885179987
1,1096,macro_roc_auc,0.03165904731255864
1,1097,macro_roc_auc,0.011494159348523603
1,1098,macro_roc_auc,0.005179254012393719
1,1099,macro_roc_auc,0.035526353876572436
1,1100,macro_roc_auc,0.020122945492149436
1,1101,macro_roc_auc,0.007752015914479715
1,1102,macro_roc_auc,0.03518541711279055
1,1103,macro_roc_auc,0.021831077360865758
1,1104,macro_roc_auc,0.04190189887924445
1,1105,macro_roc_auc,0.028065549197976103
1,1106,macro_roc_auc,0.015440472521735638
1,1107,macro_roc_auc,0.01603852476601464
1,1108,macro_roc_auc,0.02378011217858811
1,1109,macro_roc_auc,0.028258060801075513
1,1110,macro_roc_auc,0.018433948083352414
1,1111,macro_roc_auc,0.0271269839112257
1,1112,macro_roc_auc,0.01261232254655964
1,1113,macro_roc_auc,0.024618233404504197
1,1114,macro_roc_auc,0.036231480641904734
1,1115,macro_roc_auc,0.029022466221097387
1,1116,macro_roc_auc,0.03223047031509574
1,1117,macro_roc_auc,0.032843333117418605
1,1118,macro_roc_auc,0.02540415492490311
1,1119,macro_roc_auc,0.020443818473872666
1,1120,macro_roc_auc,0.026939898119232475
1,1121,macro_roc_auc,0.03602097117970493
1,1122,macro_roc_auc,0.03161713888697992
1,1123,macro_roc_auc,0.03585668108282969
1,1124,macro_roc_auc,0.011767642843725556
1,1125,macro_roc_auc,0.028706001496681566
1,1126,macro_roc_auc,0.023957921553142913
1,1127,macro_roc_auc,0.021216783127075534
1,1128,macro_roc_auc,0.029771228117111748
1,1129,macro_roc_auc,0.0342718369955467
1,1130,macro_roc_auc,0.019958299042398986
1,1131,macro_roc_auc,0.0032095292621384663
1,1132,macro_roc_auc,0.028610944694557605
1,1133,macro_roc_auc,0.01536536907558217
1,1134,macro_roc_auc,0.016583184569977316
1,1135,macro_roc_auc,0.02618818023345093
1,1136,macro_roc_auc,0.028190312486904623
1,1137,macro_roc_auc,0.03380170946820815
1,1138,macro_roc_auc,0.012334565772300743
1,1139,macro_roc_auc,0.014550402129378859
1,1140,macro_roc_auc,0.019319922897285235
1,1141,macro_roc_auc,0.028435536337573786
1,1142,macro_roc_auc,0.028538506427108756
1,1143,macro_roc_auc,0.01518586421834589
1,1144,macro_roc_auc,0.024821489218113113
1,1145,macro_roc_auc,0.021598127147142487
1,1146,macro_roc_auc,0.021747947635887055
1,1147,macro_roc_auc,0.01580039339640016
1,1148,macro_roc_auc,0.024920509765782972
1,1149,macro_roc_auc,0.013170002681859527
1,1150,macro_roc_auc,0.022552036439970058
1,1151,macro_roc_auc,0.028426662456025875
1,1152,macro_roc_auc,0.028874144590960715
1,1153,macro_roc_auc,0.04237412439909294
1,1154,macro_roc_auc,0.025806065817075563
1,1155,macro_roc_auc,0.0244196675548094
1,1156,macro_roc_auc,0.025572052672663936
1,1157,macro_roc_auc,0.016860765882304007
1,1158,macro_roc_auc,0.013859580960146722
1,1159,macro_roc_auc,0.023430535914094608
1,1160,macro_roc_auc,0.009870041745506875
1,1161,macro_roc_auc,0.021178082449074043
1,1162,macro_roc_auc,0.026132300828693555
1,1163,macro_roc_auc,0.01598850805709673
1,1164,macro_roc_auc,0.030051400037314324
1,1165,macro_roc_auc,0.036715247281707164
1,1166,macro_roc_auc,0.019659915260729743
1,1167,macro_roc_auc,0.044875995195282514
1,1168,macro_roc_auc,0.0402412455294624
1,1169,macro_roc_auc,0.023253773448513537
1,1170,macro_roc_auc,0.018313013201777695
1,1171,macro_roc_auc,0.01268361927521644
1,1172,macro_roc_auc,0.02887598307591932
1,1173,macro_roc_auc,0.02720633183769816
1,1174,macro_roc_auc,0.03276576743769288
1,1175,macro_roc_auc,0.03290234493719735
1,1176,macro_roc_auc,0.026590215326459443
1,1177,macro_roc_auc,0.018168280878626986
1,1178,macro_roc_auc,0.015199192629180347
1,1179,macro_roc_auc,0.024245113960134845
1,1180,macro_roc_auc,0.019641313990492293
1,1181,macro_roc_auc,0.02292156319164007
1,1182,macro_roc_auc,0.016110626430306252
1,1183,macro_roc_auc,0.01958726255569121
1,1184,macro_roc_auc,0.022500655395852887
1,1185,macro_roc_auc,0.014748451055557443
1,1186,macro_roc_auc,0.03176769407885316
1,1187,macro_roc_auc,0.015577449475292382
1,1188,macro_roc_auc,0.030531918271049507
1,1189,macro_roc_auc,0.022981358946396635
1,1190,macro_roc_auc,0.028441853025089392
1,1191,macro_roc_auc,0.03169536385305338
1,1192,macro_roc_auc,0.029378380323046516
1,1193,macro_roc_auc,0.030085760731741296
1,1194,macro_roc_auc,0.023229603725094305
1,1195,macro_roc_auc,0.020449151137081678
1,1196,macro_roc_auc,0.018561395267158387
1,1197,macro_roc_auc,0.036330664164066495
1,1198,macro_roc_auc,0.03432701909458935
1,1199,macro_roc_auc,0.022324032624603474
1,1200,macro_roc_auc,0.03916762499407922
1,1201,macro_roc_auc,0.012732277322961005
1,1202,macro_roc_auc,0.017899912313270705
1,1203,macro_roc_auc,0.026304229880701024
1,1204,macro_roc_auc,0.03628381318058427
1,1205,macro_roc_auc,0.03303979086750619
1,1206,macro_roc_auc,0.026103408921095417
1,1207,macro_roc_auc,0.03807611196838001
1,1208,macro_roc_auc,0.029134658928859025
1,1209,macro_roc_auc,0.020436796525659995
1,1210,macro_roc_auc,0.02147798813769175
1,1211,macro_roc_auc,0.01858532169711924
1,1212,macro_roc_auc,0.015138566170820766
1,1213,macro_roc_auc,0.027362585485716462
1,1214,macro_roc_auc,0.01909753533444014
1,1215,macro_roc_auc,0.0446552329909059
1,1216,macro_roc_auc,0.008986965314719764
1,1217,macro_roc_auc,0.014239746579268742
1,1218,macro_roc_auc,0.024266952481983295
1,1219,macro_roc_auc,0.039048229355255204
1,1220,macro_roc_auc,0.01613040988407921
1,1221,macro_roc_auc,0.027074397157334396
1,1222,macro_roc_auc,0.0067834392895781415
1,1223,macro_roc_auc,0.026627000601902817
1,1224,macro_roc_auc,0.02059134678429997
1,1225,macro_roc_auc,0.02766335478607329
1,1226,macro_roc_auc,0.012647234882850023
1,1227,macro_roc_auc,0.027450887255662804
1,1228,macro_roc_auc,0.042838810078183576
1,1229,macro_roc_auc,0.025176511866836115
1,1230,macro_roc_auc,0.02779455507990225
1,1231,macro_roc_auc,0.018742822328671305
1,1232,macro_roc_auc,0.027183348638200266
1,1233,macro_roc_auc,0.011946047450684172
1,1234,macro_roc_auc,0.009397632466850325
1,1235,macro_roc_auc,0.02119009767777491
1,1236,macro_roc_auc,0.030991505948701037
1,1237,macro_roc_auc,0.024976378131637222
1,1238,macro_roc_auc,0.016056663245926805
1,1239,macro_roc_auc,0.020440922501774095
1,1240,macro_roc_auc,0.014277814093322516
1,1241,macro_roc_auc,0.008564394875781423
1,1242,macro_roc_auc,0.01911525874744402
1,1243,macro_roc_auc,0.033060609126934426
1,1244,macro_roc_auc,0.026886550384112362
1,1245,macro_roc_auc,0.0303408747031344
1,1246,macro_roc_auc,0.021843375169680268
1,1247,macro_roc_auc,0.014725654284668765
1,1248,macro_roc_auc,0.006104271013483098
1,1249,macro_roc_auc,0.02679389729653958
1,1250,macro_roc_auc,0.017727493815719808
1,1251,macro_roc_auc,0.018648722287857078
1,1252,macro_roc_auc,0.022251016833961024
1,1253,macro_roc_auc,0.012625399797566494
1,1254,macro_roc_auc,0.025248554516748678
1,1255,macro_roc_auc,0.01139634046222604
1,1256,macro_roc_auc,0.014962226912077936
1,1257,macro_roc_auc,0.016042368911713623
1,1258,macro_roc_auc,0.04415127870822966
1,1259,macro_roc_auc,0.01714066006396653
1,1260,macro_roc_auc,0.025221344994409978
1,1261,macro_roc_auc,0.017791812513260563
1,1262,macro_roc_auc,0.018512413371829295
1,1263,macro_roc_auc,0.010027761002929347
1,1264,macro_roc_auc,0.013090228588334418
1,1265,macro_roc_auc,0.024577532812921188
1,1266,macro_roc_auc,0.01343604251960584
1,1267,macro_roc_auc,0.02506671986196063
1,1268,macro_roc_auc,0.017396255937964344
1,1269,macro_roc_auc,0.026225430033449126
1,1270,macro_roc_auc,0.016216078670115208
1,1271,macro_roc_auc,0.028381715103388716
1,1272,macro_roc_auc,0.036107063692779606
1,1273,macro_roc_auc,0.009313752454601754
1,1274,macro_roc_auc,0.030283381101500084
1,1275,macro_roc_auc,0.02398486959541113
1,1276,macro_roc_auc,0.011619304840708167
1,1277,macro_roc_auc,0.021602112780984117
1,1278,macro_roc_auc,0.016979545139325647
1,1279,macro_roc_auc,0.03178131389952643
1,1280,macro_roc_auc,0.013774077591958589
1,1281,macro_roc_auc,0.024453191713647793
1,1282,macro_roc_auc,0.03620024057107396
1,1283,macro_roc_auc,0.02090222759922944
1,1284,macro_roc_auc,0.013884532740310096
1,1285,macro_roc_auc,0.017385177353316794
1,1286,macro_roc_auc,0.018434133274990216
1,1287,macro_roc_auc,0.015452730748797272
1,1288,macro_roc_auc,0.015932969104692773
1,1289,macro_roc_auc,0.017617844387420756
1,1290,macro_roc_auc,0.034261463281309856
1,1291,macro_roc_auc,0.018270574644403736
1,1292,macro_roc_auc,0.024027840953990354
1,1293,macro_roc_auc,0.015675574131212344
1,1294,macro_roc_auc,0.017252618361145222
1,1295,macro_roc_auc,0.014620191523835757
1,1296,macro_roc_auc,0.025383222489599344
1,1297,macro_roc_auc,0.017694530181771584
1,1298,macro_roc_auc,0.020477414504782576
1,1299,macro_roc_auc,0.03606268567353765
1,1300,macro_roc_auc,0.02219110649173861
1,1301,macro_roc_auc,0.02722944889500234
1,1302,macro_roc_auc,0.020083811822014686
1,1303,macro_roc_auc,0.022330781002313782
1,1304,macro_roc_auc,0.02601804181830425
1,1305,macro_roc_auc,0.02731729097321478
1,1306,macro_roc_auc,0.025787905700778047
1,1307,macro_roc_auc,0.017051447698045008
1,1308,macro_roc_auc,-0.0006756429883715276
1,1309,macro_roc_auc,0.024583213282801664
1,1310,macro_roc_auc,0.028800056377735528
1,1311,macro_roc_auc,0.03273164407559581
1,1312,macro_roc_auc,0.024151155181892592
1,1313,macro_roc_auc,0.02247461332899714
1,1314,macro_roc_auc,0.03896754020418103
1,1315,macro_roc_auc,0.030059091201654065
1,1316,macro_roc_auc,0.018147327203424712
1,1317,macro_roc_auc,0.01906326675452441
1,1318,macro_roc_auc,0.0158778742772252
1,1319,macro_roc_auc,0.03001728180916219
1,1320,macro_roc_auc,0.018938728418607442
1,1321,macro_roc_auc,0.02831556354757303
1,1322,macro_roc_auc,0.014293802513921872
1,1323,macro_roc_auc,0.011955920372250683
1,1324,macro_roc_auc,0.03161654847581086
1,1325,macro_roc_auc,0.03577617784132703
1,1326,macro_roc_auc,0.021913346293650382
1,1327,macro_roc_auc,0.015248503682447012
1,1328,macro_roc_auc,0.02370991624720553
1,1329,macro_roc_auc,0.034815733581063046
1,1330,macro_roc_auc,0.012419949304477762
1,1331,macro_roc_auc,0.022819476459398857
1,1332,macro_roc_auc,0.03724070456721884
1,1333,macro_roc_auc,0.04901493305091331
1,1334,macro_roc_auc,0.008731291642342431
1,1335,macro_roc_auc,0.02300146688516247
1,1336,macro_roc_auc,0.0201622145950916
1,1337,macro_roc_auc,0.03486169878037004
1,1338,macro_roc_auc,0.037698364235287274
1,1339,macro_roc_auc,0.031535075571620386
1,1340,macro_roc_auc,0.032964486616080535
1,1341,macro_roc_auc,0.025024793693509628
1,1342,macro_roc_auc,0.019007532842873598
1,1343,macro_roc_auc,0.02783619480744237
1,1344,macro_roc_auc,0.013310372073309429
1,1345,macro_roc_auc,0.02114937176492826
1,1346,macro_roc_auc,0.033175041563380914
1,1347,macro_roc_auc,0.018276004694021353
1,1348,macro_roc_auc,0.030609092084338818
1,1349,macro_roc_auc,0.03814671740158637
1,1350,macro_roc_auc,0.028463753648642842
1,1351,macro_roc_auc,0.026435823028396088
1,1352,macro_roc_auc,0.009407096024322215
1,1353,macro_roc_auc,0.030890577436783806
1,1354,macro_roc_auc,0.013930644963467187
1,1355,macro_roc_auc,0.03621404362305991
1,1356,macro_roc_auc,0.02828450172671082
1,1357,macro_roc_auc,0.023315981549520304
1,1358,macro_roc_auc,0.01647490145008179
1,1359,macro_roc_auc,0.0427833796330771
1,1360,macro_roc_auc,0.01273588097239542
1,1361,macro_roc_auc,0.02456781747051484
1,1362,macro_roc_auc,0.030762649671918774
1,1363,macro_roc_auc,0.00873405816251449
1,1364,macro_roc_auc,0.0335734302992331
1,1365,macro_roc_auc,0.02677147773524724
1,1366,macro_roc_auc,0.027602205655787193
1,1367,macro_roc_auc,0.032062286956678676
1,1368,macro_roc_auc,0.021754737518943856
1,1369,macro_roc_auc,0.030081424779415333
1,1370,macro_roc_auc,0.026210083339738954
1,1371,macro_roc_auc,0.022603033467951672
1,1372,macro_roc_auc,0.02232772523632298
1,1373,macro_roc_auc,0.01931083687966184
1,1374,macro_roc_auc,0.023185949656075233
1,1375,macro_roc_auc,0.02239598808647114
1,1376,macro_roc_auc,0.026660576658685597
1,1377,macro_roc_auc,0.02455129190690819
1,1378,macro_roc_auc,0.021645965999427808
1,1379,macro_roc_auc,0.024830436850409865
1,1380,macro_roc_auc,0.04001930104786433
1,1381,macro_roc_auc,0.01241594551505698
1,1382,macro_roc_auc,0.015611694391024944
1,1383,macro_roc_auc,0.01855125105684574
1,1384,macro_roc_auc,0.03196808173241594
1,1385,macro_roc_auc,0.027347427848191663
1,1386,macro_roc_auc,0.027136481487070263
1,1387,macro_roc_auc,0.006699467913247714
1,1388,macro_roc_auc,0.03830999677293789
1,1389,macro_roc_auc,0.03217998825020196
1,1390,macro_roc_auc,0.02646344570909953
1,1391,macro_roc_auc,0.03031888461482668
1,1392,macro_roc_auc,0.014698881062874203
1,1393,macro_roc_auc,0.020465633505350023
1,1394,macro_roc_auc,0.019097478633857468
1,1395,macro_roc_auc,0.041799183070694745
1,1396,macro_roc_auc,0.02336292079943958
1,1397,macro_roc_auc,0.02796179141119637
1,1398,macro_roc_auc,0.01808311366505977
1,1399,macro_roc_auc,0.03468392687022093
1,1400,macro_roc_auc,0.01920463619446211
1,1401,macro_roc_auc,0.016980456711851555
1,1402,macro_roc_auc,0.0365205164068918
1,1403,macro_roc_auc,0.017209950819955022
1,1404,macro_roc_auc,0.02918493496971708
1,1405,macro_roc_auc,0.02713446784081186
1,1406,macro_roc_auc,0.04113004401233655
1,1407,macro_roc_auc,0.014497250083906121
1,1408,macro_roc_auc,0.027150267876007717
1,1409,macro_roc_auc,0.027421566854054946
1,1410,macro_roc_auc,0.027202747663024884
1,1411,macro_roc_auc,0.006404393053513147
1,1412,macro_roc_auc,0.019963056463664586
1,1413,macro_roc_auc,0.026587376019976072
1,1414,macro_roc_auc,0.02583988795205816
1,1415,macro_roc_auc,0.01010100651979784
1,1416,macro_roc_auc,0.023854431128528142
1,1417,macro_roc_auc,0.03584832691368223
1,1418,macro_roc_auc,0.015813200588010834
1,1419,macro_roc_auc,0.008735637274462915
1,1420,macro_roc_auc,0.023354535662188924
1,1421,macro_roc_auc,0.024973909998121102
1,1422,macro_roc_auc,0.032926303527423206
1,1423,macro_roc_auc,0.02641504147062601
1,1424,macro_roc_auc,0.021934921840834454
1,1425,macro_roc_auc,0.026464809203681328
1,1426,macro_roc_auc,0.024782996292208148
1,1427,macro_roc_auc,0.04086997890782129
1,1428,macro_roc_auc,0.028992415113689662
1,1429,macro_roc_auc,0.03472450310571462
1,1430,macro_roc_auc,0.023523226470711034
1,1431,macro_roc_auc,0.0280207907235962
1,1432,macro_roc_auc,0.029328035370296712
1,1433,macro_roc_auc,0.027249961803481715
1,1434,macro_roc_auc,0.018746778121513707
1,1435,macro_roc_auc,0.02837691075595039
1,1436,macro_roc_auc,0.01766992418872193
1,1437,macro_roc_auc,0.019050867335208888
1,1438,macro_roc_auc,0.02220275770884883
1,1439,macro_roc_auc,0.022392167212204273
1,1440,macro_roc_auc,0.02143883605289998
1,1441,macro_roc_auc,0.024364562618596985
1,1442,macro_roc_auc,0.02385179513186897
1,1443,macro_roc_auc,0.030348509404665713
1,1444,macro_roc_auc,0.007706703826475314
1,1445,macro_roc_auc,0.02952604356695887
1,1446,macro_roc_auc,0.03211300413658291
1,1447,macro_roc_auc,0.03313913608798069
1,1448,macro_roc_auc,0.028129594572459005
1,1449,macro_roc_auc,0.030159039203022542
1,1450,macro_roc_auc,0.0049654333977542375
1,1451,macro_roc_auc,0.02876280068162007
1,1452,macro_roc_auc,0.0048868151082505085
1,1453,macro_roc_auc,0.02876016430029671
1,1454,macro_roc_auc,0.03198619748010911
1,1455,macro_roc_auc,0.009633642848749902
1,1456,macro_roc_auc,0.027775882711062905
1,1457,macro_roc_auc,0.03206866146656018
1,1458,macro_roc_auc,0.02375231933929811
1,1459,macro_roc_auc,0.019778407375872775
1,1460,macro_roc_auc,0.018164174356314344
1,1461,macro_roc_auc,-0.0035052720686393757
1,1462,macro_roc_auc,0.013322624302015917
1,1463,macro_roc_auc,0.015189880860954741
1,1464,macro_roc_auc,0.0291372294753528
1,1465,macro_roc_auc,0.013964426615988512
1,1466,macro_roc_auc,0.023712830269915663
1,1467,macro_roc_auc,0.02182115488709091
1,1468,macro_roc_auc,0.021227459481528155
1,1469,macro_roc_auc,0.019838344706671895
1,1470,macro_roc_auc,0.013849341700563733
1,1471,macro_roc_auc,0.028085452403870503
1,1472,macro_roc_auc,0.030805738792866966
1,1473,macro_roc_auc,0.03440093095305241
1,1474,macro_roc_auc,0.029186366136525255
1,1475,macro_roc_auc,0.024133559262369153
1,1476,macro_roc_auc,0.028435528025924306
1,1477,macro_roc_auc,0.027886905934797812
1,1478,macro_roc_auc,0.014246708145844722
1,1479,macro_roc_auc,0.027942080330699892
1,1480,macro_roc_auc,0.042625287282178737
1,1481,macro_roc_auc,0.008468769845143442
1,1482,macro_roc_auc,0.025277822188916055
1,1483,macro_roc_auc,0.03192029794711604
1,1484,macro_roc_auc,0.025123191603364292
1,1485,macro_roc_auc,0.025922480339256815
1,1486,macro_roc_auc,0.008974111224384074
1,1487,macro_roc_auc,0.021236345915061516
1,1488,macro_roc_auc,0.020381936380914567
1,1489,macro_roc_auc,0.011156753989563062
1,1490,macro_roc_auc,0.02241378657797788
1,1491,macro_roc_auc,0.020823702186586912
1,1492,macro_roc_auc,0.019455666554010653
1,1493,macro_roc_auc,0.005748374452628213
1,1494,macro_roc_auc,0.012085287760774
1,1495,macro_roc_auc,0.032623716427452765
1,1496,macro_roc_auc,0.027953346108444133
1,1497,macro_roc_auc,0.026875408443442494
1,1498,macro_roc_auc,0.03747923128779307
1,1499,macro_roc_auc,0.03152832854933396
1,1500,macro_roc_auc,0.027979644851892194
1,1501,macro_roc_auc,-1.4008882828431268e-05
1,1502,macro_roc_auc,0.0023049537104242734
1,1503,macro_roc_auc,0.02779014283306447
1,1504,macro_roc_auc,0.0206182448350255
1,1505,macro_roc_auc,0.01813711606142787
1,1506,macro_roc_auc,0.03132440313092133
1,1507,macro_roc_auc,0.017742673895378758
1,1508,macro_roc_auc,0.018680518473702334
1,1509,macro_roc_auc,0.02957132704337706
1,1510,macro_roc_auc,0.0271532628258796
1,1511,macro_roc_auc,0.01281977944909296
1,1512,macro_roc_auc,0.01509494486307239
1,1513,macro_roc_auc,0.023717622197911514
1,1514,macro_roc_auc,0.013766110558502853
1,1515,macro_roc_auc,0.03783864616242105
1,1516,macro_roc_auc,0.025991038783370946
1,1517,macro_roc_auc,0.023455853455374043
1,1518,macro_roc_auc,0.035214831424760895
1,1519,macro_roc_auc,0.016979179487917717
1,1520,macro_roc_auc,0.035014106720870575
1,1521,macro_roc_auc,0.025154673153607532
1,1522,macro_roc_auc,0.021302559827848788
1,1523,macro_roc_auc,0.024182970496256617
1,1524,macro_roc_auc,0.030865985650531447
1,1525,macro_roc_auc,0.020968089612062535
1,1526,macro_roc_auc,0.03258259283244014
1,1527,macro_roc_auc,0.02734804867821261
1,1528,macro_roc_auc,0.01452870787251681
1,1529,macro_roc_auc,0.024174299207021743
1,1530,macro_roc_auc,0.031172705107871068
1,1531,macro_roc_auc,0.024763165280606403
1,1532,macro_roc_auc,0.021807509580466844
1,1533,macro_roc_auc,0.019091739821432863
1,1534,macro_roc_auc,0.008283358082708747
1,1535,macro_roc_auc,0.01779508467561497
1,1536,macro_roc_auc,0.02997415108003787
1,1537,macro_roc_auc,0.016055819805932625
1,1538,macro_roc_auc,0.04209742435072894
1,1539,macro_roc_auc,0.04659277517126292
1,1540,macro_roc_auc,0.023954347644874696
1,1541,macro_roc_auc,0.013918885791913693
1,1542,macro_roc_auc,0.0074075576527086184
1,1543,macro_roc_auc,0.014988244345683577
1,1544,macro_roc_auc,0.02082104167457055
1,1545,macro_roc_auc,0.03419763356614636
1,1546,macro_roc_auc,0.019905231899765896
1,1547,macro_roc_auc,0.029524242745015306
1,1548,macro_roc_auc,0.031211993055147436
1,1549,macro_roc_auc,0.016523846931130737
1,1550,macro_roc_auc,0.024231464551820237
1,1551,macro_roc_auc,0.023240383773203144
1,1552,macro_roc_auc,0.04058020547460495
1,1553,macro_roc_auc,0.04296567549655739
1,1554,macro_roc_auc,0.011092211383298967
1,1555,macro_roc_auc,0.03202922267472064
1,1556,macro_roc_auc,0.019931949077798272
1,1557,macro_roc_auc,0.030363874140021063
1,1558,macro_roc_auc,0.025216712411717523
1,1559,macro_roc_auc,0.029889228198764273
1,1560,macro_roc_auc,0.02229022105277012
1,1561,macro_roc_auc,0.02839316771254763
1,1562,macro_roc_auc,0.01628547313404416
1,1563,macro_roc_auc,0.028354913594132336
1,1564,macro_roc_auc,0.021398044719614706
1,1565,macro_roc_auc,0.02896111282097391
1,1566,macro_roc_auc,0.008269256296074778
1,1567,macro_roc_auc,0.01352979144048061
1,1568,macro_roc_auc,0.007993937046048338
1,1569,macro_roc_auc,0.022970375034591095
1,1570,macro_roc_auc,0.024022036906783506
1,1571,macro_roc_auc,0.030375105087436793
1,1572,macro_roc_auc,-0.0001624636171945193
1,1573,macro_roc_auc,0.028325710538720017
1,1574,macro_roc_auc,0.034400745064072535
1,1575,macro_roc_auc,0.02784908169626188
1,1576,macro_roc_auc,0.01305171348674472
1,1577,macro_roc_auc,0.022291613201868676
1,1578,macro_roc_auc,0.0339693888969228
1,1579,macro_roc_auc,0.015243282969237715
1,1580,macro_roc_auc,0.01278971725541389
1,1581,macro_roc_auc,0.01911595313664527
1,1582,macro_roc_auc,0.006720092145728773
1,1583,macro_roc_auc,0.007905582902860475
1,1584,macro_roc_auc,0.014895997237604708
1,1585,macro_roc_auc,0.031432133356516734
1,1586,macro_roc_auc,0.008920827762173844
1,1587,macro_roc_auc,0.023678588025123348
1,1588,macro_roc_auc,0.03555135777130791
1,1589,macro_roc_auc,0.0221607280155528
1,1590,macro_roc_auc,0.009570277885102785
1,1591,macro_roc_auc,0.026358978517165843
1,1592,macro_roc_auc,0.024709387985635933
1,1593,macro_roc_auc,0.01945175897898732
1,1594,macro_roc_auc,0.013701585462173926
1,1595,macro_roc_auc,0.012832020518655063
1,1596,macro_roc_auc,0.016945098530987024
1,1597,macro_roc_auc,0.015957060276997947
1,1598,macro_roc_auc,0.021345413069026486
1,1599,macro_roc_auc,0.020772332481048816
1,1600,macro_roc_auc,0.028302366002662782
1,1601,macro_roc_auc,0.03599773926591743
1,1602,macro_roc_auc,0.01490399701185563
1,1603,macro_roc_auc,0.023989368811441314
1,1604,macro_roc_auc,0.019266251824983427
1,1605,macro_roc_auc,0.01991501533935547
1,1606,macro_roc_auc,0.014288836671490612
1,1607,macro_roc_auc,0.010198860106849783
1,1608,macro_roc_auc,0.01683834248188476
1,1609,macro_roc_auc,0.02237045781930358
1,1610,macro_roc_auc,0.0168831497534655
1,1611,macro_roc_auc,0.020605826221966272
1,1612,macro_roc_auc,0.04042679438153407
1,1613,macro_roc_auc,0.035890570569148794
1,1614,macro_roc_auc,0.018202917502627036
1,1615,macro_roc_auc,0.030880502460598147
1,1616,macro_roc_auc,0.017733449451796446
1,1617,macro_roc_auc,0.03503897051865512
1,1618,macro_roc_auc,0.013714610207562816
1,1619,macro_roc_auc,0.030151158133438383
1,1620,macro_roc_auc,0.018559960660201935
1,1621,macro_roc_auc,0.021575398328165463
1,1622,macro_roc_auc,0.02071070806012687
1,1623,macro_roc_auc,0.017460586559267743
1,1624,macro_roc_auc,0.017259860555577933
1,1625,macro_roc_auc,0.026038848821729355
1,1626,macro_roc_auc,0.03312635253889573
1,1627,macro_roc_auc,0.019243773336699577
1,1628,macro_roc_auc,0.024638635204407566
1,1629,macro_roc_auc,0.04016581496263971
1,1630,macro_roc_auc,0.02610965507684393
1,1631,macro_roc_auc,0.04494431753749595
1,1632,macro_roc_auc,0.02143931474437788
1,1633,macro_roc_auc,0.029494551206707853
1,1634,macro_roc_auc,0.02364802177810621
1,1635,macro_roc_auc,0.024712180074573098
1,1636,macro_roc_auc,0.03574026322453083
1,1637,macro_roc_auc,0.03394239465804316
1,1638,macro_roc_auc,0.024602344904020135
1,1639,macro_roc_auc,0.02902742900172206
1,1640,macro_roc_auc,0.02644735237971818
1,1641,macro_roc_auc,0.03946388921368915
1,1642,macro_roc_auc,0.03382069701716972
1,1643,macro_roc_auc,0.044613233598590485
1,1644,macro_roc_auc,0.015589374544397572
1,1645,macro_roc_auc,0.010330746490177956
1,1646,macro_roc_auc,0.012717692283852
1,1647,macro_roc_auc,0.02219146872172062
1,1648,macro_roc_auc,0.028332418505446322
1,1649,macro_roc_auc,0.024741831802499448
1,1650,macro_roc_auc,0.012028637032348133
1,1651,macro_roc_auc,0.014354994950582567
1,1652,macro_roc_auc,0.012392936430385526
1,1653,macro_roc_auc,0.03178926405232696
1,1654,macro_roc_auc,0.02419255790528896
1,1655,macro_roc_auc,0.03117413270933156
1,1656,macro_roc_auc,0.02164305269861111
1,1657,macro_roc_auc,0.020981881037296923
1,1658,macro_roc_auc,0.007623321487377099
1,1659,macro_roc_auc,0.03158591567008584
1,1660,macro_roc_auc,0.030718106370431153
1,1661,macro_roc_auc,0.02962667324884183
1,1662,macro_roc_auc,0.008550363657980231
1,1663,macro_roc_auc,0.031906007385124946
1,1664,macro_roc_auc,0.006913329735613205
1,1665,macro_roc_auc,0.018861169892576357
1,1666,macro_roc_auc,0.021826562856020026
1,1667,macro_roc_auc,0.01655158015325786
1,1668,macro_roc_auc,0.022476897882758307
1,1669,macro_roc_auc,0.03520425303590302
1,1670,macro_roc_auc,0.002933863146527882
1,1671,macro_roc_auc,0.02625857836150791
1,1672,macro_roc_auc,0.02208416094784571
1,1673,macro_roc_auc,0.040603168219206176
1,1674,macro_roc_auc,0.024165340908925192
1,1675,macro_roc_auc,0.020068535997729064
1,1676,macro_roc_auc,0.011385005997071374
1,1677,macro_roc_auc,0.021497793567850976
1,1678,macro_roc_auc,0.015100644208919767
1,1679,macro_roc_auc,0.024751278488169715
1,1680,macro_roc_auc,0.002865812171413462
1,1681,macro_roc_auc,0.025820237569168403
1,1682,macro_roc_auc,0.010244292845789982
1,1683,macro_roc_auc,0.023198157190865598
1,1684,macro_roc_auc,0.01627156146281461
1,1685,macro_roc_auc,0.03408854373532921
1,1686,macro_roc_auc,0.010110573415729185
1,1687,macro_roc_auc,0.015233712991665427
1,1688,macro_roc_auc,0.03258685173333786
1,1689,macro_roc_auc,0.03456917147440042
1,1690,macro_roc_auc,0.027777239916777052
1,1691,macro_roc_auc,0.03552950872633498
1,1692,macro_roc_auc,0.014083840669269376
1,1693,macro_roc_auc,0.026293738356241714
1,1694,macro_roc_auc,0.02446657835090127
1,1695,macro_roc_auc,0.025832443509704595
1,1696,macro_roc_auc,0.03975294934524354
1,1697,macro_roc_auc,0.03720134808456921
1,1698,macro_roc_auc,0.021150957315899555
1,1699,macro_roc_auc,0.023297441604591684
1,1700,macro_roc_auc,0.01622433325999073
1,1701,macro_roc_auc,0.033749595436522006
1,1702,macro_roc_auc,0.021186546680700524
1,1703,macro_roc_auc,0.02062393403790941
1,1704,macro_roc_auc,0.025478955543712156
1,1705,macro_roc_auc,0.019916545304557665
1,1706,macro_roc_auc,0.017560850969879027
1,1707,macro_roc_auc,0.018026309646199556
1,1708,macro_roc_auc,0.029488568452677555
1,1709,macro_roc_auc,0.029109699880432327
1,1710,macro_roc_auc,0.03476858417626161
1,1711,macro_roc_auc,0.032655541275548816
1,1712,macro_roc_auc,0.024061562761498956
1,1713,macro_roc_auc,0.020627487327631533
1,1714,macro_roc_auc,0.032261115475366586
1,1715,macro_roc_auc,0.012363797156608514
1,1716,macro_roc_auc,0.01796838462748762
1,1717,macro_roc_auc,0.015914057580359464
1,1718,macro_roc_auc,0.007296894246909935
1,1719,macro_roc_auc,0.026689733953398465
1,1720,macro_roc_auc,0.026646876544221598
1,1721,macro_roc_auc,0.02868936525314003
1,1722,macro_roc_auc,0.020164297091420313
1,1723,macro_roc_auc,0.02738486072132762
1,1724,macro_roc_auc,0.024309120596675338
1,1725,macro_roc_auc,0.025122508293561774
1,1726,macro_roc_auc,0.026798124081959918
1,1727,macro_roc_auc,0.02079686919378787
1,1728,macro_roc_auc,0.020044006225055644
1,1729,macro_roc_auc,0.03633535880572658
1,1730,macro_roc_auc,0.028214168474072654
1,1731,macro_roc_auc,0.018845088960157574
1,1732,macro_roc_auc,0.02182221706044507
1,1733,macro_roc_auc,0.023306674133753758
1,1734,macro_roc_auc,0.01682865546041623
1,1735,macro_roc_auc,0.026284005406031596
1,1736,macro_roc_auc,0.03151547335682947
1,1737,macro_roc_auc,0.027326685916011617
1,1738,macro_roc_auc,0.026036932090785503
1,1739,macro_roc_auc,0.01657867167856819
1,1740,macro_roc_auc,0.021646100954000214
1,1741,macro_roc_auc,0.014268714417318362
1,1742,macro_roc_auc,0.013855201553414132
1,1743,macro_roc_auc,0.01987792523885934
1,1744,macro_roc_auc,0.012608346167219842
1,1745,macro_roc_auc,0.028863195019439125
1,1746,macro_roc_auc,0.03041771401565818
1,1747,macro_roc_auc,0.020143756753803865
1,1748,macro_roc_auc,0.03093500426848661
1,1749,macro_roc_auc,0.03827201937839564
1,1750,macro_roc_auc,0.023186979892463322
1,1751,macro_roc_auc,0.0359886815463174
1,1752,macro_roc_auc,0.027677726235777134
1,1753,macro_roc_auc,0.0294358997045
1,1754,macro_roc_auc,0.030698398042434683
1,1755,macro_roc_auc,0.022246992460714488
1,1756,macro_roc_auc,0.028925677246008696
1,1757,macro_roc_auc,0.02113583175633682
1,1758,macro_roc_auc,0.022212412135950266
1,1759,macro_roc_auc,0.03618412386749659
1,1760,macro_roc_auc,0.03499439985021846
1,1761,macro_roc_auc,0.018405222073437977
1,1762,macro_roc_auc,0.019074468945044276
1,1763,macro_roc_auc,0.017093690685957008
1,1764,macro_roc_auc,0.004152064981636006
1,1765,macro_roc_auc,0.03510154393594944
1,1766,macro_roc_auc,0.03392138723163762
1,1767,macro_roc_auc,0.030127082365742908
1,1768,macro_roc_auc,0.009552402913469926
1,1769,macro_roc_auc,0.0185751761957601
1,1770,macro_roc_auc,0.026217778318792573
1,1771,macro_roc_auc,0.031470736386051024
1,1772,macro_roc_auc,0.012446302255048614
1,1773,macro_roc_auc,0.02037233791418047
1,1774,macro_roc_auc,0.025450428108669043
1,1775,macro_roc_auc,0.03212422215354549
1,1776,macro_roc_auc,0.02821790784832401
1,1777,macro_roc_auc,0.021656629136875494
1,1778,macro_roc_auc,0.03385740736447718
1,1779,macro_roc_auc,0.02488937602772634
1,1780,macro_roc_auc,0.029076565729104664
1,1781,macro_roc_auc,0.01042520537355518
1,1782,macro_roc_auc,0.02313890503166094
1,1783,macro_roc_auc,0.01639556032439582
1,1784,macro_roc_auc,0.03398917436118787
1,1785,macro_roc_auc,0.031217123867574692
1,1786,macro_roc_auc,0.014490271923266351
1,1787,macro_roc_auc,0.030305014060397872
1,1788,macro_roc_auc,0.010823039968393289
1,1789,macro_roc_auc,0.02747656371609475
1,1790,macro_roc_auc,0.030529393318161513
1,1791,macro_roc_auc,0.015120895634795684
1,1792,macro_roc_auc,0.029757022115676324
1,1793,macro_roc_auc,0.02361092666598763
1,1794,macro_roc_auc,0.02928881047555898
1,1795,macro_roc_auc,0.016279058546444736
1,1796,macro_roc_auc,0.017603794902578573
1,1797,macro_roc_auc,0.028244746824420575
1,1798,macro_roc_auc,0.018959078762995962
1,1799,macro_roc_auc,-0.0004762858366638145
1,1800,macro_roc_auc,0.03424550061585463
1,1801,macro_roc_auc,0.03601333287231334
1,1802,macro_roc_auc,0.02352517762166484
1,1803,macro_roc_auc,0.031089628691135074
1,1804,macro_roc_auc,0.04192994855902599
1,1805,macro_roc_auc,0.0253486788668027
1,1806,macro_roc_auc,0.03212381615064108
1,1807,macro_roc_auc,0.022320241464886315
1,1808,macro_roc_auc,0.0262300279987826
1,1809,macro_roc_auc,0.030226204703405313
1,1810,macro_roc_auc,0.024533531638623818
1,1811,macro_roc_auc,0.027903504822816116
1,1812,macro_roc_auc,0.02428809184473746
1,1813,macro_roc_auc,0.018458127767175037
1,1814,macro_roc_auc,0.014743816721611513
1,1815,macro_roc_auc,0.038816894294255055
1,1816,macro_roc_auc,0.004210584002107831
1,1817,macro_roc_auc,0.007793389468782053
1,1818,macro_roc_auc,0.01842088720971191
1,1819,macro_roc_auc,0.021006913082082135
1,1820,macro_roc_auc,0.028745917500953566
1,1821,macro_roc_auc,0.03117239524584181
1,1822,macro_roc_auc,0.03797312533688135
1,1823,macro_roc_auc,0.018512513861223878
1,1824,macro_roc_auc,0.039004070162176774
1,1825,macro_roc_auc,0.01533646446838366
1,1826,macro_roc_auc,0.024066229312914023
1,1827,macro_roc_auc,0.016533188446215208
1,1828,macro_roc_auc,0.019870216303858768
1,1829,macro_roc_auc,0.03175673808411528
1,1830,macro_roc_auc,0.006530291147351819
1,1831,macro_roc_auc,0.0013181635560666205
1,1832,macro_roc_auc,0.030074702429821465
1,1833,macro_roc_auc,0.019299044006147237
1,1834,macro_roc_auc,0.02382193518199749
1,1835,macro_roc_auc,0.012736560396008123
1,1836,macro_roc_auc,0.014194167686648718
1,1837,macro_roc_auc,0.042840945036687894
1,1838,macro_roc_auc,0.026079487815551805
1,1839,macro_roc_auc,0.02135747242345354
1,1840,macro_roc_auc,0.04688051013784533
1,1841,macro_roc_auc,0.019085456072183926
1,1842,macro_roc_auc,0.028766803081253678
1,1843,macro_roc_auc,0.022554193401886136
1,1844,macro_roc_auc,0.020481379555356227
1,1845,macro_roc_auc,0.032039661681770415
1,1846,macro_roc_auc,0.02895126587143526
1,1847,macro_roc_auc,0.016991476292399277
1,1848,macro_roc_auc,0.01313609006208527
1,1849,macro_roc_auc,0.01840350384980305
1,1850,macro_roc_auc,0.023078986313829097
1,1851,macro_roc_auc,0.01358535102158509
1,1852,macro_roc_auc,0.01880985507776345
1,1853,macro_roc_auc,0.03641117897946888
1,1854,macro_roc_auc,0.01379069376353248
1,1855,macro_roc_auc,0.01356838155843898
1,1856,macro_roc_auc,0.02919236469446218
1,1857,macro_roc_auc,0.03544260970944213
1,1858,macro_roc_auc,0.014520502250027212
1,1859,macro_roc_auc,0.036028617431067556
1,1860,macro_roc_auc,0.0234229931167661
1,1861,macro_roc_auc,0.02591734109931554
1,1862,macro_roc_auc,0.03280057599723685
1,1863,macro_roc_auc,0.03704447745931416
1,1864,macro_roc_auc,0.016761426922597855
1,1865,macro_roc_auc,0.04236795124358572
1,1866,macro_roc_auc,0.01699525228737686
1,1867,macro_roc_auc,0.025069595061936734
1,1868,macro_roc_auc,0.025666792964548324
1,1869,macro_roc_auc,0.022204078015352402
1,1870,macro_roc_auc,0.03755875342778625
1,1871,macro_roc_auc,0.02180926026562746
1,1872,macro_roc_auc,0.01864419139618656
1,1873,macro_roc_auc,0.017021774805831114
1,1874,macro_roc_auc,0.026273577821852023
1,1875,macro_roc_auc,0.02389166699862777
1,1876,macro_roc_auc,0.01578306499719051
1,1877,macro_roc_auc,0.003429063498196605
1,1878,macro_roc_auc,0.019028009593463513
1,1879,macro_roc_auc,0.018348799165199048
1,1880,macro_roc_auc,0.019725750788803564
1,1881,macro_roc_auc,0.018965531615616427
1,1882,macro_roc_auc,0.021597347701460157
1,1883,macro_roc_auc,0.023371444620516657
1,1884,macro_roc_auc,0.0409803620918513
1,1885,macro_roc_auc,0.014819591585720882
1,1886,macro_roc_auc,0.01613150039039013
1,1887,macro_roc_auc,0.013671695321043509
1,1888,macro_roc_auc,0.029937091382450376
1,1889,macro_roc_auc,0.02953738774468062
1,1890,macro_roc_auc,0.01712275903366456
1,1891,macro_roc_auc,0.03013358477118444
1,1892,macro_roc_auc,0.015183494105827311
1,1893,macro_roc_auc,0.047804714144005556
1,1894,macro_roc_auc,0.025800403885626877
1,1895,macro_roc_auc,0.027064959202636185
1,1896,macro_roc_auc,0.03251320268662783
1,1897,macro_roc_auc,0.02731577949506947
1,1898,macro_roc_auc,0.0306686959833411
1,1899,macro_roc_auc,0.039822372237991344
1,1900,macro_roc_auc,0.023101378806487438
1,1901,macro_roc_auc,0.04035489477419352
1,1902,macro_roc_auc,0.02396099704449628
1,1903,macro_roc_auc,0.028990123511425603
1,1904,macro_roc_auc,0.02098051166823256
1,1905,macro_roc_auc,0.014767588063404391
1,1906,macro_roc_auc,0.02807145558991453
1,1907,macro_roc_auc,0.032005921788058944
1,1908,macro_roc_auc,0.02785007687054908
1,1909,macro_roc_auc,0.030066593990898394
1,1910,macro_roc_auc,0.012957969721002494
1,1911,macro_roc_auc,0.016884730659364244
1,1912,macro_roc_auc,0.011268751866185478
1,1913,macro_roc_auc,0.0222396062740976
1,1914,macro_roc_auc,0.02601398316704384
1,1915,macro_roc_auc,0.014147859464812562
1,1916,macro_roc_auc,0.0194084745253158
1,1917,macro_roc_auc,0.024014235134617534
1,1918,macro_roc_auc,0.03091924615285635
1,1919,macro_roc_auc,0.010558709178685621
1,1920,macro_roc_auc,0.024964240263724347
1,1921,macro_roc_auc,0.021293946326363167
1,1922,macro_roc_auc,0.026611870166766916
1,1923,macro_roc_auc,0.005050753418742393
1,1924,macro_roc_auc,0.028760342833891173
1,1925,macro_roc_auc,0.02329558859070424
1,1926,macro_roc_auc,0.009121802750499786
1,1927,macro_roc_auc,0.03699417218690715
1,1928,macro_roc_auc,0.03666706731343872
1,1929,macro_roc_auc,0.02851645874399722
1,1930,macro_roc_auc,0.021528203159072334
1,1931,macro_roc_auc,0.040897302269957914
1,1932,macro_roc_auc,0.03413302951311126
1,1933,macro_roc_auc,0.03053080868771485
1,1934,macro_roc_auc,0.018758480030576563
1,1935,macro_roc_auc,0.015896285668610788
1,1936,macro_roc_auc,0.00900917969267323
1,1937,macro_roc_auc,0.02833099333997957
1,1938,macro_roc_auc,0.006709523933410955
1,1939,macro_roc_auc,0.02084751063845125
1,1940,macro_roc_auc,0.011237186232737839
1,1941,macro_roc_auc,0.026610164979444795
1,1942,macro_roc_auc,0.022821180511085837
1,1943,macro_roc_auc,0.01609698368729029
1,1944,macro_roc_auc,0.03426739257174238
1,1945,macro_roc_auc,0.016838820864917392
1,1946,macro_roc_auc,0.03118409016636392
1,1947,macro_roc_auc,0.03532890603954719
1,1948,macro_roc_auc,0.029123141132184505
1,1949,macro_roc_auc,0.014359776015296144
1,1950,macro_roc_auc,0.018876228808350604
1,1951,macro_roc_auc,0.024470116951443743
1,1952,macro_roc_auc,0.025283765995895324
1,1953,macro_roc_auc,0.024828929892324325
1,1954,macro_roc_auc,0.02616389627978155
1,1955,macro_roc_auc,0.03259477233691632
1,1956,macro_roc_auc,0.024644632469441485
1,1957,macro_roc_auc,0.021629130898028204
1,1958,macro_roc_auc,0.03446279068692093
1,1959,macro_roc_auc,0.03202301382599082
1,1960,macro_roc_auc,0.005939429500402493
1,1961,macro_roc_auc,0.009261722168102282
1,1962,macro_roc_auc,0.018960363990425
1,1963,macro_roc_auc,0.020522355616431454
1,1964,macro_roc_auc,0.02426909696946289
1,1965,macro_roc_auc,0.018316217928262435
1,1966,macro_roc_auc,0.020406752731982558
1,1967,macro_roc_auc,0.021977366823110356
1,1968,macro_roc_auc,0.03258915248407046
1,1969,macro_roc_auc,0.02664973284125982
1,1970,macro_roc_auc,0.01397493940208483
1,1971,macro_roc_auc,0.019694238011805698
1,1972,macro_roc_auc,0.022506133524745064
1,1973,macro_roc_auc,0.04080436258114628
1,1974,macro_roc_auc,0.030927408656473587
1,1975,macro_roc_auc,0.015573767322495047
1,1976,macro_roc_auc,0.015089039073851507
1,1977,macro_roc_auc,0.027464782510038366
1,1978,macro_roc_auc,0.028955547299462592
1,1979,macro_roc_auc,0.024690225618542172
1,1980,macro_roc_auc,0.014857395750057845
1,1981,macro_roc_auc,0.04610004655483524
1,1982,macro_roc_auc,0.024610326873146016
1,1983,macro_roc_auc,0.018501378040947314
1,1984,macro_roc_auc,0.025471378850675852
1,1985,macro_roc_auc,0.024326442341635612
1,1986,macro_roc_auc,0.01949252725105355
1,1987,macro_roc_auc,0.025798129455602004
1,1988,macro_roc_auc,0.03232544030974116
1,1989,macro_roc_auc,0.028584122977752813
1,1990,macro_roc_auc,0.023661226149644388
1,1991,macro_roc_auc,-0.0020039588317900536
1,1992,macro_roc_auc,0.04262766783908012
1,1993,macro_roc_auc,0.021980376148519665
1,1994,macro_roc_auc,0.025190302970930945
1,1995,macro_roc_auc,0.023435332315136392
1,1996,macro_roc_auc,0.023490665238158126
1,1997,macro_roc_auc,0.039082052527609545
1,1998,macro_roc_auc,0.03820013373832665
1,1999,macro_roc_auc,0.027424658446847716
1,0,micro_roc_auc,0.005176731872118423
1,1,micro_roc_auc,0.026699120980075874
1,2,micro_roc_auc,0.011983115653889653
1,3,micro_roc_auc,0.008336455841742696
1,4,micro_roc_auc,0.008252222222222216
1,5,micro_roc_auc,0.01450013497937297
1,6,micro_roc_auc,0.01099863599863593
1,7,micro_roc_auc,0.01611682808716708
1,8,micro_roc_auc,0.006647437564523906
1,9,micro_roc_auc,0.010024012714646036
1,10,micro_roc_auc,0.016337422587422545
1,11,micro_roc_auc,0.012612222222222247
1,12,micro_roc_auc,-0.0009568606878695984
1,13,micro_roc_auc,0.001200486169075532
1,14,micro_roc_auc,0.004275685368990034
1,15,micro_roc_auc,0.016393552859945038
1,16,micro_roc_auc,0.006433115869870942
1,17,micro_roc_auc,0.019148063237138135
1,18,micro_roc_auc,0.006327273204375206
1,19,micro_roc_auc,0.013576504125350275
1,20,micro_roc_auc,0.004719943823275896
1,21,micro_roc_auc,0.019295226513093677
1,22,micro_roc_auc,0.006460857946525733
1,23,micro_roc_auc,0.01457340771147475
1,24,micro_roc_auc,0.013896831584254477
1,25,micro_roc_auc,0.005541152921224923
1,26,micro_roc_auc,0.012400056542907545
1,27,micro_roc_auc,0.017656972352194766
1,28,micro_roc_auc,0.018519988428865708
1,29,micro_roc_auc,0.010996119402985172
1,30,micro_roc_auc,0.017449697784647555
1,31,micro_roc_auc,0.019264446001355906
1,32,micro_roc_auc,0.03361285292458782
1,33,micro_roc_auc,0.016582662331905196
1,34,micro_roc_auc,0.0009840653689563439
1,35,micro_roc_auc,0.010849608048586479
1,36,micro_roc_auc,0.021056417910447767
1,37,micro_roc_auc,0.006516809659280365
1,38,micro_roc_auc,0.0178022051218919
1,39,micro_roc_auc,0.005852256300151182
1,40,micro_roc_auc,0.010140913059301204
1,41,micro_roc_auc,0.0005270011876776781
1,42,micro_roc_auc,0.022316966094826363
1,43,micro_roc_auc,0.0027253279760491855
1,44,micro_roc_auc,0.007479726239057349
1,45,micro_roc_auc,0.013912452872033687
1,46,micro_roc_auc,0.020554638331498953
1,47,micro_roc_auc,0.014000182340562994
1,48,micro_roc_auc,0.0065598463830526255
1,49,micro_roc_auc,0.002245630956785205
1,50,micro_roc_auc,0.01891304988261311
1,51,micro_roc_auc,0.021406194391145106
1,52,micro_roc_auc,0.006835633832014576
1,53,micro_roc_auc,0.0028778721921812744
1,54,micro_roc_auc,0.019000378856018352
1,55,micro_roc_auc,0.0017584313357030812
1,56,micro_roc_auc,0.012770632787801994
1,57,micro_roc_auc,0.010762424755361044
1,58,micro_roc_auc,0.004932863773096985
1,59,micro_roc_auc,0.007972707185692984
1,60,micro_roc_auc,0.011177042427042427
1,61,micro_roc_auc,0.02165172542504268
1,62,micro_roc_auc,0.021620197261556062
1,63,micro_roc_auc,0.016474064568418156
1,64,micro_roc_auc,0.010694729793483404
1,65,micro_roc_auc,0.01481519423177402
1,66,micro_roc_auc,0.00655101593262275
1,67,micro_roc_auc,0.02039659711759423
1,68,micro_roc_auc,0.014017536029899302
1,69,micro_roc_auc,0.009469076005961252
1,70,micro_roc_auc,0.012256582215598666
1,71,micro_roc_auc,0.006183611467912575
1,72,micro_roc_auc,0.0032496960691611454
1,73,micro_roc_auc,0.010851466147376754
1,74,micro_roc_auc,0.01592215984592993
1,75,micro_roc_auc,0.025535817209633604
1,76,micro_roc_auc,0.01540165296716367
1,77,micro_roc_auc,0.003101828088601155
1,78,micro_roc_auc,0.01685847397258844
1,79,micro_roc_auc,-0.0016139603877447506
1,80,micro_roc_auc,0.0033274917682197813
1,81,micro_roc_auc,0.0291408318327413
1,82,micro_roc_auc,0.011389301634472493
1,83,micro_roc_auc,0.006726190476190497
1,84,micro_roc_auc,0.01393979593648631
1,85,micro_roc_auc,0.015948494290371817
1,86,micro_roc_auc,0.01823884015509547
1,87,micro_roc_auc,0.009215849051509961
1,88,micro_roc_auc,0.012826017644040788
1,89,micro_roc_auc,0.01849404735755389
1,90,micro_roc_auc,0.02348725656174777
1,91,micro_roc_auc,0.014034288082042767
1,92,micro_roc_auc,0.013990274213156795
1,93,micro_roc_auc,0.02044967558736177
1,94,micro_roc_auc,0.025483206742429543
1,95,micro_roc_auc,0.0168346482630074
1,96,micro_roc_auc,0.015619140969047707
1,97,micro_roc_auc,0.009993760367681737
1,98,micro_roc_auc,0.007091420807453397
1,99,micro_roc_auc,0.019692082192082183
1,100,micro_roc_auc,0.012126517152673433
1,101,micro_roc_auc,0.00900651130368657
1,102,micro_roc_auc,0.006198249181229243
1,103,micro_roc_auc,0.015851703810451312
1,104,micro_roc_auc,0.013209367316879272
1,105,micro_roc_auc,0.018017279090113747
1,106,micro_roc_auc,0.011337577257372167
1,107,micro_roc_auc,0.020264651836034875
1,108,micro_roc_auc,0.016219228801904406
1,109,micro_roc_auc,0.003773279055394374
1,110,micro_roc_auc,0.01679849439213288
1,111,micro_roc_auc,0.022941451261289325
1,112,micro_roc_auc,0.003743286703315918
1,113,micro_roc_auc,0.002967021260405711
1,114,micro_roc_auc,0.027166565820100574
1,115,micro_roc_auc,0.012889293596983209
1,116,micro_roc_auc,0.014451940298507493
1,117,micro_roc_auc,0.028570852410126135
1,118,micro_roc_auc,0.021691619337547707
1,119,micro_roc_auc,0.006474679884345247
1,120,micro_roc_auc,0.006308477506043131
1,121,micro_roc_auc,0.005756496042660264
1,122,micro_roc_auc,0.016997075449584842
1,123,micro_roc_auc,0.03153738124741834
1,124,micro_roc_auc,0.012502068609466344
1,125,micro_roc_auc,0.007985494451345332
1,126,micro_roc_auc,0.022773209411602102
1,127,micro_roc_auc,0.020600676479095026
1,128,micro_roc_auc,0.017485671641791045
1,129,micro_roc_auc,0.004525309087256679
1,130,micro_roc_auc,0.01432604022615458
1,131,micro_roc_auc,0.014476917071919781
1,132,micro_roc_auc,0.021012245908000104
1,133,micro_roc_auc,0.011374803611816087
1,134,micro_roc_auc,-0.0021422787960256873
1,135,micro_roc_auc,0.0221218171203309
1,136,micro_roc_auc,0.017556131324630297
1,137,micro_roc_auc,0.010505077760879167
1,138,micro_roc_auc,0.010681090238631952
1,139,micro_roc_auc,0.012566175296077398
1,140,micro_roc_auc,0.029031136805530267
1,141,micro_roc_auc,0.007552746426666368
1,142,micro_roc_auc,-5.801838610830501e-05
1,143,micro_roc_auc,0.0054556058654102735
1,144,micro_roc_auc,0.013610894290811748
1,145,micro_roc_auc,0.016743918522155066
1,146,micro_roc_auc,0.004331663924496909
1,147,micro_roc_auc,0.00362732508010033
1,148,micro_roc_auc,0.010057611940298528
1,149,micro_roc_auc,0.009792206651144442
1,150,micro_roc_auc,0.007412030870794339
1,151,micro_roc_auc,0.011310039284781359
1,152,micro_roc_auc,0.017784586994629148
1,153,micro_roc_auc,0.008298145533757961
1,154,micro_roc_auc,0.01936343361267112
1,155,micro_roc_auc,0.013190795191677651
1,156,micro_roc_auc,0.006283133196106405
1,157,micro_roc_auc,0.01873195867466848
1,158,micro_roc_auc,0.002482138588702054
1,159,micro_roc_auc,-0.00031061544816191056
1,160,micro_roc_auc,0.00870261303626596
1,161,micro_roc_auc,0.013246631902577022
1,162,micro_roc_auc,0.011918584063896676
1,163,micro_roc_auc,0.02030733361593895
1,164,micro_roc_auc,-0.00211418360667337
1,165,micro_roc_auc,0.012011523903281307
1,166,micro_roc_auc,0.006763457060676603
1,167,micro_roc_auc,0.0121761703098211
1,168,micro_roc_auc,0.012914049791264093
1,169,micro_roc_auc,0.008681280864693441
1,170,micro_roc_auc,-0.0002667986107068865
1,171,micro_roc_auc,0.027034581950831527
1,172,micro_roc_auc,0.02038997687297106
1,173,micro_roc_auc,0.005508745106604596
1,174,micro_roc_auc,0.01811566787732044
1,175,micro_roc_auc,0.015601403378042722
1,176,micro_roc_auc,0.01726732345044657
1,177,micro_roc_auc,0.007580535199586458
1,178,micro_roc_auc,0.008543914793914809
1,179,micro_roc_auc,-0.0005107060894972149
1,180,micro_roc_auc,0.0027167504163417844
1,181,micro_roc_auc,0.016201661298217873
1,182,micro_roc_auc,0.010913587093043686
1,183,micro_roc_auc,0.001521885270391432
1,184,micro_roc_auc,0.017511623877321192
1,185,micro_roc_auc,0.012120028030871866
1,186,micro_roc_auc,0.013101925213079069
1,187,micro_roc_auc,0.011453225151931479
1,188,micro_roc_auc,0.02666296326084261
1,189,micro_roc_auc,0.01642874165665975
1,190,micro_roc_auc,0.020195102649560925
1,191,micro_roc_auc,0.01874003782250444
1,192,micro_roc_auc,0.011784752345010086
1,193,micro_roc_auc,0.017407817744301224
1,194,micro_roc_auc,0.018017355802348867
1,195,micro_roc_auc,0.013511001826104208
1,196,micro_roc_auc,0.016406528924668096
1,197,micro_roc_auc,0.01200213509316772
1,198,micro_roc_auc,-0.0016851482099287107
1,199,micro_roc_auc,0.015129861917895115
1,200,micro_roc_auc,0.011319086926987909
1,201,micro_roc_auc,0.022429699460156383
1,202,micro_roc_auc,0.007052751390941192
1,203,micro_roc_auc,0.007756349879167179
1,204,micro_roc_auc,0.015927462686567195
1,205,micro_roc_auc,0.012030229655163649
1,206,micro_roc_auc,0.024119782261928013
1,207,micro_roc_auc,0.006774714356681644
1,208,micro_roc_auc,0.016728809231757347
1,209,micro_roc_auc,0.008306019181935964
1,210,micro_roc_auc,0.018718544495502698
1,211,micro_roc_auc,0.01774877648602713
1,212,micro_roc_auc,0.019911280797835107
1,213,micro_roc_auc,0.019359381331892522
1,214,micro_roc_auc,-0.0023451542556731653
1,215,micro_roc_auc,0.0020743591982459453
1,216,micro_roc_auc,0.0022503279494825446
1,217,micro_roc_auc,0.0033394170375774523
1,218,micro_roc_auc,0.01685357675111776
1,219,micro_roc_auc,0.014277247004699345
1,220,micro_roc_auc,0.018165785132207457
1,221,micro_roc_auc,0.01617661641333701
1,222,micro_roc_auc,0.028659935670003023
1,223,micro_roc_auc,0.005440191302311659
1,224,micro_roc_auc,0.013203601576139534
1,225,micro_roc_auc,0.01610152367376183
1,226,micro_roc_auc,0.008856295952695992
1,227,micro_roc_auc,0.0058362600539370035
1,228,micro_roc_auc,0.017966273638717167
1,229,micro_roc_auc,0.004734260486082942
1,230,micro_roc_auc,0.016913731343283556
1,231,micro_roc_auc,0.005303464774005451
1,232,micro_roc_auc,0.013902516803218412
1,233,micro_roc_auc,0.017501743315385676
1,234,micro_roc_auc,0.015559758763625697
1,235,micro_roc_auc,0.023068858779631052
1,236,micro_roc_auc,0.012419569769655525
1,237,micro_roc_auc,0.01504245324210507
1,238,micro_roc_auc,0.016926871451292347
1,239,micro_roc_auc,0.0214281978591504
1,240,micro_roc_auc,0.0007230538146786314
1,241,micro_roc_auc,0.015653498942507338
1,242,micro_roc_auc,0.013407942125611139
1,243,micro_roc_auc,0.009457168454978904
1,244,micro_roc_auc,0.016666401172422574
1,245,micro_roc_auc,-0.0005070543674624561
1,246,micro_roc_auc,0.007535966634899638
1,247,micro_roc_auc,0.005131540391226319
1,248,micro_roc_auc,0.02539725289523298
1,249,micro_roc_auc,0.01279485567723404
1,250,micro_roc_auc,0.010180339423269014
1,251,micro_roc_auc,0.0008667492771581298
1,252,micro_roc_auc,0.024644808743169433
1,253,micro_roc_auc,0.007494703234401712
1,254,micro_roc_auc,0.023285208643815225
1,255,micro_roc_auc,0.015738026964084884
1,256,micro_roc_auc,0.017278200654504694
1,257,micro_roc_auc,0.008243411288058056
1,258,micro_roc_auc,0.003494051479847271
1,259,micro_roc_auc,0.01434395672092037
1,260,micro_roc_auc,0.016991466485119067
1,261,micro_roc_auc,0.005572221000612609
1,262,micro_roc_auc,0.012831223736518904
1,263,micro_roc_auc,0.0106074199798748
1,264,micro_roc_auc,0.02385689759057319
1,265,micro_roc_auc,0.029178727370848256
1,266,micro_roc_auc,0.0025427262627645275
1,267,micro_roc_auc,0.00996310263491551
1,268,micro_roc_auc,0.012885136651646256
1,269,micro_roc_auc,0.0170062109046496
1,270,micro_roc_auc,0.015827162677133022
1,271,micro_roc_auc,0.01286318451166757
1,272,micro_roc_auc,0.011968087613868472
1,273,micro_roc_auc,0.010026613592793221
1,274,micro_roc_auc,0.01845885257190527
1,275,micro_roc_auc,0.007714156314699738
1,276,micro_roc_auc,0.011662828002054426
1,277,micro_roc_auc,0.017605341847720224
1,278,micro_roc_auc,0.012993399866709221
1,279,micro_roc_auc,0.020022222775981202
1,280,micro_roc_auc,0.01213580073586662
1,281,micro_roc_auc,0.013068040093054956
1,282,micro_roc_auc,0.011242227844319053
1,283,micro_roc_auc,0.018183749523092985
1,284,micro_roc_auc,0.01573425048877941
1,285,micro_roc_auc,0.006983281327747504
1,286,micro_roc_auc,0.015892191328432892
1,287,micro_roc_auc,0.015374142916150357
1,288,micro_roc_auc,0.005085818653660645
1,289,micro_roc_auc,0.01578567164179112
1,290,micro_roc_auc,0.01336899429781846
1,291,micro_roc_auc,0.0013964379959181539
1,292,micro_roc_auc,0.015467908928549101
1,293,micro_roc_auc,-0.0009988201689021814
1,294,micro_roc_auc,0.008963611525086956
1,295,micro_roc_auc,0.016458772833570445
1,296,micro_roc_auc,0.02068025350266367
1,297,micro_roc_auc,0.017496093583099892
1,298,micro_roc_auc,0.02254572490706319
1,299,micro_roc_auc,0.015029295834664946
1,300,micro_roc_auc,0.029555397521246696
1,301,micro_roc_auc,0.004916995052998696
1,302,micro_roc_auc,-0.0006622812554171187
1,303,micro_roc_auc,0.009149928572428467
1,304,micro_roc_auc,0.0017076502732239485
1,305,micro_roc_auc,0.012511940368624574
1,306,micro_roc_auc,0.01661561338289963
1,307,micro_roc_auc,0.01284190260292073
1,308,micro_roc_auc,0.005388067785241035
1,309,micro_roc_auc,0.015582189728531093
1,310,micro_roc_auc,0.01467119970193742
1,311,micro_roc_auc,0.0011209576904559482
1,312,micro_roc_auc,0.0056015335870172045
1,313,micro_roc_auc,0.02100402296031012
1,314,micro_roc_auc,-0.004891341542381578
1,315,micro_roc_auc,0.02893239907391798
1,316,micro_roc_auc,0.008042296571664553
1,317,micro_roc_auc,0.0185775056127796
1,318,micro_roc_auc,0.021491358566007368
1,319,micro_roc_auc,0.015582132440003504
1,320,micro_roc_auc,0.01291356359074769
1,321,micro_roc_auc,0.014280684544827338
1,322,micro_roc_auc,0.014209785563802035
1,323,micro_roc_auc,0.028475901683677085
1,324,micro_roc_auc,0.01720667940094822
1,325,micro_roc_auc,0.022413065076999472
1,326,micro_roc_auc,0.021686177936177886
1,327,micro_roc_auc,0.001640497278094566
1,328,micro_roc_auc,0.0005878562577448232
1,329,micro_roc_auc,0.018254682626897445
1,330,micro_roc_auc,0.017794500154009407
1,331,micro_roc_auc,-0.003516150190469136
1,332,micro_roc_auc,0.006867797717510671
1,333,micro_roc_auc,0.008946748257656179
1,334,micro_roc_auc,0.010911642732551852
1,335,micro_roc_auc,0.014145034066332607
1,336,micro_roc_auc,0.023079351360382527
1,337,micro_roc_auc,0.007213383659360528
1,338,micro_roc_auc,0.008219640686208285
1,339,micro_roc_auc,0.004572912250953798
1,340,micro_roc_auc,0.01737040863845396
1,341,micro_roc_auc,0.01476471230705878
1,342,micro_roc_auc,0.01625390835016738
1,343,micro_roc_auc,0.0017530652319258655
1,344,micro_roc_auc,0.017224610548082442
1,345,micro_roc_auc,0.004978150781090318
1,346,micro_roc_auc,0.008323328584827427
1,347,micro_roc_auc,0.013728066942875428
1,348,micro_roc_auc,0.015666514074393234
1,349,micro_roc_auc,0.004299134865452969
1,350,micro_roc_auc,0.009265592730276717
1,351,micro_roc_auc,0.02382189555116454
1,352,micro_roc_auc,0.005529885544722335
1,353,micro_roc_auc,0.008804354153326699
1,354,micro_roc_auc,0.010513396702109268
1,355,micro_roc_auc,-0.0004972573535642066
1,356,micro_roc_auc,0.009337345014261644
1,357,micro_roc_auc,0.004940220514950466
1,358,micro_roc_auc,0.00293238594710421
1,359,micro_roc_auc,0.00910769806368672
1,360,micro_roc_auc,0.013872202949024248
1,361,micro_roc_auc,0.01294044366337499
1,362,micro_roc_auc,0.012428347593962163
1,363,micro_roc_auc,0.013730253848153184
1,364,micro_roc_auc,0.021977281657533654
1,365,micro_roc_auc,0.024592318639581556
1,366,micro_roc_auc,0.004270949810211366
1,367,micro_roc_auc,0.00806601600804202
1,368,micro_roc_auc,0.00272324576470373
1,369,micro_roc_auc,0.010087389356000398
1,370,micro_roc_auc,0.010162703379224092
1,371,micro_roc_auc,0.020103895103895097
1,372,micro_roc_auc,0.01613557784092179
1,373,micro_roc_auc,0.02378388342355975
1,374,micro_roc_auc,0.012614408224279505
1,375,micro_roc_auc,0.012739306529684913
1,376,micro_roc_auc,0.008276239160212251
1,377,micro_roc_auc,0.009686529503105668
1,378,micro_roc_auc,0.022832233470384322
1,379,micro_roc_auc,0.009432230806024622
1,380,micro_roc_auc,0.02529982637609085
1,381,micro_roc_auc,0.013672561772556713
1,382,micro_roc_auc,0.007087094974338681
1,383,micro_roc_auc,0.024368909097597258
1,384,micro_roc_auc,0.026929276776120892
1,385,micro_roc_auc,0.013026911841492406
1,386,micro_roc_auc,0.01376363242113765
1,387,micro_roc_auc,0.01522662116537632
1,388,micro_roc_auc,0.020968392945851955
1,389,micro_roc_auc,0.010822301769552789
1,390,micro_roc_auc,0.022245803495803518
1,391,micro_roc_auc,0.011272609428728542
1,392,micro_roc_auc,0.005646972008117146
1,393,micro_roc_auc,0.017016579731743642
1,394,micro_roc_auc,0.013443896535419442
1,395,micro_roc_auc,0.01406852066283315
1,396,micro_roc_auc,0.011573365992183726
1,397,micro_roc_auc,0.012329733977530677
1,398,micro_roc_auc,0.012438040450676313
1,399,micro_roc_auc,0.031067222097245883
1,400,micro_roc_auc,0.018868983864837707
1,401,micro_roc_auc,0.01789022352196923
1,402,micro_roc_auc,0.01226305836976882
1,403,micro_roc_auc,0.022535830198313178
1,404,micro_roc_auc,0.0007123569073770319
1,405,micro_roc_auc,0.01013938364250444
1,406,micro_roc_auc,0.013495037977847901
1,407,micro_roc_auc,0.021563696239315866
1,408,micro_roc_auc,0.01363774585921329
1,409,micro_roc_auc,0.009376034207559059
1,410,micro_roc_auc,0.017380447165005197
1,411,micro_roc_auc,0.009824807978333738
1,412,micro_roc_auc,0.019077350093931855
1,413,micro_roc_auc,0.004940376229519816
1,414,micro_roc_auc,0.0037128474628473906
1,415,micro_roc_auc,0.01634889000880657
1,416,micro_roc_auc,0.007250919042201653
1,417,micro_roc_auc,0.009152284049053772
1,418,micro_roc_auc,0.006846667373867965
1,419,micro_roc_auc,0.013979476840035754
1,420,micro_roc_auc,0.02002200835571466
1,421,micro_roc_auc,-0.0001242372009619963
1,422,micro_roc_auc,0.00743377931729905
1,423,micro_roc_auc,0.0007885179049318403
1,424,micro_roc_auc,0.002498331355680783
1,425,micro_roc_auc,0.018067207422307274
1,426,micro_roc_auc,0.024334995599519904
1,427,micro_roc_auc,0.020276524313716515
1,428,micro_roc_auc,0.015399954830563334
1,429,micro_roc_auc,0.024888319242069912
1,430,micro_roc_auc,0.020022832233470345
1,431,micro_roc_auc,0.01183248760331046
1,432,micro_roc_auc,0.004470147237606414
1,433,micro_roc_auc,0.011067229226970232
1,434,micro_roc_auc,0.014416084368530035
1,435,micro_roc_auc,0.012522294887039265
1,436,micro_roc_auc,0.007878922680873757
1,437,micro_roc_auc,0.013178334227038735
1,438,micro_roc_auc,0.012677682022853687
1,439,micro_roc_auc,0.0069743507842410235
1,440,micro_roc_auc,-0.0053029255680384635
1,441,micro_roc_auc,0.01862301967766966
1,442,micro_roc_auc,0.017686021326631884
1,443,micro_roc_auc,0.012153325072284171
1,444,micro_roc_auc,0.011335360633684233
1,445,micro_roc_auc,0.007269920536746022
1,446,micro_roc_auc,0.010695584520031831
1,447,micro_roc_auc,-0.0007608722696184067
1,448,micro_roc_auc,0.01909711676456205
1,449,micro_roc_auc,0.02662414120283041
1,450,micro_roc_auc,0.01668264117823226
1,451,micro_roc_auc,0.018502689333505407
1,452,micro_roc_auc,0.012853201156546867
1,453,micro_roc_auc,0.033061580139731594
1,454,micro_roc_auc,0.018884706644813676
1,455,micro_roc_auc,0.007168091211780303
1,456,micro_roc_auc,0.02148892456967244
1,457,micro_roc_auc,0.0075788059701492605
1,458,micro_roc_auc,0.024177191734858328
1,459,micro_roc_auc,0.010784273865669158
1,460,micro_roc_auc,0.02812747449477282
1,461,micro_roc_auc,0.012741286793299778
1,462,micro_roc_auc,0.011709298927286338
1,463,micro_roc_auc,0.014591965522171124
1,464,micro_roc_auc,0.010965862632280166
1,465,micro_roc_auc,0.026464910530047403
1,466,micro_roc_auc,0.007284613986458854
1,467,micro_roc_auc,0.01848002505766111
1,468,micro_roc_auc,0.010400496262018444
1,469,micro_roc_auc,0.02233283265136987
1,470,micro_roc_auc,0.012369624840002258
1,471,micro_roc_auc,0.017346493342331626
1,472,micro_roc_auc,0.01348474994298643
1,473,micro_roc_auc,0.011125219431070366
1,474,micro_roc_auc,0.020641506412121036
1,475,micro_roc_auc,0.013359195944332991
1,476,micro_roc_auc,0.003866688087160952
1,477,micro_roc_auc,0.012179595873957894
1,478,micro_roc_auc,0.012686310585786509
1,479,micro_roc_auc,0.017405326272701305
1,480,micro_roc_auc,0.0026724451310946584
1,481,micro_roc_auc,0.008864170421508666
1,482,micro_roc_auc,0.009486658405617576
1,483,micro_roc_auc,0.012690551757723378
1,484,micro_roc_auc,0.006829968084836935
1,485,micro_roc_auc,0.014105923543670129
1,486,micro_roc_auc,0.008620896895541574
1,487,micro_roc_auc,0.007767945851962277
1,488,micro_roc_auc,0.020526046285079147
1,489,micro_roc_auc,0.0038891995842709193
1,490,micro_roc_auc,0.01281469587886952
1,491,micro_roc_auc,0.0077079139579139255
1,492,micro_roc_auc,0.010829398542563151
1,493,micro_roc_auc,0.0037053881464796934
1,494,micro_roc_auc,0.0063018376971865075
1,495,micro_roc_auc,0.017451202395197485
1,496,micro_roc_auc,0.011432550942092834
1,497,micro_roc_auc,0.017706159677669975
1,498,micro_roc_auc,0.01182722214586418
1,499,micro_roc_auc,0.008332537313432864
1,500,micro_roc_auc,0.015613087754906219
1,501,micro_roc_auc,0.011076970250605278
1,502,micro_roc_auc,0.010842354241121455
1,503,micro_roc_auc,0.018367923519799656
1,504,micro_roc_auc,0.022919777544513242
1,505,micro_roc_auc,0.01475074215016603
1,506,micro_roc_auc,0.01804149295215407
1,507,micro_roc_auc,0.018547632320815133
1,508,micro_roc_auc,0.009125241345552482
1,509,micro_roc_auc,0.009994186826454365
1,510,micro_roc_auc,0.005086934923000497
1,511,micro_roc_auc,0.014303749637912033
1,512,micro_roc_auc,0.019218310427660756
1,513,micro_roc_auc,0.00480037466338834
1,514,micro_roc_auc,0.011492530219736619
1,515,micro_roc_auc,0.008484490850651949
1,516,micro_roc_auc,0.007075494007586336
1,517,micro_roc_auc,0.0030551072560747183
1,518,micro_roc_auc,0.010385857164672774
1,519,micro_roc_auc,0.013904330895671224
1,520,micro_roc_auc,0.014047083156773277
1,521,micro_roc_auc,0.009737805167852276
1,522,micro_roc_auc,-0.001151060773677326
1,523,micro_roc_auc,0.0032130741453522127
1,524,micro_roc_auc,0.02032582354825252
1,525,micro_roc_auc,0.0014059259259260326
1,526,micro_roc_auc,0.010030410457164907
1,527,micro_roc_auc,0.01501751124696371
1,528,micro_roc_auc,0.025417758144532843
1,529,micro_roc_auc,0.026184800085257476
1,530,micro_roc_auc,0.016500048346255847
1,531,micro_roc_auc,0.012442807690154933
1,532,micro_roc_auc,0.002258067907789707
1,533,micro_roc_auc,0.0062091277107653164
1,534,micro_roc_auc,0.006914874082607381
1,535,micro_roc_auc,0.004781258119421539
1,536,micro_roc_auc,0.008949159339265988
1,537,micro_roc_auc,0.022035845898408568
1,538,micro_roc_auc,0.01342278620107884
1,539,micro_roc_auc,0.020575530598974212
1,540,micro_roc_auc,0.012811175554389598
1,541,micro_roc_auc,0.015419023987915614
1,542,micro_roc_auc,0.020154977282114794
1,543,micro_roc_auc,0.01932183414212696
1,544,micro_roc_auc,0.017415566770186297
1,545,micro_roc_auc,0.0053031106668128825
1,546,micro_roc_auc,0.015443368107302513
1,547,micro_roc_auc,0.01286939480373328
1,548,micro_roc_auc,0.015224489363307225
1,549,micro_roc_auc,0.010003262138265634
1,550,micro_roc_auc,0.015047716272057476
1,551,micro_roc_auc,0.009072851966873796
1,552,micro_roc_auc,0.018786868427802084
1,553,micro_roc_auc,0.0076076906906503705
1,554,micro_roc_auc,0.004477508045161338
1,555,micro_roc_auc,0.010511439168663927
1,556,micro_roc_auc,0.00783514492753623
1,557,micro_roc_auc,0.020765042688348223
1,558,micro_roc_auc,0.00954080791593992
1,559,micro_roc_auc,0.01972950442681376
1,560,micro_roc_auc,0.023353207848541224
1,561,micro_roc_auc,0.025054476204427578
1,562,micro_roc_auc,0.016273061668052202
1,563,micro_roc_auc,0.019024044306362287
1,564,micro_roc_auc,0.023927706657646097
1,565,micro_roc_auc,0.010167973833626998
1,566,micro_roc_auc,0.013205186062860585
1,567,micro_roc_auc,0.00803377329192545
1,568,micro_roc_auc,0.014516834589224703
1,569,micro_roc_auc,0.01059086537861098
1,570,micro_roc_auc,0.0022589951910759742
1,571,micro_roc_auc,0.014674815302524125
1,572,micro_roc_auc,0.011778963706333911
1,573,micro_roc_auc,0.02197753189044427
1,574,micro_roc_auc,0.0297341932635945
1,575,micro_roc_auc,0.008123762297808979
1,576,micro_roc_auc,0.00616776315789469
1,577,micro_roc_auc,0.02131537510260173
1,578,micro_roc_auc,0.014222588109378709
1,579,micro_roc_auc,0.007729341335654616
1,580,micro_roc_auc,0.013381858178053818
1,581,micro_roc_auc,0.009552906110283144
1,582,micro_roc_auc,0.01258263953762917
1,583,micro_roc_auc,0.0031122728361683283
1,584,micro_roc_auc,0.013379538121310874
1,585,micro_roc_auc,0.007064172108396938
1,586,micro_roc_auc,0.018173032746629514
1,587,micro_roc_auc,0.02287835169943009
1,588,micro_roc_auc,0.018034965558550442
1,589,micro_roc_auc,0.01108267571451882
1,590,micro_roc_auc,0.03750855327681346
1,591,micro_roc_auc,0.011450631542917478
1,592,micro_roc_auc,0.02234646840148702
1,593,micro_roc_auc,0.010645567747443518
1,594,micro_roc_auc,0.013148812424043865
1,595,micro_roc_auc,0.011728120865590164
1,596,micro_roc_auc,0.010473011162922208
1,597,micro_roc_auc,0.014903470956758924
1,598,micro_roc_auc,0.01759866602355753
1,599,micro_roc_auc,0.009767450136550448
1,600,micro_roc_auc,0.013928527074018926
1,601,micro_roc_auc,0.0016354441048170854
1,602,micro_roc_auc,0.016826664153382187
1,603,micro_roc_auc,0.007231032816412575
1,604,micro_roc_auc,0.02050379429983684
1,605,micro_roc_auc,0.029790447761194105
1,606,micro_roc_auc,0.01870663902646519
1,607,micro_roc_auc,0.02295372463706291
1,608,micro_roc_auc,0.025481837865229284
1,609,micro_roc_auc,0.011819870322842152
1,610,micro_roc_auc,0.011823799841748417
1,611,micro_roc_auc,0.021851364838960108
1,612,micro_roc_auc,0.016909976145361938
1,613,micro_roc_auc,0.01577402454118293
1,614,micro_roc_auc,0.009544262285641869
1,615,micro_roc_auc,0.006009010789335911
1,616,micro_roc_auc,0.020643559714481396
1,617,micro_roc_auc,0.015260962299453396
1,618,micro_roc_auc,0.021040930528245516
1,619,micro_roc_auc,0.0188464769838389
1,620,micro_roc_auc,0.01567809884881699
1,621,micro_roc_auc,9.122416587115101e-05
1,622,micro_roc_auc,0.008858828671078234
1,623,micro_roc_auc,0.032148212839847146
1,624,micro_roc_auc,0.014275203436437622
1,625,micro_roc_auc,0.011657913271860387
1,626,micro_roc_auc,0.00045451604554869185
1,627,micro_roc_auc,0.02889983750338676
1,628,micro_roc_auc,0.029506286492889666
1,629,micro_roc_auc,0.012650068487631949
1,630,micro_roc_auc,0.010289001506642914
1,631,micro_roc_auc,0.017139704903975428
1,632,micro_roc_auc,0.01955894234882216
1,633,micro_roc_auc,0.0022101480185983124
1,634,micro_roc_auc,0.01592665326012821
1,635,micro_roc_auc,0.01705284673043661
1,636,micro_roc_auc,0.004541435008795891
1,637,micro_roc_auc,0.00834289194467519
1,638,micro_roc_auc,0.011572684212281859
1,639,micro_roc_auc,0.013727091701107974
1,640,micro_roc_auc,0.012828118048346382
1,641,micro_roc_auc,0.017485512416462123
1,642,micro_roc_auc,0.010225428170515305
1,643,micro_roc_auc,0.006747629700649904
1,644,micro_roc_auc,0.01710983016507317
1,645,micro_roc_auc,0.011810721754615283
1,646,micro_roc_auc,0.02389872838984819
1,647,micro_roc_auc,0.015561934350938778
1,648,micro_roc_auc,0.024410230655546372
1,649,micro_roc_auc,0.009075543290789967
1,650,micro_roc_auc,0.016177547894421385
1,651,micro_roc_auc,0.019529770830493343
1,652,micro_roc_auc,0.00836725307577324
1,653,micro_roc_auc,0.0167295324518576
1,654,micro_roc_auc,0.027968058143116092
1,655,micro_roc_auc,0.00431599933038096
1,656,micro_roc_auc,0.011538129521244445
1,657,micro_roc_auc,0.022569259881359938
1,658,micro_roc_auc,0.025011177347242897
1,659,micro_roc_auc,0.01706740772909099
1,660,micro_roc_auc,0.02035456422965709
1,661,micro_roc_auc,0.022963589840983012
1,662,micro_roc_auc,-0.0007911315044516476
1,663,micro_roc_auc,-0.0033123838815567463
1,664,micro_roc_auc,-0.003440503807134787
1,665,micro_roc_auc,0.008715280663755931
1,666,micro_roc_auc,0.026505526577247918
1,667,micro_roc_auc,0.01529792298836774
1,668,micro_roc_auc,0.03001921279793951
1,669,micro_roc_auc,-0.0035739284511414615
1,670,micro_roc_auc,0.025324080415163763
1,671,micro_roc_auc,0.015691546212776353
1,672,micro_roc_auc,0.010129526732537752
1,673,micro_roc_auc,0.012925915776011654
1,674,micro_roc_auc,0.0181755675607167
1,675,micro_roc_auc,0.012191173606102557
1,676,micro_roc_auc,0.013508960823542138
1,677,micro_roc_auc,0.012000600481029133
1,678,micro_roc_auc,0.006222829431450583
1,679,micro_roc_auc,-0.0002743936249426371
1,680,micro_roc_auc,0.006173772587499515
1,681,micro_roc_auc,0.014146551011978481
1,682,micro_roc_auc,0.011250138622645456
1,683,micro_roc_auc,0.009938689184265215
1,684,micro_roc_auc,0.00858949210426041
1,685,micro_roc_auc,0.020122592592592636
1,686,micro_roc_auc,0.011982229831782987
1,687,micro_roc_auc,0.0029797907670939816
1,688,micro_roc_auc,0.018570066547529573
1,689,micro_roc_auc,0.007295026793597503
1,690,micro_roc_auc,0.02413751181953261
1,691,micro_roc_auc,0.010278094404055249
1,692,micro_roc_auc,0.01591510139569019
1,693,micro_roc_auc,0.026764363354037313
1,694,micro_roc_auc,0.009627739749441089
1,695,micro_roc_auc,0.024385177024200733
1,696,micro_roc_auc,0.018935924628552536
1,697,micro_roc_auc,0.0050916701481505955
1,698,micro_roc_auc,0.019661943581780528
1,699,micro_roc_auc,0.003651007615325663
1,700,micro_roc_auc,0.024996787979310486
1,701,micro_roc_auc,0.027397960358866325
1,702,micro_roc_auc,0.00753621915772007
1,703,micro_roc_auc,0.017639443851814374
1,704,micro_roc_auc,0.009900858723127515
1,705,micro_roc_auc,0.009715036426919732
1,706,micro_roc_auc,0.003407143751022801
1,707,micro_roc_auc,0.0231010281839642
1,708,micro_roc_auc,0.009598805970149282
1,709,micro_roc_auc,0.02206244674626079
1,710,micro_roc_auc,-0.00013358577100919256
1,711,micro_roc_auc,0.01104567706826931
1,712,micro_roc_auc,0.010594913072062506
1,713,micro_roc_auc,0.012763744427934598
1,714,micro_roc_auc,0.005909498711699324
1,715,micro_roc_auc,0.009176294864473022
1,716,micro_roc_auc,-0.0014500562006544149
1,717,micro_roc_auc,0.006271599233738656
1,718,micro_roc_auc,0.007961094759392773
1,719,micro_roc_auc,-0.00038852225672880714
1,720,micro_roc_auc,0.01933854379667077
1,721,micro_roc_auc,0.011262724713017036
1,722,micro_roc_auc,0.012378809287498904
1,723,micro_roc_auc,0.008156553989216553
1,724,micro_roc_auc,0.012169573839296954
1,725,micro_roc_auc,0.010207159328660231
1,726,micro_roc_auc,0.011773237213667187
1,727,micro_roc_auc,0.020688593205549388
1,728,micro_roc_auc,0.014017764746464323
1,729,micro_roc_auc,0.00669198733149079
1,730,micro_roc_auc,0.009274801569364888
1,731,micro_roc_auc,0.017586091047440022
1,732,micro_roc_auc,0.009786317232809538
1,733,micro_roc_auc,0.002961299473186574
1,734,micro_roc_auc,0.019828956047250657
1,735,micro_roc_auc,0.007195417287630401
1,736,micro_roc_auc,0.013618268751595886
1,737,micro_roc_auc,0.019581459142919755
1,738,micro_roc_auc,0.018024342108111435
1,739,micro_roc_auc,0.018026145721310893
1,740,micro_roc_auc,0.004359888647318955
1,741,micro_roc_auc,0.009321461954024834
1,742,micro_roc_auc,0.01752525296292773
1,743,micro_roc_auc,0.02029608754401624
1,744,micro_roc_auc,0.010666407867494843
1,745,micro_roc_auc,0.024170334805746263
1,746,micro_roc_auc,0.011700201435635438
1,747,micro_roc_auc,0.011384796842874856
1,748,micro_roc_auc,0.006532806353620857
1,749,micro_roc_auc,0.007236227824463093
1,750,micro_roc_auc,0.010100288037795058
1,751,micro_roc_auc,0.011297193243914538
1,752,micro_roc_auc,0.016395982377502838
1,753,micro_roc_auc,0.0077196831398917976
1,754,micro_roc_auc,0.021754954009658656
1,755,micro_roc_auc,0.010954458235893805
1,756,micro_roc_auc,0.024072495682894823
1,757,micro_roc_auc,0.016799523742751066
1,758,micro_roc_auc,0.011562386562386617
1,759,micro_roc_auc,0.016776249415912714
1,760,micro_roc_auc,0.012908409247150088
1,761,micro_roc_auc,0.014829434866231339
1,762,micro_roc_auc,0.007614257327372087
1,763,micro_roc_auc,-0.0017978990760997293
1,764,micro_roc_auc,0.011912777749003012
1,765,micro_roc_auc,0.007286009255391024
1,766,micro_roc_auc,0.021610928635413473
1,767,micro_roc_auc,0.005086104466025643
1,768,micro_roc_auc,0.017258400016703423
1,769,micro_roc_auc,0.015557697279615645
1,770,micro_roc_auc,0.025943276166623397
1,771,micro_roc_auc,0.013179631331803554
1,772,micro_roc_auc,0.0094173356594075
1,773,micro_roc_auc,0.00616709942228455
1,774,micro_roc_auc,0.015694925373134327
1,775,micro_roc_auc,0.016719582390829824
1,776,micro_roc_auc,0.0056062380643280285
1,777,micro_roc_auc,0.009419934680467201
1,778,micro_roc_auc,0.016026061304181494
1,779,micro_roc_auc,0.0011429497380430753
1,780,micro_roc_auc,0.01837378427093328
1,781,micro_roc_auc,0.021819555583394656
1,782,micro_roc_auc,0.014036457925533874
1,783,micro_roc_auc,0.007961033233931047
1,784,micro_roc_auc,0.016456036893016668
1,785,micro_roc_auc,0.009871620528500546
1,786,micro_roc_auc,0.026199619949619946
1,787,micro_roc_auc,0.014003782250439079
1,788,micro_roc_auc,-0.0001695134575570023
1,789,micro_roc_auc,0.01536951973227274
1,790,micro_roc_auc,0.013228027930880848
1,791,micro_roc_auc,0.012033099444621276
1,792,micro_roc_auc,0.022731897265641177
1,793,micro_roc_auc,0.02062700275511109
1,794,micro_roc_auc,0.015538815078604107
1,795,micro_roc_auc,0.02369369021125889
1,796,micro_roc_auc,0.0052008392980341656
1,797,micro_roc_auc,0.013153113602593525
1,798,micro_roc_auc,0.011896632066073276
1,799,micro_roc_auc,0.018532764551517422
1,800,micro_roc_auc,0.01886270230661402
1,801,micro_roc_auc,0.012731968219471868
1,802,micro_roc_auc,0.004394672516566112
1,803,micro_roc_auc,0.025567840366182204
1,804,micro_roc_auc,0.007571261166659071
1,805,micro_roc_auc,0.012705078067895115
1,806,micro_roc_auc,0.01965174268935843
1,807,micro_roc_auc,0.020128294212570563
1,808,micro_roc_auc,0.022327983345896252
1,809,micro_roc_auc,-0.004659189180233447
1,810,micro_roc_auc,0.017434675141242972
1,811,micro_roc_auc,0.014326311441553163
1,812,micro_roc_auc,0.0044035820895522715
1,813,micro_roc_auc,-0.00036694338129161785
1,814,micro_roc_auc,0.012641120548863571
1,815,micro_roc_auc,0.02192624611643934
1,816,micro_roc_auc,0.011525154894671541
1,817,micro_roc_auc,0.00912039101992268
1,818,micro_roc_auc,0.002388399964505128
1,819,micro_roc_auc,0.01676921518303387
1,820,micro_roc_auc,0.026081411523256937
1,821,micro_roc_auc,-0.002310612874563245
1,822,micro_roc_auc,0.009458131450670537
1,823,micro_roc_auc,0.003470668669418142
1,824,micro_roc_auc,0.012455156111437438
1,825,micro_roc_auc,0.017500951512905538
1,826,micro_roc_auc,0.020246930835406074
1,827,micro_roc_auc,0.02163493946881312
1,828,micro_roc_auc,0.010037176268801518
1,829,micro_roc_auc,0.013960732710732726
1,830,micro_roc_auc,0.010006094316340253
1,831,micro_roc_auc,0.02453553756762583
1,832,micro_roc_auc,0.01957447520211064
1,833,micro_roc_auc,-0.0010571659650137066
1,834,micro_roc_auc,0.00538151492131278
1,835,micro_roc_auc,0.01468364528871735
1,836,micro_roc_auc,0.001382209622349806
1,837,micro_roc_auc,0.01276449444088712
1,838,micro_roc_auc,0.010356841034131814
1,839,micro_roc_auc,0.006115763879508296
1,840,micro_roc_auc,0.00514453765937839
1,841,micro_roc_auc,0.010489765889456937
1,842,micro_roc_auc,0.007539895391690865
1,843,micro_roc_auc,0.023291581959822394
1,844,micro_roc_auc,0.014662868174388777
1,845,micro_roc_auc,0.02191895373375763
1,846,micro_roc_auc,0.0056893093670937755
1,847,micro_roc_auc,0.013898382319434965
1,848,micro_roc_auc,0.018766250460834022
1,849,micro_roc_auc,0.010122474066079024
1,850,micro_roc_auc,0.01735431445319635
1,851,micro_roc_auc,0.010460482329839427
1,852,micro_roc_auc,0.008600972854856281
1,853,micro_roc_auc,0.024765484183359
1,854,micro_roc_auc,0.02088525402726138
1,855,micro_roc_auc,0.008298022598870025
1,856,micro_roc_auc,0.00769158289750016
1,857,micro_roc_auc,0.012526719892760885
1,858,micro_roc_auc,0.006296843433523658
1,859,micro_roc_auc,0.0036670954749788987
1,860,micro_roc_auc,0.010173880873104002
1,861,micro_roc_auc,0.007196234472049756
1,862,micro_roc_auc,0.01744990265010926
1,863,micro_roc_auc,0.02730387013823332
1,864,micro_roc_auc,-0.004830470398596298
1,865,micro_roc_auc,0.011393182209381125
1,866,micro_roc_auc,0.004023098065855657
1,867,micro_roc_auc,0.014213484014957922
1,868,micro_roc_auc,0.004019496076001605
1,869,micro_roc_auc,0.0052689492487184575
1,870,micro_roc_auc,0.014635910249018003
1,871,micro_roc_auc,0.018380640904162804
1,872,micro_roc_auc,0.017986244243053506
1,873,micro_roc_auc,0.017005079069174256
1,874,micro_roc_auc,0.012652570960935416
1,875,micro_roc_auc,0.015815781182651256
1,876,micro_roc_auc,0.016030281174816974
1,877,micro_roc_auc,0.014530104577393455
1,878,micro_roc_auc,0.027288730586881638
1,879,micro_roc_auc,0.0015862396940620194
1,880,micro_roc_auc,0.0035612722402997843
1,881,micro_roc_auc,0.012532146973486702
1,882,micro_roc_auc,0.003947951074728229
1,883,micro_roc_auc,0.00936706365483686
1,884,micro_roc_auc,0.004708424710849757
1,885,micro_roc_auc,0.020955138011642727
1,886,micro_roc_auc,0.014718944707413417
1,887,micro_roc_auc,0.01258879781420763
1,888,micro_roc_auc,0.011554650178088877
1,889,micro_roc_auc,0.021466944942458488
1,890,micro_roc_auc,0.01672873186806423
1,891,micro_roc_auc,0.005821222463501141
1,892,micro_roc_auc,0.01615188772975662
1,893,micro_roc_auc,0.00667163067758747
1,894,micro_roc_auc,0.02207203429898863
1,895,micro_roc_auc,0.011056822229281615
1,896,micro_roc_auc,0.005614256930633665
1,897,micro_roc_auc,0.009060149216919555
1,898,micro_roc_auc,0.015084187936877602
1,899,micro_roc_auc,0.021573897179724133
1,900,micro_roc_auc,0.002852705493597618
1,901,micro_roc_auc,0.017965316110358676
1,902,micro_roc_auc,0.0031813404397390554
1,903,micro_roc_auc,0.0286567448773547
1,904,micro_roc_auc,0.0015242422237051745
1,905,micro_roc_auc,0.020947380644305014
1,906,micro_roc_auc,0.01784465907784294
1,907,micro_roc_auc,0.022061597367778685
1,908,micro_roc_auc,0.016330856608735567
1,909,micro_roc_auc,0.014545489550543356
1,910,micro_roc_auc,0.0013336471326587107
1,911,micro_roc_auc,0.008309671421450893
1,912,micro_roc_auc,0.012073594129619503
1,913,micro_roc_auc,0.009113444152814232
1,914,micro_roc_auc,0.016843432939674607
1,915,micro_roc_auc,0.011866943906970517
1,916,micro_roc_auc,0.010853074677045549
1,917,micro_roc_auc,0.009797626968285678
1,918,micro_roc_auc,0.010111286413952647
1,919,micro_roc_auc,0.018880079318618792
1,920,micro_roc_auc,0.008243710529424408
1,921,micro_roc_auc,0.022335026621621012
1,922,micro_roc_auc,0.02501520445134575
1,923,micro_roc_auc,0.013818382934165485
1,924,micro_roc_auc,0.011496043521266097
1,925,micro_roc_auc,0.00325845816822512
1,926,micro_roc_auc,0.013367462686567189
1,927,micro_roc_auc,0.024982699353417792
1,928,micro_roc_auc,0.02768310615448155
1,929,micro_roc_auc,0.0029992508200483714
1,930,micro_roc_auc,0.01333242021640868
1,931,micro_roc_auc,0.007003738158956718
1,932,micro_roc_auc,0.020260726964220543
1,933,micro_roc_auc,0.012430565067190202
1,934,micro_roc_auc,0.004983559362696011
1,935,micro_roc_auc,0.026603333333333423
1,936,micro_roc_auc,0.010376049838968116
1,937,micro_roc_auc,0.004449404761904807
1,938,micro_roc_auc,0.0021382698059615457
1,939,micro_roc_auc,0.022057925199676198
1,940,micro_roc_auc,0.009780978779479255
1,941,micro_roc_auc,0.013943714081700809
1,942,micro_roc_auc,0.02200733537262778
1,943,micro_roc_auc,0.012375776397515525
1,944,micro_roc_auc,0.018719433228219562
1,945,micro_roc_auc,0.02035810687860773
1,946,micro_roc_auc,0.01599198976372429
1,947,micro_roc_auc,0.01959380394760868
1,948,micro_roc_auc,-0.0033165952220000072
1,949,micro_roc_auc,0.003994052044609675
1,950,micro_roc_auc,0.02083443392677331
1,951,micro_roc_auc,0.01367867831035674
1,952,micro_roc_auc,0.014343760308128117
1,953,micro_roc_auc,0.006167835794579246
1,954,micro_roc_auc,0.011379076086956541
1,955,micro_roc_auc,0.010987318840579796
1,956,micro_roc_auc,0.015359316839078208
1,957,micro_roc_auc,0.011645074626865703
1,958,micro_roc_auc,0.013877498065490657
1,959,micro_roc_auc,0.010178022413964039
1,960,micro_roc_auc,0.020574563221965048
1,961,micro_roc_auc,0.015809570042332854
1,962,micro_roc_auc,0.018314220781375123
1,963,micro_roc_auc,0.006083069991390855
1,964,micro_roc_auc,0.02071549849492771
1,965,micro_roc_auc,0.01742650051954453
1,966,micro_roc_auc,0.011880558093846472
1,967,micro_roc_auc,0.014096715730317233
1,968,micro_roc_auc,0.012272393229806666
1,969,micro_roc_auc,0.018710611490566298
1,970,micro_roc_auc,0.015567214416414843
1,971,micro_roc_auc,0.0033948328528780047
1,972,micro_roc_auc,0.02382222441685422
1,973,micro_roc_auc,0.014701823898441324
1,974,micro_roc_auc,0.016537156249524454
1,975,micro_roc_auc,0.01336219627322588
1,976,micro_roc_auc,0.02577643273576502
1,977,micro_roc_auc,0.02170692172286781
1,978,micro_roc_auc,0.011395978854573996
1,979,micro_roc_auc,0.01291948547905275
1,980,micro_roc_auc,0.018574408352550087
1,981,micro_roc_auc,0.007986639134782147
1,982,micro_roc_auc,0.0039053230537757777
1,983,micro_roc_auc,0.012136987658140086
1,984,micro_roc_auc,0.006781119656347645
1,985,micro_roc_auc,0.022382115933889946
1,986,micro_roc_auc,0.00012264033780429173
1,987,micro_roc_auc,0.03383659750525114
1,988,micro_roc_auc,0.026400887888714863
1,989,micro_roc_auc,0.021662656827850513
1,990,micro_roc_auc,0.014134376552409234
1,991,micro_roc_auc,0.011875607648788256
1,992,micro_roc_auc,-0.0045954210121663674
1,993,micro_roc_auc,0.004837850126874432
1,994,micro_roc_auc,0.008134357039955575
1,995,micro_roc_auc,0.019458085212466725
1,996,micro_roc_auc,0.024521176170110404
1,997,micro_roc_auc,0.007999341574274621
1,998,micro_roc_auc,0.006902467104508703
1,999,micro_roc_auc,0.023026881441964075
1,1000,micro_roc_auc,0.0190942914799076
1,1001,micro_roc_auc,0.009384935419771478
1,1002,micro_roc_auc,0.01380437604220297
1,1003,micro_roc_auc,0.017276646308852284
1,1004,micro_roc_auc,0.00786881296263997
1,1005,micro_roc_auc,0.005518369114142274
1,1006,micro_roc_auc,0.022876013940251738
1,1007,micro_roc_auc,0.015428734386836562
1,1008,micro_roc_auc,0.014366161066258543
1,1009,micro_roc_auc,0.013254688145394433
1,1010,micro_roc_auc,-0.004015874482658166
1,1011,micro_roc_auc,0.02753583336439447
1,1012,micro_roc_auc,0.010494159652563062
1,1013,micro_roc_auc,0.00826914663919498
1,1014,micro_roc_auc,0.014869227591904233
1,1015,micro_roc_auc,0.013362419801710268
1,1016,micro_roc_auc,0.010737120165065117
1,1017,micro_roc_auc,0.016684304928279325
1,1018,micro_roc_auc,0.012340163992811792
1,1019,micro_roc_auc,0.008204664822488494
1,1020,micro_roc_auc,0.021165533006244353
1,1021,micro_roc_auc,0.008774737853668335
1,1022,micro_roc_auc,0.006142233179625367
1,1023,micro_roc_auc,0.02188528207703655
1,1024,micro_roc_auc,0.01287146908318948
1,1025,micro_roc_auc,0.010903731021466578
1,1026,micro_roc_auc,0.009675284667868489
1,1027,micro_roc_auc,0.01687184128282415
1,1028,micro_roc_auc,0.02359827978998663
1,1029,micro_roc_auc,0.007198074647025932
1,1030,micro_roc_auc,0.017879989463682633
1,1031,micro_roc_auc,0.0161897783617867
1,1032,micro_roc_auc,0.01774703451806603
1,1033,micro_roc_auc,0.004379638614250947
1,1034,micro_roc_auc,0.016503444549506918
1,1035,micro_roc_auc,0.012238511097707017
1,1036,micro_roc_auc,0.008988588767126271
1,1037,micro_roc_auc,-0.0025067540186410886
1,1038,micro_roc_auc,0.00944155903628352
1,1039,micro_roc_auc,0.015303527160549946
1,1040,micro_roc_auc,0.008218995132108997
1,1041,micro_roc_auc,0.021242111526957874
1,1042,micro_roc_auc,0.01847957126236488
1,1043,micro_roc_auc,0.0035944157696919943
1,1044,micro_roc_auc,0.006154885908291496
1,1045,micro_roc_auc,0.020393421585843563
1,1046,micro_roc_auc,0.029733893797089017
1,1047,micro_roc_auc,0.01678810408921938
1,1048,micro_roc_auc,0.00017717093451763422
1,1049,micro_roc_auc,0.0004703420871534636
1,1050,micro_roc_auc,0.01809883537928858
1,1051,micro_roc_auc,0.006340526250450229
1,1052,micro_roc_auc,0.014743920021259016
1,1053,micro_roc_auc,0.015197582488129857
1,1054,micro_roc_auc,0.011276456170556837
1,1055,micro_roc_auc,0.014064889448196727
1,1056,micro_roc_auc,0.011331818275143402
1,1057,micro_roc_auc,0.0030817154200055707
1,1058,micro_roc_auc,0.014766067741510347
1,1059,micro_roc_auc,0.00436713387815979
1,1060,micro_roc_auc,0.016961493013194606
1,1061,micro_roc_auc,0.016068345511937365
1,1062,micro_roc_auc,0.006752804029889425
1,1063,micro_roc_auc,0.014312996369841957
1,1064,micro_roc_auc,0.017420000221990306
1,1065,micro_roc_auc,0.02254343499132061
1,1066,micro_roc_auc,0.007611486469837447
1,1067,micro_roc_auc,0.004177210479309301
1,1068,micro_roc_auc,0.015294194753694423
1,1069,micro_roc_auc,0.003674279604571229
1,1070,micro_roc_auc,0.007162169161444076
1,1071,micro_roc_auc,0.014456865645712358
1,1072,micro_roc_auc,0.01917264641314098
1,1073,micro_roc_auc,0.017361935598272482
1,1074,micro_roc_auc,0.012614225047040795
1,1075,micro_roc_auc,0.00843934665166901
1,1076,micro_roc_auc,0.009590511799462464
1,1077,micro_roc_auc,0.01617626767850977
1,1078,micro_roc_auc,0.012557779369197108
1,1079,micro_roc_auc,0.013142089552238834
1,1080,micro_roc_auc,0.0011322155071871176
1,1081,micro_roc_auc,0.019227807971014532
1,1082,micro_roc_auc,0.008305581425977704
1,1083,micro_roc_auc,0.010677695537465004
1,1084,micro_roc_auc,0.01721880740426729
1,1085,micro_roc_auc,0.026856008789801544
1,1086,micro_roc_auc,0.013113880899115804
1,1087,micro_roc_auc,0.009434085243397616
1,1088,micro_roc_auc,0.021646805820456083
1,1089,micro_roc_auc,0.011436928285448844
1,1090,micro_roc_auc,0.025839538885543467
1,1091,micro_roc_auc,0.005867177858530304
1,1092,micro_roc_auc,0.014671190746136764
1,1093,micro_roc_auc,0.014762340990828737
1,1094,micro_roc_auc,0.02504691989625507
1,1095,micro_roc_auc,0.006055820895522368
1,1096,micro_roc_auc,0.01130702299898556
1,1097,micro_roc_auc,0.033634749675975906
1,1098,micro_roc_auc,0.007099299498374068
1,1099,micro_roc_auc,0.009498791608596124
1,1100,micro_roc_auc,0.020862650551093598
1,1101,micro_roc_auc,0.007904362381434549
1,1102,micro_roc_auc,0.02815615022944029
1,1103,micro_roc_auc,0.013600471973874928
1,1104,micro_roc_auc,0.0124310868801637
1,1105,micro_roc_auc,0.01860209079865205
1,1106,micro_roc_auc,0.012207296917186028
1,1107,micro_roc_auc,0.01084710318277593
1,1108,micro_roc_auc,0.018132957348504508
1,1109,micro_roc_auc,0.02190770953437271
1,1110,micro_roc_auc,0.0072521117018322645
1,1111,micro_roc_auc,0.008419160658913571
1,1112,micro_roc_auc,0.0046398703843840705
1,1113,micro_roc_auc,0.010639581992141545
1,1114,micro_roc_auc,0.012497984775993953
1,1115,micro_roc_auc,0.005649793995051944
1,1116,micro_roc_auc,0.01621271554011805
1,1117,micro_roc_auc,0.015370452169881865
1,1118,micro_roc_auc,0.014493143483857773
1,1119,micro_roc_auc,0.005571216617210717
1,1120,micro_roc_auc,0.00597780478103116
1,1121,micro_roc_auc,0.01530166304450531
1,1122,micro_roc_auc,0.015314797059763463
1,1123,micro_roc_auc,0.01178052067955293
1,1124,micro_roc_auc,0.011781858154465641
1,1125,micro_roc_auc,0.012298007960691137
1,1126,micro_roc_auc,0.014780958974061953
1,1127,micro_roc_auc,0.01880630513975934
1,1128,micro_roc_auc,0.02113790453050579
1,1129,micro_roc_auc,0.013021753918008305
1,1130,micro_roc_auc,0.012948842195343535
1,1131,micro_roc_auc,0.001862383540372603
1,1132,micro_roc_auc,0.017858424606318812
1,1133,micro_roc_auc,0.014355309173653352
1,1134,micro_roc_auc,0.009850024742750985
1,1135,micro_roc_auc,0.02131805229476902
1,1136,micro_roc_auc,0.01926447761194028
1,1137,micro_roc_auc,0.009136187033048304
1,1138,micro_roc_auc,0.017212339008211064
1,1139,micro_roc_auc,0.00803940298507455
1,1140,micro_roc_auc,0.01710886685017865
1,1141,micro_roc_auc,0.014931280107443268
1,1142,micro_roc_auc,0.018047987415263922
1,1143,micro_roc_auc,0.006036517997734081
1,1144,micro_roc_auc,0.010112115161532098
1,1145,micro_roc_auc,0.010056124358847951
1,1146,micro_roc_auc,0.005157868649318442
1,1147,micro_roc_auc,0.016822395294940118
1,1148,micro_roc_auc,0.021503023913075348
1,1149,micro_roc_auc,0.011596644552140156
1,1150,micro_roc_auc,0.006703274608653498
1,1151,micro_roc_auc,0.013730394234845233
1,1152,micro_roc_auc,0.022565781942468388
1,1153,micro_roc_auc,0.024574195816775446
1,1154,micro_roc_auc,0.0196681652372257
1,1155,micro_roc_auc,0.012716128596514942
1,1156,micro_roc_auc,0.011452303874050163
1,1157,micro_roc_auc,0.008492165338376378
1,1158,micro_roc_auc,0.007342021345556948
1,1159,micro_roc_auc,0.001111641868501878
1,1160,micro_roc_auc,0.006277077659079033
1,1161,micro_roc_auc,0.01214507632041062
1,1162,micro_roc_auc,0.015610911361638058
1,1163,micro_roc_auc,0.011434932779483042
1,1164,micro_roc_auc,0.016868383229334594
1,1165,micro_roc_auc,0.01677266015752954
1,1166,micro_roc_auc,0.011662498407034483
1,1167,micro_roc_auc,0.02871554952301192
1,1168,micro_roc_auc,0.01969493381108789
1,1169,micro_roc_auc,0.00762198559489824
1,1170,micro_roc_auc,0.0026614505712866388
1,1171,micro_roc_auc,0.006001170960187374
1,1172,micro_roc_auc,0.008715555555555587
1,1173,micro_roc_auc,0.013720166483630836
1,1174,micro_roc_auc,0.021378223155787413
1,1175,micro_roc_auc,0.024238671847295445
1,1176,micro_roc_auc,0.014140681653372011
1,1177,micro_roc_auc,0.005216409343138384
1,1178,micro_roc_auc,0.010952793649233628
1,1179,micro_roc_auc,0.011422136422136409
1,1180,micro_roc_auc,0.018343025941628843
1,1181,micro_roc_auc,0.024918032786885203
1,1182,micro_roc_auc,0.011858942699366826
1,1183,micro_roc_auc,0.01265230312035659
1,1184,micro_roc_auc,0.0136293398035372
1,1185,micro_roc_auc,0.0021323870066828343
1,1186,micro_roc_auc,0.031553872786952875
1,1187,micro_roc_auc,0.016259133974725115
1,1188,micro_roc_auc,0.01054488554488553
1,1189,micro_roc_auc,0.02056369751480014
1,1190,micro_roc_auc,0.013662830053032593
1,1191,micro_roc_auc,0.014076400441733306
1,1192,micro_roc_auc,0.011216393687349058
1,1193,micro_roc_auc,0.012046054173684984
1,1194,micro_roc_auc,0.027909542330628034
1,1195,micro_roc_auc,0.005750712096014521
1,1196,micro_roc_auc,-0.0017496531618060862
1,1197,micro_roc_auc,0.013914930597996422
1,1198,micro_roc_auc,0.018524860881016125
1,1199,micro_roc_auc,0.012871625746442628
1,1200,micro_roc_auc,0.018887240356083135
1,1201,micro_roc_auc,0.0034902255151354478
1,1202,micro_roc_auc,0.0031224390192976514
1,1203,micro_roc_auc,0.007650952316628379
1,1204,micro_roc_auc,0.017870213367246035
1,1205,micro_roc_auc,0.010206510008192726
1,1206,micro_roc_auc,0.007940581659155566
1,1207,micro_roc_auc,0.020992412557332085
1,1208,micro_roc_auc,0.00658458794883221
1,1209,micro_roc_auc,0.00830008122236936
1,1210,micro_roc_auc,0.011993478891909715
1,1211,micro_roc_auc,0.009820523493245359
1,1212,micro_roc_auc,0.012630647794411254
1,1213,micro_roc_auc,0.022718876497315077
1,1214,micro_roc_auc,0.015021843906621979
1,1215,micro_roc_auc,0.016553413523915372
1,1216,micro_roc_auc,0.006457755738977555
1,1217,micro_roc_auc,0.012484324984324946
1,1218,micro_roc_auc,0.025242526682645594
1,1219,micro_roc_auc,0.013210142570607708
1,1220,micro_roc_auc,0.011469197088843086
1,1221,micro_roc_auc,0.006606419688274245
1,1222,micro_roc_auc,0.008371611212077523
1,1223,micro_roc_auc,0.01782055318025144
1,1224,micro_roc_auc,0.026055703098399774
1,1225,micro_roc_auc,0.023367178364560925
1,1226,micro_roc_auc,0.005448282090482204
1,1227,micro_roc_auc,0.016489127087280786
1,1228,micro_roc_auc,0.014422193243914583
1,1229,micro_roc_auc,0.007820231096105634
1,1230,micro_roc_auc,0.015424114786283472
1,1231,micro_roc_auc,0.009989315983384706
1,1232,micro_roc_auc,0.01776639695885751
1,1233,micro_roc_auc,0.007627629897542287
1,1234,micro_roc_auc,0.011927319041429851
1,1235,micro_roc_auc,0.019617710522297993
1,1236,micro_roc_auc,0.01467892627291345
1,1237,micro_roc_auc,0.017529495777446558
1,1238,micro_roc_auc,0.016354553300649277
1,1239,micro_roc_auc,0.009405066333180612
1,1240,micro_roc_auc,0.004082004051673138
1,1241,micro_roc_auc,0.0012451047164991902
1,1242,micro_roc_auc,0.02179050754684453
1,1243,micro_roc_auc,0.011655836929236552
1,1244,micro_roc_auc,0.016184803439167172
1,1245,micro_roc_auc,0.01741170474305931
1,1246,micro_roc_auc,0.009435259435259358
1,1247,micro_roc_auc,0.009305566297368895
1,1248,micro_roc_auc,0.012935775069550792
1,1249,micro_roc_auc,0.007233725701430549
1,1250,micro_roc_auc,0.013044298898319373
1,1251,micro_roc_auc,0.009520419249875345
1,1252,micro_roc_auc,0.009521179514234035
1,1253,micro_roc_auc,0.012587317956351596
1,1254,micro_roc_auc,0.007635594775067589
1,1255,micro_roc_auc,0.004568888888888956
1,1256,micro_roc_auc,-0.0017505959475565547
1,1257,micro_roc_auc,0.011351029062099838
1,1258,micro_roc_auc,0.01400022996435557
1,1259,micro_roc_auc,0.005340156919767858
1,1260,micro_roc_auc,0.023815346790890257
1,1261,micro_roc_auc,0.0028672019956522687
1,1262,micro_roc_auc,-0.0002156492709588509
1,1263,micro_roc_auc,0.009865178866235946
1,1264,micro_roc_auc,-0.0007983311768023915
1,1265,micro_roc_auc,0.022522915989166337
1,1266,micro_roc_auc,0.0159184389475846
1,1267,micro_roc_auc,0.008611675405098107
1,1268,micro_roc_auc,-0.001199446177596708
1,1269,micro_roc_auc,0.014691811223004891
1,1270,micro_roc_auc,0.010148369988295047
1,1271,micro_roc_auc,0.014837816413321825
1,1272,micro_roc_auc,0.02351669266388723
1,1273,micro_roc_auc,0.009912970103824414
1,1274,micro_roc_auc,0.016236562426395706
1,1275,micro_roc_auc,0.017112521409040404
1,1276,micro_roc_auc,0.008552949517686925
1,1277,micro_roc_auc,0.020941630327008798
1,1278,micro_roc_auc,0.014585626393475049
1,1279,micro_roc_auc,0.019565540890269184
1,1280,micro_roc_auc,0.01282108965320572
1,1281,micro_roc_auc,0.01437489537201908
1,1282,micro_roc_auc,0.024434487970728558
1,1283,micro_roc_auc,0.01880614963726268
1,1284,micro_roc_auc,0.013767213412202772
1,1285,micro_roc_auc,-0.0004957387295960736
1,1286,micro_roc_auc,0.015030468122434248
1,1287,micro_roc_auc,0.02104913590491231
1,1288,micro_roc_auc,0.011758625225929631
1,1289,micro_roc_auc,0.0031427273831807767
1,1290,micro_roc_auc,0.025651823142379016
1,1291,micro_roc_auc,0.00806094240570121
1,1292,micro_roc_auc,0.011924444444444404
1,1293,micro_roc_auc,0.010221677734964296
1,1294,micro_roc_auc,0.022233519468611296
1,1295,micro_roc_auc,0.005221114071373489
1,1296,micro_roc_auc,0.02700132456251092
1,1297,micro_roc_auc,0.0035296878905727302
1,1298,micro_roc_auc,0.0067620292000112325
1,1299,micro_roc_auc,0.03158004222553412
1,1300,micro_roc_auc,0.0001935807880198981
1,1301,micro_roc_auc,0.004350828979008847
1,1302,micro_roc_auc,0.002138334258130925
1,1303,micro_roc_auc,0.010238209685228039
1,1304,micro_roc_auc,0.0051836121613922925
1,1305,micro_roc_auc,0.011472248043205568
1,1306,micro_roc_auc,0.01679074626865673
1,1307,micro_roc_auc,0.013606845063285244
1,1308,micro_roc_auc,0.00559837954645781
1,1309,micro_roc_auc,0.01362604293227887
1,1310,micro_roc_auc,0.02010360739546868
1,1311,micro_roc_auc,0.020518314858196773
1,1312,micro_roc_auc,0.01577465250955501
1,1313,micro_roc_auc,0.011030000291052944
1,1314,micro_roc_auc,0.013797109280021647
1,1315,micro_roc_auc,0.01019456006734576
1,1316,micro_roc_auc,0.011985201027417847
1,1317,micro_roc_auc,0.0145768607321356
1,1318,micro_roc_auc,0.013955296808720541
1,1319,micro_roc_auc,0.018391698194613726
1,1320,micro_roc_auc,-0.00043820895522383996
1,1321,micro_roc_auc,0.001957387508861763
1,1322,micro_roc_auc,0.016918199347374707
1,1323,micro_roc_auc,0.008475673753244761
1,1324,micro_roc_auc,0.01249296069541106
1,1325,micro_roc_auc,0.019913558623464334
1,1326,micro_roc_auc,0.011972175935251128
1,1327,micro_roc_auc,0.015568372689968135
1,1328,micro_roc_auc,0.01602414410418085
1,1329,micro_roc_auc,0.01486874238674385
1,1330,micro_roc_auc,0.0069947664083697125
1,1331,micro_roc_auc,0.009382258249971298
1,1332,micro_roc_auc,0.017523466444083202
1,1333,micro_roc_auc,0.024581757911638302
1,1334,micro_roc_auc,0.002070668681259935
1,1335,micro_roc_auc,0.009187727571856596
1,1336,micro_roc_auc,0.017052208564095617
1,1337,micro_roc_auc,0.0071554736024844745
1,1338,micro_roc_auc,0.022425946893604554
1,1339,micro_roc_auc,0.031467391304347836
1,1340,micro_roc_auc,0.022209365959365956
1,1341,micro_roc_auc,0.01657111626098773
1,1342,micro_roc_auc,0.0017256737502021613
1,1343,micro_roc_auc,0.02314182194616976
1,1344,micro_roc_auc,0.00894025894025896
1,1345,micro_roc_auc,0.02051716627679745
1,1346,micro_roc_auc,0.022066711380597348
1,1347,micro_roc_auc,0.0038829599470021625
1,1348,micro_roc_auc,0.021745989271305333
1,1349,micro_roc_auc,0.015317524718535425
1,1350,micro_roc_auc,0.006827462686567198
1,1351,micro_roc_auc,0.018045034788597758
1,1352,micro_roc_auc,0.008937767658697915
1,1353,micro_roc_auc,0.011181713371202329
1,1354,micro_roc_auc,0.013452269296512553
1,1355,micro_roc_auc,0.016345453255872444
1,1356,micro_roc_auc,0.01663251366120222
1,1357,micro_roc_auc,0.01627789220561504
1,1358,micro_roc_auc,0.011654441469558408
1,1359,micro_roc_auc,0.01985825263329699
1,1360,micro_roc_auc,0.016668558856230198
1,1361,micro_roc_auc,0.011713570470328949
1,1362,micro_roc_auc,0.012842579182921754
1,1363,micro_roc_auc,0.011431434879969893
1,1364,micro_roc_auc,0.0056444490259260904
1,1365,micro_roc_auc,0.0017309338898239268
1,1366,micro_roc_auc,0.003446699569012779
1,1367,micro_roc_auc,0.027707937105503677
1,1368,micro_roc_auc,0.014339417966289791
1,1369,micro_roc_auc,0.009370334956943838
1,1370,micro_roc_auc,0.010203679336871718
1,1371,micro_roc_auc,0.011281359711059591
1,1372,micro_roc_auc,0.014563774352388315
1,1373,micro_roc_auc,0.01599759346056162
1,1374,micro_roc_auc,0.027572666895270825
1,1375,micro_roc_auc,0.013397970403628556
1,1376,micro_roc_auc,0.019228923083663307
1,1377,micro_roc_auc,0.013504232254232251
1,1378,micro_roc_auc,0.01548723697826837
1,1379,micro_roc_auc,0.01461127551319541
1,1380,micro_roc_auc,0.024775908751658915
1,1381,micro_roc_auc,0.00664218777970671
1,1382,micro_roc_auc,0.014019332947692087
1,1383,micro_roc_auc,-0.002226161879495314
1,1384,micro_roc_auc,0.016519306167046888
1,1385,micro_roc_auc,0.013199409517722027
1,1386,micro_roc_auc,0.010133144773703973
1,1387,micro_roc_auc,0.01227532477532478
1,1388,micro_roc_auc,0.006775360220686144
1,1389,micro_roc_auc,0.018072096920993652
1,1390,micro_roc_auc,0.01793110603047332
1,1391,micro_roc_auc,0.026098723821316283
1,1392,micro_roc_auc,0.008252426246175393
1,1393,micro_roc_auc,0.019659103014807666
1,1394,micro_roc_auc,0.011101116863078242
1,1395,micro_roc_auc,0.028495788579134262
1,1396,micro_roc_auc,0.020918922805143625
1,1397,micro_roc_auc,0.026660223145423934
1,1398,micro_roc_auc,0.011924251766490257
1,1399,micro_roc_auc,0.027818249377851045
1,1400,micro_roc_auc,0.009779877756527666
1,1401,micro_roc_auc,0.02388085831798259
1,1402,micro_roc_auc,0.02033382456997701
1,1403,micro_roc_auc,0.008449439754147914
1,1404,micro_roc_auc,0.013762981980480982
1,1405,micro_roc_auc,0.013702714835288177
1,1406,micro_roc_auc,0.015779193595424235
1,1407,micro_roc_auc,0.009159841215866549
1,1408,micro_roc_auc,0.012191691505216151
1,1409,micro_roc_auc,0.016403613261862238
1,1410,micro_roc_auc,0.014384689640452475
1,1411,micro_roc_auc,0.010685557671545776
1,1412,micro_roc_auc,0.006966873309219523
1,1413,micro_roc_auc,0.0063104943064182795
1,1414,micro_roc_auc,0.01936553766066551
1,1415,micro_roc_auc,0.021791190257219428
1,1416,micro_roc_auc,0.019394768821981767
1,1417,micro_roc_auc,0.010814457160639668
1,1418,micro_roc_auc,0.0030088480750781743
1,1419,micro_roc_auc,-0.004709975978521963
1,1420,micro_roc_auc,0.012424466887557828
1,1421,micro_roc_auc,0.013291774807452361
1,1422,micro_roc_auc,0.018211697722567366
1,1423,micro_roc_auc,0.005189850474524027
1,1424,micro_roc_auc,0.009570735631451499
1,1425,micro_roc_auc,0.020130844740236964
1,1426,micro_roc_auc,0.013177014925373154
1,1427,micro_roc_auc,0.018871061313742943
1,1428,micro_roc_auc,0.01564286437110185
1,1429,micro_roc_auc,0.01593114796658568
1,1430,micro_roc_auc,0.010457397849156558
1,1431,micro_roc_auc,0.01980986166918286
1,1432,micro_roc_auc,0.007012278951958217
1,1433,micro_roc_auc,0.009604308349727253
1,1434,micro_roc_auc,0.004573333089114673
1,1435,micro_roc_auc,0.020829208329208315
1,1436,micro_roc_auc,0.0026964084852901804
1,1437,micro_roc_auc,0.002072225907057468
1,1438,micro_roc_auc,0.01668478002566498
1,1439,micro_roc_auc,0.009878422522272445
1,1440,micro_roc_auc,0.00602898428019083
1,1441,micro_roc_auc,0.014477533837569223
1,1442,micro_roc_auc,0.018500593387647646
1,1443,micro_roc_auc,0.017173675831937518
1,1444,micro_roc_auc,0.007373723745823013
1,1445,micro_roc_auc,0.019503917330811804
1,1446,micro_roc_auc,0.007784079160584545
1,1447,micro_roc_auc,0.01856438644117997
1,1448,micro_roc_auc,0.009486309294806317
1,1449,micro_roc_auc,0.025283021785477477
1,1450,micro_roc_auc,0.0048148213673752105
1,1451,micro_roc_auc,0.014647167440349995
1,1452,micro_roc_auc,0.004245993699493189
1,1453,micro_roc_auc,0.01692990420967677
1,1454,micro_roc_auc,0.014116098674417099
1,1455,micro_roc_auc,-0.0008175513685985125
1,1456,micro_roc_auc,0.00728492981934159
1,1457,micro_roc_auc,0.01364655120752678
1,1458,micro_roc_auc,0.01964152352501869
1,1459,micro_roc_auc,0.01751260017075107
1,1460,micro_roc_auc,0.02398269861957203
1,1461,micro_roc_auc,0.002003433464462967
1,1462,micro_roc_auc,0.006677128045004421
1,1463,micro_roc_auc,0.02682857626479007
1,1464,micro_roc_auc,0.010822621945258848
1,1465,micro_roc_auc,0.010371864898308436
1,1466,micro_roc_auc,0.013641388641388641
1,1467,micro_roc_auc,0.008099112426035449
1,1468,micro_roc_auc,0.02103161948682719
1,1469,micro_roc_auc,0.00569450640231306
1,1470,micro_roc_auc,0.012971150382757646
1,1471,micro_roc_auc,0.01339334907988099
1,1472,micro_roc_auc,0.017078730841486145
1,1473,micro_roc_auc,0.020180586277819823
1,1474,micro_roc_auc,0.0135151687137397
1,1475,micro_roc_auc,0.01723302248248826
1,1476,micro_roc_auc,0.01843678238551938
1,1477,micro_roc_auc,0.011689216644143241
1,1478,micro_roc_auc,0.00758394470558954
1,1479,micro_roc_auc,0.02245979509339857
1,1480,micro_roc_auc,0.0190992555561732
1,1481,micro_roc_auc,0.009872335927590514
1,1482,micro_roc_auc,0.007690738881409365
1,1483,micro_roc_auc,0.02668353307177329
1,1484,micro_roc_auc,0.012127108997530445
1,1485,micro_roc_auc,0.021604065076366585
1,1486,micro_roc_auc,-0.00021535687032847584
1,1487,micro_roc_auc,0.013720653930528681
1,1488,micro_roc_auc,0.01722582095015679
1,1489,micro_roc_auc,0.011860506000349047
1,1490,micro_roc_auc,0.008917606183714177
1,1491,micro_roc_auc,0.013302356904938528
1,1492,micro_roc_auc,0.010420770135477486
1,1493,micro_roc_auc,-0.0001349073759221442
1,1494,micro_roc_auc,0.0029090003104936812
1,1495,micro_roc_auc,0.0107493583682291
1,1496,micro_roc_auc,0.021500887114659584
1,1497,micro_roc_auc,0.017721905732622778
1,1498,micro_roc_auc,0.015896446553262722
1,1499,micro_roc_auc,0.006533918647800285
1,1500,micro_roc_auc,0.013154176340109403
1,1501,micro_roc_auc,-0.0023764749643528926
1,1502,micro_roc_auc,-0.0007229850746268696
1,1503,micro_roc_auc,0.021299322439218837
1,1504,micro_roc_auc,0.00813964404243217
1,1505,micro_roc_auc,0.0038616764401517845
1,1506,micro_roc_auc,0.016835209627329206
1,1507,micro_roc_auc,0.014532089162085593
1,1508,micro_roc_auc,0.012384820783343353
1,1509,micro_roc_auc,0.016011614241736916
1,1510,micro_roc_auc,0.011440709907743707
1,1511,micro_roc_auc,0.0038100771362421515
1,1512,micro_roc_auc,0.00309522388059702
1,1513,micro_roc_auc,0.004964460876445642
1,1514,micro_roc_auc,-0.004696915646076882
1,1515,micro_roc_auc,0.020388071917982642
1,1516,micro_roc_auc,0.007554695606354023
1,1517,micro_roc_auc,0.01481225564655464
1,1518,micro_roc_auc,0.026635307998012947
1,1519,micro_roc_auc,0.010891338235959003
1,1520,micro_roc_auc,0.019915928386348924
1,1521,micro_roc_auc,0.01772359100273757
1,1522,micro_roc_auc,0.017697232891481618
1,1523,micro_roc_auc,0.01613977695167279
1,1524,micro_roc_auc,0.015335237193486173
1,1525,micro_roc_auc,0.0045682725770189725
1,1526,micro_roc_auc,0.004070671929508829
1,1527,micro_roc_auc,0.014830545052744282
1,1528,micro_roc_auc,0.0032256134264195824
1,1529,micro_roc_auc,0.010519866960078894
1,1530,micro_roc_auc,0.017662937095789144
1,1531,micro_roc_auc,0.010181454083989627
1,1532,micro_roc_auc,0.0070024454831112415
1,1533,micro_roc_auc,0.005861283726943944
1,1534,micro_roc_auc,0.0035223243457488396
1,1535,micro_roc_auc,0.008074016571347098
1,1536,micro_roc_auc,0.016862445294903994
1,1537,micro_roc_auc,0.00775479401149437
1,1538,micro_roc_auc,0.020951082736830218
1,1539,micro_roc_auc,0.0132048482256939
1,1540,micro_roc_auc,0.010015946101413653
1,1541,micro_roc_auc,0.0009295871302659187
1,1542,micro_roc_auc,-0.005257363131473847
1,1543,micro_roc_auc,0.014833585400787275
1,1544,micro_roc_auc,-0.0005165751528010132
1,1545,micro_roc_auc,0.02426799321937234
1,1546,micro_roc_auc,0.018998165938349576
1,1547,micro_roc_auc,0.014600845994201639
1,1548,micro_roc_auc,0.01449020835560444
1,1549,micro_roc_auc,0.017650548798576082
1,1550,micro_roc_auc,0.013823984565497383
1,1551,micro_roc_auc,0.012463198334051406
1,1552,micro_roc_auc,0.01415520913262025
1,1553,micro_roc_auc,0.023706307018699913
1,1554,micro_roc_auc,0.005797604295745606
1,1555,micro_roc_auc,0.018453741837485715
1,1556,micro_roc_auc,0.014026997823737952
1,1557,micro_roc_auc,0.013292170456601138
1,1558,micro_roc_auc,0.0033723763903467097
1,1559,micro_roc_auc,0.010248872971484912
1,1560,micro_roc_auc,0.028443244319731442
1,1561,micro_roc_auc,0.013494587455327056
1,1562,micro_roc_auc,0.016775024838549424
1,1563,micro_roc_auc,0.00519822016429794
1,1564,micro_roc_auc,0.0172454441882397
1,1565,micro_roc_auc,0.025626791395004567
1,1566,micro_roc_auc,0.0006427864473014244
1,1567,micro_roc_auc,0.0010513716356108649
1,1568,micro_roc_auc,0.009844181980870892
1,1569,micro_roc_auc,0.006420724465558192
1,1570,micro_roc_auc,0.022568325823103974
1,1571,micro_roc_auc,0.020882668630452073
1,1572,micro_roc_auc,0.009420460531875285
1,1573,micro_roc_auc,0.019324788914373836
1,1574,micro_roc_auc,0.02296916179388686
1,1575,micro_roc_auc,0.006184467316617925
1,1576,micro_roc_auc,0.009570735631451499
1,1577,micro_roc_auc,0.021991294963514596
1,1578,micro_roc_auc,0.012996985521545268
1,1579,micro_roc_auc,0.011165332733368505
1,1580,micro_roc_auc,0.006925592745545384
1,1581,micro_roc_auc,0.0021394109641371672
1,1582,micro_roc_auc,0.0059098042858609645
1,1583,micro_roc_auc,0.014122267759562823
1,1584,micro_roc_auc,0.011285391704584646
1,1585,micro_roc_auc,0.015384409160255852
1,1586,micro_roc_auc,0.004644477023869498
1,1587,micro_roc_auc,0.01572264284716851
1,1588,micro_roc_auc,0.01239593763735436
1,1589,micro_roc_auc,0.018329367735801405
1,1590,micro_roc_auc,0.006719235445089788
1,1591,micro_roc_auc,0.009164727914727888
1,1592,micro_roc_auc,0.024396423825155722
1,1593,micro_roc_auc,0.0115969476660015
1,1594,micro_roc_auc,0.012009081071906014
1,1595,micro_roc_auc,0.012634814814814876
1,1596,micro_roc_auc,0.00918351076877788
1,1597,micro_roc_auc,0.015567475664073793
1,1598,micro_roc_auc,0.004699900071793106
1,1599,micro_roc_auc,0.011141341391375459
1,1600,micro_roc_auc,0.012766973935657844
1,1601,micro_roc_auc,0.014233851802621267
1,1602,micro_roc_auc,0.018324269687764905
1,1603,micro_roc_auc,0.008384543974189196
1,1604,micro_roc_auc,0.021129027547682755
1,1605,micro_roc_auc,0.011161202185792418
1,1606,micro_roc_auc,0.009401759662180709
1,1607,micro_roc_auc,0.005679046112449848
1,1608,micro_roc_auc,0.015586413114296205
1,1609,micro_roc_auc,0.015277866275859142
1,1610,micro_roc_auc,0.007975547294506335
1,1611,micro_roc_auc,0.018990135617617532
1,1612,micro_roc_auc,0.017150747379378384
1,1613,micro_roc_auc,0.012961509318767828
1,1614,micro_roc_auc,0.003973450638430354
1,1615,micro_roc_auc,0.014425488015612165
1,1616,micro_roc_auc,0.006693585778257738
1,1617,micro_roc_auc,0.029737090924486065
1,1618,micro_roc_auc,0.00995143091330819
1,1619,micro_roc_auc,0.01620550590375569
1,1620,micro_roc_auc,0.011138739809964604
1,1621,micro_roc_auc,0.015421217522397668
1,1622,micro_roc_auc,0.01426984889885552
1,1623,micro_roc_auc,0.0146475256769375
1,1624,micro_roc_auc,0.008549318579563092
1,1625,micro_roc_auc,0.016397166967300203
1,1626,micro_roc_auc,0.018770542706108673
1,1627,micro_roc_auc,0.008873897521133989
1,1628,micro_roc_auc,0.017776803954378972
1,1629,micro_roc_auc,0.01901300465838507
1,1630,micro_roc_auc,0.007285858663319877
1,1631,micro_roc_auc,0.028053708329163318
1,1632,micro_roc_auc,0.0058961043848012595
1,1633,micro_roc_auc,0.012880151257083416
1,1634,micro_roc_auc,0.014093313383498729
1,1635,micro_roc_auc,0.010782679319483623
1,1636,micro_roc_auc,0.033093696586730226
1,1637,micro_roc_auc,0.009136000368284769
1,1638,micro_roc_auc,0.006085308278754309
1,1639,micro_roc_auc,0.016189298046262457
1,1640,micro_roc_auc,0.018352970917042244
1,1641,micro_roc_auc,0.018137298636926924
1,1642,micro_roc_auc,0.016810701668255046
1,1643,micro_roc_auc,0.021669020560270646
1,1644,micro_roc_auc,0.008374417701863313
1,1645,micro_roc_auc,0.006387487819532245
1,1646,micro_roc_auc,0.011587009285129679
1,1647,micro_roc_auc,0.014118550508144367
1,1648,micro_roc_auc,0.013275752044813793
1,1649,micro_roc_auc,0.014136600475606276
1,1650,micro_roc_auc,0.014330658887543701
1,1651,micro_roc_auc,0.004791404755052686
1,1652,micro_roc_auc,0.013783880597014853
1,1653,micro_roc_auc,0.02058225323052998
1,1654,micro_roc_auc,0.01786007073759166
1,1655,micro_roc_auc,0.01462660731948573
1,1656,micro_roc_auc,0.0017000710010558473
1,1657,micro_roc_auc,0.015013584897725196
1,1658,micro_roc_auc,0.004131433202755663
1,1659,micro_roc_auc,0.028304172768938374
1,1660,micro_roc_auc,0.012810994481225135
1,1661,micro_roc_auc,0.01845015816715223
1,1662,micro_roc_auc,-0.0017051367826345087
1,1663,micro_roc_auc,0.019614410558441264
1,1664,micro_roc_auc,0.004850263317714654
1,1665,micro_roc_auc,0.013476056010080728
1,1666,micro_roc_auc,0.012320481908682734
1,1667,micro_roc_auc,0.011591904171829759
1,1668,micro_roc_auc,0.006671438120477102
1,1669,micro_roc_auc,0.02590623026983052
1,1670,micro_roc_auc,-0.0011715957942715072
1,1671,micro_roc_auc,0.01670542003551978
1,1672,micro_roc_auc,0.016144329860400042
1,1673,micro_roc_auc,0.024244214436441647
1,1674,micro_roc_auc,0.0175543990861996
1,1675,micro_roc_auc,0.008055325576467265
1,1676,micro_roc_auc,0.006771241443545795
1,1677,micro_roc_auc,0.014895002065262286
1,1678,micro_roc_auc,0.010745863621625773
1,1679,micro_roc_auc,0.01637592195305282
1,1680,micro_roc_auc,0.0019146974271818662
1,1681,micro_roc_auc,0.02215669591956604
1,1682,micro_roc_auc,0.011403018770186457
1,1683,micro_roc_auc,0.012691353256287119
1,1684,micro_roc_auc,0.005328800298062597
1,1685,micro_roc_auc,0.015989033848845535
1,1686,micro_roc_auc,0.013643747785982763
1,1687,micro_roc_auc,0.005340602592847521
1,1688,micro_roc_auc,0.02185582134359687
1,1689,micro_roc_auc,0.0072120337935298595
1,1690,micro_roc_auc,-7.830884481951905e-05
1,1691,micro_roc_auc,0.012322842368444498
1,1692,micro_roc_auc,0.01807776915113868
1,1693,micro_roc_auc,0.01492486338797816
1,1694,micro_roc_auc,0.006918223074002472
1,1695,micro_roc_auc,0.00854786367076088
1,1696,micro_roc_auc,0.022568507525334347
1,1697,micro_roc_auc,0.035322750293072414
1,1698,micro_roc_auc,0.010814396903545687
1,1699,micro_roc_auc,0.019140479986023973
1,1700,micro_roc_auc,0.008359374669861364
1,1701,micro_roc_auc,0.021857131124821683
1,1702,micro_roc_auc,0.013674982804816715
1,1703,micro_roc_auc,0.015777767898619288
1,1704,micro_roc_auc,0.003749230734304443
1,1705,micro_roc_auc,0.016571701312887988
1,1706,micro_roc_auc,0.01572234318560628
1,1707,micro_roc_auc,0.005480632051086398
1,1708,micro_roc_auc,0.025721748413598644
1,1709,micro_roc_auc,0.01948593823702116
1,1710,micro_roc_auc,0.020517601560746557
1,1711,micro_roc_auc,0.018406805279851945
1,1712,micro_roc_auc,-0.0006501001596126432
1,1713,micro_roc_auc,0.012520491803278633
1,1714,micro_roc_auc,0.010313028534872593
1,1715,micro_roc_auc,0.005888092269154432
1,1716,micro_roc_auc,0.007655199014362846
1,1717,micro_roc_auc,0.011802567360730043
1,1718,micro_roc_auc,0.010940402961080453
1,1719,micro_roc_auc,0.022069630190225453
1,1720,micro_roc_auc,0.010435016990595014
1,1721,micro_roc_auc,0.0050918737060041686
1,1722,micro_roc_auc,0.008351737008628457
1,1723,micro_roc_auc,0.015693917442796357
1,1724,micro_roc_auc,0.009240661589056343
1,1725,micro_roc_auc,0.025222191648087033
1,1726,micro_roc_auc,0.01674908914330986
1,1727,micro_roc_auc,0.019856477103876835
1,1728,micro_roc_auc,0.014080142577900356
1,1729,micro_roc_auc,0.009785199173500958
1,1730,micro_roc_auc,0.011463233877392565
1,1731,micro_roc_auc,0.016797686906237064
1,1732,micro_roc_auc,0.015501401432575501
1,1733,micro_roc_auc,0.019741138002237424
1,1734,micro_roc_auc,0.013551048136645982
1,1735,micro_roc_auc,0.021748216980592483
1,1736,micro_roc_auc,0.020356439601084353
1,1737,micro_roc_auc,0.018838341490126198
1,1738,micro_roc_auc,0.01575167403415656
1,1739,micro_roc_auc,0.005508663909967959
1,1740,micro_roc_auc,0.01139455330023642
1,1741,micro_roc_auc,0.0058161312613533855
1,1742,micro_roc_auc,0.0039243647399364034
1,1743,micro_roc_auc,0.005807664309748883
1,1744,micro_roc_auc,-0.002324922184609224
1,1745,micro_roc_auc,0.005568872074777853
1,1746,micro_roc_auc,0.01391034887577447
1,1747,micro_roc_auc,0.034516033254156864
1,1748,micro_roc_auc,0.01567810347156562
1,1749,micro_roc_auc,0.025549714166450355
1,1750,micro_roc_auc,0.02186253690371376
1,1751,micro_roc_auc,0.00900847567287788
1,1752,micro_roc_auc,0.027869473422752145
1,1753,micro_roc_auc,0.0015471383084911805
1,1754,micro_roc_auc,0.009358706183459686
1,1755,micro_roc_auc,0.011076417910447778
1,1756,micro_roc_auc,0.021102917021691536
1,1757,micro_roc_auc,0.01761042820478187
1,1758,micro_roc_auc,0.007355820895522447
1,1759,micro_roc_auc,0.009396087168628164
1,1760,micro_roc_auc,0.014988090122643238
1,1761,micro_roc_auc,0.010597455902906727
1,1762,micro_roc_auc,0.011663664719061662
1,1763,micro_roc_auc,0.009752016055604162
1,1764,micro_roc_auc,0.0033603640897510445
1,1765,micro_roc_auc,0.025057197106609252
1,1766,micro_roc_auc,0.01962853906224893
1,1767,micro_roc_auc,0.016387889925698174
1,1768,micro_roc_auc,0.011567803024371326
1,1769,micro_roc_auc,0.017391419378341544
1,1770,micro_roc_auc,0.026250589721347195
1,1771,micro_roc_auc,0.011784187454681572
1,1772,micro_roc_auc,0.005113858181885589
1,1773,micro_roc_auc,0.013970848321198104
1,1774,micro_roc_auc,0.020400928543819252
1,1775,micro_roc_auc,0.02397680833376936
1,1776,micro_roc_auc,0.008876938857582117
1,1777,micro_roc_auc,0.010552581330650623
1,1778,micro_roc_auc,0.019740085475435043
1,1779,micro_roc_auc,0.0064076430006351215
1,1780,micro_roc_auc,0.011208179104590155
1,1781,micro_roc_auc,0.00021431604517230252
1,1782,micro_roc_auc,0.015496707495290196
1,1783,micro_roc_auc,0.00554234782170393
1,1784,micro_roc_auc,0.012579646375143194
1,1785,micro_roc_auc,0.016323613197285924
1,1786,micro_roc_auc,0.024528539301777674
1,1787,micro_roc_auc,0.010699715741042115
1,1788,micro_roc_auc,0.0009696905468419281
1,1789,micro_roc_auc,0.014543281172379574
1,1790,micro_roc_auc,0.021282018060655328
1,1791,micro_roc_auc,0.01402432712215318
1,1792,micro_roc_auc,0.015178626433015818
1,1793,micro_roc_auc,0.016714372258237242
1,1794,micro_roc_auc,0.01438858005982735
1,1795,micro_roc_auc,0.0029244287133631808
1,1796,micro_roc_auc,0.018092296513911865
1,1797,micro_roc_auc,0.008746707871373327
1,1798,micro_roc_auc,0.012025619400108933
1,1799,micro_roc_auc,-0.0007637856017048694
1,1800,micro_roc_auc,0.021876050457335983
1,1801,micro_roc_auc,0.025547215018656422
1,1802,micro_roc_auc,0.009030327624393153
1,1803,micro_roc_auc,0.013304906901984048
1,1804,micro_roc_auc,0.01261978936695618
1,1805,micro_roc_auc,0.009755455109933253
1,1806,micro_roc_auc,0.015485812962405476
1,1807,micro_roc_auc,0.009980513616704378
1,1808,micro_roc_auc,0.004459570585427675
1,1809,micro_roc_auc,0.019402828325261412
1,1810,micro_roc_auc,0.00820457148172038
1,1811,micro_roc_auc,0.018802966101694962
1,1812,micro_roc_auc,0.02358893019413466
1,1813,micro_roc_auc,0.014978331577882975
1,1814,micro_roc_auc,0.006158718330849466
1,1815,micro_roc_auc,0.026678491754733802
1,1816,micro_roc_auc,0.004000401399043008
1,1817,micro_roc_auc,0.021344380120688844
1,1818,micro_roc_auc,0.008744691738135968
1,1819,micro_roc_auc,0.028774609125317818
1,1820,micro_roc_auc,0.008864405901254258
1,1821,micro_roc_auc,0.0032867122384121483
1,1822,micro_roc_auc,0.01466958361207038
1,1823,micro_roc_auc,0.017017017017016967
1,1824,micro_roc_auc,0.008212732572957848
1,1825,micro_roc_auc,0.01659125132401751
1,1826,micro_roc_auc,0.009225729127100624
1,1827,micro_roc_auc,0.005398227225672847
1,1828,micro_roc_auc,0.010663880597014952
1,1829,micro_roc_auc,0.022729343556377457
1,1830,micro_roc_auc,0.01757898356021348
1,1831,micro_roc_auc,-0.0027185845240604856
1,1832,micro_roc_auc,0.019451610757107662
1,1833,micro_roc_auc,0.017457298261400522
1,1834,micro_roc_auc,-0.0004432864546995985
1,1835,micro_roc_auc,0.005039844108933544
1,1836,micro_roc_auc,-0.0037007548059200257
1,1837,micro_roc_auc,0.0207833389133808
1,1838,micro_roc_auc,0.020791055267370684
1,1839,micro_roc_auc,0.009811986329834266
1,1840,micro_roc_auc,0.02700114794813302
1,1841,micro_roc_auc,0.017708441724224033
1,1842,micro_roc_auc,0.007210101613867259
1,1843,micro_roc_auc,0.00939442248173561
1,1844,micro_roc_auc,0.005717834078489914
1,1845,micro_roc_auc,0.018664919772256705
1,1846,micro_roc_auc,0.012449671540580631
1,1847,micro_roc_auc,0.009897100418581273
1,1848,micro_roc_auc,0.010884268404060982
1,1849,micro_roc_auc,0.009740825264115793
1,1850,micro_roc_auc,0.01977561833059993
1,1851,micro_roc_auc,0.00972881227941158
1,1852,micro_roc_auc,0.013407324636020568
1,1853,micro_roc_auc,0.02880557749066126
1,1854,micro_roc_auc,0.010379400082180523
1,1855,micro_roc_auc,0.01958528610219945
1,1856,micro_roc_auc,0.016880298507462643
1,1857,micro_roc_auc,0.011943374333460044
1,1858,micro_roc_auc,-0.003977081892719503
1,1859,micro_roc_auc,0.0173420022765971
1,1860,micro_roc_auc,0.0177583209140586
1,1861,micro_roc_auc,0.013870622344560601
1,1862,micro_roc_auc,0.006163434038142124
1,1863,micro_roc_auc,0.013265714675410933
1,1864,micro_roc_auc,-0.0018601025177023
1,1865,micro_roc_auc,0.021886434697275803
1,1866,micro_roc_auc,0.016995540945684784
1,1867,micro_roc_auc,0.01712331674331069
1,1868,micro_roc_auc,0.01659826624332683
1,1869,micro_roc_auc,0.009079058923272543
1,1870,micro_roc_auc,0.020045698830716163
1,1871,micro_roc_auc,0.017916828631107107
1,1872,micro_roc_auc,0.019302987414204997
1,1873,micro_roc_auc,0.010172941469343555
1,1874,micro_roc_auc,0.028157448611994096
1,1875,micro_roc_auc,0.019606173816367978
1,1876,micro_roc_auc,0.007180406706366438
1,1877,micro_roc_auc,-0.006253191111505796
1,1878,micro_roc_auc,0.015974989066477985
1,1879,micro_roc_auc,0.017291289078257277
1,1880,micro_roc_auc,0.01805265254117805
1,1881,micro_roc_auc,0.019270807081212094
1,1882,micro_roc_auc,-0.0007140574350544826
1,1883,micro_roc_auc,0.01674062073842264
1,1884,micro_roc_auc,0.026599634428180363
1,1885,micro_roc_auc,0.018195351633310985
1,1886,micro_roc_auc,0.008706426935987777
1,1887,micro_roc_auc,0.012205396767695165
1,1888,micro_roc_auc,0.014494672657557106
1,1889,micro_roc_auc,0.01720955285448944
1,1890,micro_roc_auc,0.007256310076142802
1,1891,micro_roc_auc,0.000618377160779171
1,1892,micro_roc_auc,0.020187951373516366
1,1893,micro_roc_auc,0.028664866121182575
1,1894,micro_roc_auc,0.010407352210630827
1,1895,micro_roc_auc,0.011214865976987065
1,1896,micro_roc_auc,0.012705339462337761
1,1897,micro_roc_auc,0.014267701767701757
1,1898,micro_roc_auc,0.02312846878027741
1,1899,micro_roc_auc,0.015789352271827428
1,1900,micro_roc_auc,0.0025773035686538215
1,1901,micro_roc_auc,0.014155312970831835
1,1902,micro_roc_auc,0.025033910179015906
1,1903,micro_roc_auc,0.02448625109500291
1,1904,micro_roc_auc,0.006362873200433938
1,1905,micro_roc_auc,0.0015304473829034215
1,1906,micro_roc_auc,0.013971882756613763
1,1907,micro_roc_auc,0.023655201913784674
1,1908,micro_roc_auc,0.01468263337816067
1,1909,micro_roc_auc,0.01584390709170036
1,1910,micro_roc_auc,0.010425503174388728
1,1911,micro_roc_auc,0.017621673871673904
1,1912,micro_roc_auc,0.013153352804098128
1,1913,micro_roc_auc,0.021321100347739597
1,1914,micro_roc_auc,0.01268041098502437
1,1915,micro_roc_auc,0.01341580581185331
1,1916,micro_roc_auc,0.0022025891193980796
1,1917,micro_roc_auc,0.008384152421062385
1,1918,micro_roc_auc,0.011962144810248265
1,1919,micro_roc_auc,0.010587261920842916
1,1920,micro_roc_auc,-0.0014709077209077437
1,1921,micro_roc_auc,0.019287719592960828
1,1922,micro_roc_auc,0.023824823323104427
1,1923,micro_roc_auc,0.003722156778753538
1,1924,micro_roc_auc,0.008623749771373035
1,1925,micro_roc_auc,0.008453323750749253
1,1926,micro_roc_auc,0.011062739158212542
1,1927,micro_roc_auc,0.014729791809959925
1,1928,micro_roc_auc,0.019338129461640485
1,1929,micro_roc_auc,0.02978178186947711
1,1930,micro_roc_auc,0.006028397936355789
1,1931,micro_roc_auc,0.014552062726057358
1,1932,micro_roc_auc,0.012135422442610233
1,1933,micro_roc_auc,0.017528160432218054
1,1934,micro_roc_auc,0.013083523468594538
1,1935,micro_roc_auc,0.007323796736955934
1,1936,micro_roc_auc,0.0025718888886906432
1,1937,micro_roc_auc,0.02071605151201561
1,1938,micro_roc_auc,-0.0033896234769597022
1,1939,micro_roc_auc,0.012846955215412459
1,1940,micro_roc_auc,0.002729193689490428
1,1941,micro_roc_auc,0.029257662123089667
1,1942,micro_roc_auc,0.0029582418327682714
1,1943,micro_roc_auc,-5.712739235375075e-05
1,1944,micro_roc_auc,0.017266324229861185
1,1945,micro_roc_auc,0.02083022851465477
1,1946,micro_roc_auc,0.01022426737192339
1,1947,micro_roc_auc,0.01104588745712931
1,1948,micro_roc_auc,0.014262682660039827
1,1949,micro_roc_auc,0.010697214334918326
1,1950,micro_roc_auc,0.007570479384004014
1,1951,micro_roc_auc,0.019949901236141265
1,1952,micro_roc_auc,0.017131859559837093
1,1953,micro_roc_auc,0.018967985951641286
1,1954,micro_roc_auc,0.021441084439234315
1,1955,micro_roc_auc,0.014867090652607384
1,1956,micro_roc_auc,0.022572329613937625
1,1957,micro_roc_auc,0.02244936513895701
1,1958,micro_roc_auc,0.010305662248149328
1,1959,micro_roc_auc,0.015399521221532098
1,1960,micro_roc_auc,0.003968334113304994
1,1961,micro_roc_auc,-0.0015328260143500083
1,1962,micro_roc_auc,0.008803221988451293
1,1963,micro_roc_auc,0.01498499211097093
1,1964,micro_roc_auc,0.012638593946927679
1,1965,micro_roc_auc,0.015491803278688598
1,1966,micro_roc_auc,0.006343455042225554
1,1967,micro_roc_auc,0.02539077010052293
1,1968,micro_roc_auc,0.02327068912416752
1,1969,micro_roc_auc,0.010875933909285318
1,1970,micro_roc_auc,0.0011213300132137949
1,1971,micro_roc_auc,0.011294238507585819
1,1972,micro_roc_auc,0.01262916150351101
1,1973,micro_roc_auc,0.026691764249677785
1,1974,micro_roc_auc,0.02143118163947655
1,1975,micro_roc_auc,0.017776695909459517
1,1976,micro_roc_auc,0.011105770801155379
1,1977,micro_roc_auc,0.017592887111676614
1,1978,micro_roc_auc,0.01680513360800384
1,1979,micro_roc_auc,0.006712795101119884
1,1980,micro_roc_auc,0.00834048026159262
1,1981,micro_roc_auc,0.015820780040263993
1,1982,micro_roc_auc,0.005745018115941969
1,1983,micro_roc_auc,0.01614454476393845
1,1984,micro_roc_auc,0.0148824661477307
1,1985,micro_roc_auc,0.010321098045892985
1,1986,micro_roc_auc,0.018462416937862214
1,1987,micro_roc_auc,0.012432646932517333
1,1988,micro_roc_auc,0.021477529738782142
1,1989,micro_roc_auc,0.013786683074972883
1,1990,micro_roc_auc,0.010309975781028102
1,1991,micro_roc_auc,-0.011401569599339134
1,1992,micro_roc_auc,0.01931621941517747
1,1993,micro_roc_auc,0.0022060320393366695
1,1994,micro_roc_auc,0.015915716197272833
1,1995,micro_roc_auc,0.028352640209173496
1,1996,micro_roc_auc,0.004147015774922713
1,1997,micro_roc_auc,0.01919757902451702
1,1998,micro_roc_auc,0.026824813107508505
1,1999,micro_roc_auc,0.030069807151466454
1,0,macro_ap,0.0431405407082881
1,1,macro_ap,0.07399513279085773
1,2,macro_ap,0.02518502544052359
1,3,macro_ap,0.0987388338108478
1,4,macro_ap,0.0383310226880163
1,5,macro_ap,0.044085017908504553
1,6,macro_ap,0.07639554174670624
1,7,macro_ap,0.03616735243211122
1,8,macro_ap,0.12565013336281472
1,9,macro_ap,0.028260875579759925
1,10,macro_ap,0.08359271240709593
1,11,macro_ap,0.06275053604123493
1,12,macro_ap,0.031924920146973346
1,13,macro_ap,0.05265767418773443
1,14,macro_ap,0.06069354078325273
1,15,macro_ap,0.05353063710844108
1,16,macro_ap,0.046620231787164235
1,17,macro_ap,0.06435038392259962
1,18,macro_ap,0.04890977903991672
1,19,macro_ap,0.06753449664811656
1,20,macro_ap,0.0481195362223758
1,21,macro_ap,0.04718555871348201
1,22,macro_ap,0.06382800683742301
1,23,macro_ap,0.07919672564516944
1,24,macro_ap,0.06350179376793336
1,25,macro_ap,0.05492392984331712
1,26,macro_ap,0.023013220417188174
1,27,macro_ap,0.03172823754253695
1,28,macro_ap,0.015987010888009134
1,29,macro_ap,0.042638119239395755
1,30,macro_ap,0.06930399719548375
1,31,macro_ap,0.03090112283807328
1,32,macro_ap,0.0791430043112068
1,33,macro_ap,0.039506389010578624
1,34,macro_ap,0.09721037303206342
1,35,macro_ap,0.09026406234320666
1,36,macro_ap,0.10024657237889212
1,37,macro_ap,0.03839141759662046
1,38,macro_ap,0.03977043538559161
1,39,macro_ap,0.0031482801757564682
1,40,macro_ap,0.11324572246803011
1,41,macro_ap,0.06454876313794855
1,42,macro_ap,0.03711902887388696
1,43,macro_ap,0.04919772105814385
1,44,macro_ap,0.07469858102397126
1,45,macro_ap,0.0577091643567329
1,46,macro_ap,0.07384002180044902
1,47,macro_ap,0.017987786714288467
1,48,macro_ap,0.03560409141766946
1,49,macro_ap,0.05567499449823898
1,50,macro_ap,0.05011003321118079
1,51,macro_ap,0.04606637870528085
1,52,macro_ap,0.03445931666593477
1,53,macro_ap,0.04827236048371919
1,54,macro_ap,0.08424352855742273
1,55,macro_ap,0.0574834766320107
1,56,macro_ap,0.0855544216411307
1,57,macro_ap,0.10864531954251311
1,58,macro_ap,0.02955151474269979
1,59,macro_ap,0.0888590582705997
1,60,macro_ap,0.060152671238720534
1,61,macro_ap,0.08141706513341906
1,62,macro_ap,0.061261345926155064
1,63,macro_ap,0.07446831428509859
1,64,macro_ap,0.09707072296296551
1,65,macro_ap,0.031933491353745874
1,66,macro_ap,0.0008393866472242162
1,67,macro_ap,0.04642576455777053
1,68,macro_ap,0.00040675635796527665
1,69,macro_ap,0.0072446638467897895
1,70,macro_ap,0.01569986665225781
1,71,macro_ap,0.0790215009146214
1,72,macro_ap,0.04539194654952072
1,73,macro_ap,0.041183178478302274
1,74,macro_ap,0.0549307560180437
1,75,macro_ap,0.07310551789034886
1,76,macro_ap,0.05688774886896314
1,77,macro_ap,0.06246294462697094
1,78,macro_ap,0.04223429014564195
1,79,macro_ap,0.033274524303849695
1,80,macro_ap,0.06290595723754977
1,81,macro_ap,0.09827339377165517
1,82,macro_ap,0.02296770236194451
1,83,macro_ap,0.03137094864865564
1,84,macro_ap,0.06460179603319816
1,85,macro_ap,0.023180423379185522
1,86,macro_ap,0.02085587069596756
1,87,macro_ap,0.05558538676574054
1,88,macro_ap,0.04973993452078612
1,89,macro_ap,0.044229379560126625
1,90,macro_ap,0.04875132175450686
1,91,macro_ap,0.033823169818444576
1,92,macro_ap,0.06698045355081678
1,93,macro_ap,0.06903638370024506
1,94,macro_ap,0.04329219906190129
1,95,macro_ap,0.07381239466164363
1,96,macro_ap,0.08026672249111949
1,97,macro_ap,0.06716045872875204
1,98,macro_ap,0.027819709770755763
1,99,macro_ap,0.04023544230756254
1,100,macro_ap,0.030616519273137854
1,101,macro_ap,0.05221684221073858
1,102,macro_ap,0.07031085139757753
1,103,macro_ap,0.015408005423482085
1,104,macro_ap,0.06766831255674097
1,105,macro_ap,0.05435195050257802
1,106,macro_ap,0.060764498223211505
1,107,macro_ap,0.03801743313890321
1,108,macro_ap,0.09924207499080578
1,109,macro_ap,0.04330404778240077
1,110,macro_ap,0.05218481147449083
1,111,macro_ap,0.08850967289669309
1,112,macro_ap,0.035971884336996496
1,113,macro_ap,0.027740362864249135
1,114,macro_ap,0.043451696455417466
1,115,macro_ap,0.06206185455465035
1,116,macro_ap,0.03568693665130285
1,117,macro_ap,0.07236688528966428
1,118,macro_ap,0.07260025603960735
1,119,macro_ap,0.061563004084740025
1,120,macro_ap,0.05947395893644836
1,121,macro_ap,0.10793908930796897
1,122,macro_ap,0.0679893996465164
1,123,macro_ap,0.07627667663749871
1,124,macro_ap,0.04793404108550922
1,125,macro_ap,0.07033805389107478
1,126,macro_ap,0.03534294821871836
1,127,macro_ap,0.08777794481712559
1,128,macro_ap,0.10714532994182152
1,129,macro_ap,0.041606420551786816
1,130,macro_ap,0.034776785691255696
1,131,macro_ap,0.04683650625720498
1,132,macro_ap,0.09117503207826819
1,133,macro_ap,-0.0005504519372666328
1,134,macro_ap,0.011059577014101929
1,135,macro_ap,0.0525809772162803
1,136,macro_ap,0.05955101542477076
1,137,macro_ap,0.07337597673483665
1,138,macro_ap,0.045131370821515
1,139,macro_ap,0.12085268563219484
1,140,macro_ap,0.08116032999593953
1,141,macro_ap,-0.006528265355944474
1,142,macro_ap,0.05038843208995225
1,143,macro_ap,0.01054894551424701
1,144,macro_ap,0.07123532123312137
1,145,macro_ap,0.052187163943470005
1,146,macro_ap,0.0009694711063666928
1,147,macro_ap,0.02937132576198076
1,148,macro_ap,0.02031977327094492
1,149,macro_ap,0.06205288728188085
1,150,macro_ap,0.04414110657921033
1,151,macro_ap,0.048979197379332595
1,152,macro_ap,0.047296205795742174
1,153,macro_ap,0.01913085308572915
1,154,macro_ap,0.07339280760666728
1,155,macro_ap,0.011316753935457502
1,156,macro_ap,0.10995190310356051
1,157,macro_ap,0.0567894023863868
1,158,macro_ap,0.042622987122925504
1,159,macro_ap,0.05439655700434615
1,160,macro_ap,0.045324687502937444
1,161,macro_ap,0.06865033609359078
1,162,macro_ap,0.05725375977091823
1,163,macro_ap,0.056081781372241735
1,164,macro_ap,0.04328711013558362
1,165,macro_ap,0.05251786927511448
1,166,macro_ap,0.07261423227307184
1,167,macro_ap,0.022182532944400146
1,168,macro_ap,0.08496241221693929
1,169,macro_ap,0.057104174326824186
1,170,macro_ap,-0.003475884303811405
1,171,macro_ap,0.10427164077734752
1,172,macro_ap,0.040431104661905415
1,173,macro_ap,0.11128070077162944
1,174,macro_ap,0.03870054584285687
1,175,macro_ap,0.055213214987990145
1,176,macro_ap,0.0841986793250219
1,177,macro_ap,0.07754170233127528
1,178,macro_ap,0.07487694885597379
1,179,macro_ap,0.03885708713753025
1,180,macro_ap,0.0516953024692694
1,181,macro_ap,0.07458399102738084
1,182,macro_ap,0.05117601950858669
1,183,macro_ap,0.03293337373614996
1,184,macro_ap,0.03741915228041043
1,185,macro_ap,0.04922393104731915
1,186,macro_ap,0.02140173441372939
1,187,macro_ap,0.08038391168195158
1,188,macro_ap,0.0740274261790767
1,189,macro_ap,0.05129386156381477
1,190,macro_ap,0.04307353055683344
1,191,macro_ap,0.04122366504995084
1,192,macro_ap,0.04681952533831657
1,193,macro_ap,0.029526818019301238
1,194,macro_ap,0.06349747952591056
1,195,macro_ap,0.09345099876178226
1,196,macro_ap,0.05717255433277696
1,197,macro_ap,0.135233694238015
1,198,macro_ap,0.027969596886274928
1,199,macro_ap,0.052505544537813365
1,200,macro_ap,0.07321937266961251
1,201,macro_ap,0.08556129840376298
1,202,macro_ap,-0.0030590552390365455
1,203,macro_ap,0.039808377496264036
1,204,macro_ap,0.044790933889649276
1,205,macro_ap,0.04703036816046674
1,206,macro_ap,0.053757385515349254
1,207,macro_ap,0.048908037468241516
1,208,macro_ap,0.05796902409221838
1,209,macro_ap,0.05735528139532187
1,210,macro_ap,0.08891462686040796
1,211,macro_ap,0.07589259777785462
1,212,macro_ap,0.060439822336936844
1,213,macro_ap,0.029311858824688564
1,214,macro_ap,0.029183382911896816
1,215,macro_ap,0.0344605264047505
1,216,macro_ap,0.004831840573498947
1,217,macro_ap,0.03903041612461758
1,218,macro_ap,0.021838597852529174
1,219,macro_ap,0.09265060242679657
1,220,macro_ap,0.0662278318505033
1,221,macro_ap,0.06883722692197541
1,222,macro_ap,0.08593271868572971
1,223,macro_ap,0.05655515603834982
1,224,macro_ap,0.003784048592565703
1,225,macro_ap,0.03781195650191205
1,226,macro_ap,0.04396365313284656
1,227,macro_ap,0.08523872376723662
1,228,macro_ap,0.025674416503249975
1,229,macro_ap,0.036851019298820564
1,230,macro_ap,0.062090873050277884
1,231,macro_ap,0.07502437112675564
1,232,macro_ap,0.07395387582206919
1,233,macro_ap,0.05638693543040474
1,234,macro_ap,0.04355099758954717
1,235,macro_ap,0.0946208188230526
1,236,macro_ap,0.0762200296825386
1,237,macro_ap,0.09599981916879191
1,238,macro_ap,0.07284640737152587
1,239,macro_ap,0.09812358591623549
1,240,macro_ap,0.04831086758680553
1,241,macro_ap,0.0249349800893765
1,242,macro_ap,0.05346768726921469
1,243,macro_ap,0.01153106598042325
1,244,macro_ap,0.0700362936639588
1,245,macro_ap,0.03193173276297456
1,246,macro_ap,0.04204488805557122
1,247,macro_ap,0.043766507984081604
1,248,macro_ap,0.0333163560763679
1,249,macro_ap,0.07420551104192047
1,250,macro_ap,0.0554420285563732
1,251,macro_ap,0.03553374076220994
1,252,macro_ap,0.08376632534693473
1,253,macro_ap,0.052481526552070445
1,254,macro_ap,0.08683479920701759
1,255,macro_ap,0.04750761912466417
1,256,macro_ap,0.030365267433844545
1,257,macro_ap,0.06587099080979725
1,258,macro_ap,0.01956496605208019
1,259,macro_ap,0.043061912058564245
1,260,macro_ap,0.019203488169791505
1,261,macro_ap,0.026272451472863945
1,262,macro_ap,-0.0021917774542659363
1,263,macro_ap,0.028547179525619137
1,264,macro_ap,0.04933418935247608
1,265,macro_ap,0.05775342165078595
1,266,macro_ap,0.05169590928798001
1,267,macro_ap,0.02965432505013743
1,268,macro_ap,0.03917215369711541
1,269,macro_ap,0.0594508115106962
1,270,macro_ap,0.06033452946432852
1,271,macro_ap,0.05522782368990509
1,272,macro_ap,0.04330526269185203
1,273,macro_ap,0.03837785621138834
1,274,macro_ap,0.08360571194076144
1,275,macro_ap,0.05694637530780039
1,276,macro_ap,0.025030993991439487
1,277,macro_ap,0.04227007955041884
1,278,macro_ap,0.0865583212746873
1,279,macro_ap,0.06560185285366354
1,280,macro_ap,0.04075108971854152
1,281,macro_ap,0.09130470701044544
1,282,macro_ap,0.044444166281935704
1,283,macro_ap,0.02460054972836284
1,284,macro_ap,0.04186401194028044
1,285,macro_ap,0.030911945523086404
1,286,macro_ap,0.030630884148636572
1,287,macro_ap,0.0927517634575318
1,288,macro_ap,0.01839391363215892
1,289,macro_ap,0.05087169767045513
1,290,macro_ap,0.015911521489055447
1,291,macro_ap,0.010072529862015012
1,292,macro_ap,0.04447054903975772
1,293,macro_ap,0.005254027730924926
1,294,macro_ap,0.06433507912408942
1,295,macro_ap,-0.008900410642687873
1,296,macro_ap,0.08504570695277897
1,297,macro_ap,0.051178568489629095
1,298,macro_ap,0.0025034274197087147
1,299,macro_ap,0.02605968028174077
1,300,macro_ap,0.1078318411215291
1,301,macro_ap,0.07427755756941956
1,302,macro_ap,0.05371032180846241
1,303,macro_ap,0.018332713098300257
1,304,macro_ap,0.04274910414061611
1,305,macro_ap,0.04548278887936669
1,306,macro_ap,0.07630819544424286
1,307,macro_ap,0.028590988953315077
1,308,macro_ap,0.023513261329687563
1,309,macro_ap,0.07466801320198901
1,310,macro_ap,0.06350438470515962
1,311,macro_ap,0.038212373059003824
1,312,macro_ap,0.03789757873027888
1,313,macro_ap,0.06558648581351417
1,314,macro_ap,0.00511287867398208
1,315,macro_ap,0.08637890423534961
1,316,macro_ap,0.06461300565619998
1,317,macro_ap,0.066024455681578
1,318,macro_ap,0.07667284951195039
1,319,macro_ap,0.046702584204547426
1,320,macro_ap,0.05671555579397869
1,321,macro_ap,0.07166813932184721
1,322,macro_ap,0.06332273630963908
1,323,macro_ap,0.07341631072165705
1,324,macro_ap,0.08539510579741494
1,325,macro_ap,0.059321537072253794
1,326,macro_ap,0.09571700590089541
1,327,macro_ap,0.01951872599538962
1,328,macro_ap,0.049559174205968615
1,329,macro_ap,0.06679463241237685
1,330,macro_ap,0.05527104939673805
1,331,macro_ap,0.03731262867105978
1,332,macro_ap,0.0379952512826951
1,333,macro_ap,0.01871620894927445
1,334,macro_ap,0.05695266284121342
1,335,macro_ap,0.08292972559304235
1,336,macro_ap,0.10152277468663962
1,337,macro_ap,0.07616608564847827
1,338,macro_ap,0.036371760769869144
1,339,macro_ap,0.03131038410139436
1,340,macro_ap,0.048637567964678496
1,341,macro_ap,0.02335387236598563
1,342,macro_ap,0.05726098765982296
1,343,macro_ap,0.0268426271814195
1,344,macro_ap,0.061976016441596116
1,345,macro_ap,0.0679027853120287
1,346,macro_ap,0.03354512692981082
1,347,macro_ap,0.05250642466698685
1,348,macro_ap,0.04846944828334171
1,349,macro_ap,0.04146802627292198
1,350,macro_ap,0.026404088061343478
1,351,macro_ap,0.06478547951525829
1,352,macro_ap,0.07801807946288819
1,353,macro_ap,0.03376159907352183
1,354,macro_ap,0.0306357717569809
1,355,macro_ap,0.015100503596899018
1,356,macro_ap,0.04257390991900206
1,357,macro_ap,0.07043559335402433
1,358,macro_ap,0.011674723842371004
1,359,macro_ap,0.06784050328061772
1,360,macro_ap,0.0699292641922582
1,361,macro_ap,0.047455857088403997
1,362,macro_ap,0.08151515342892257
1,363,macro_ap,0.05028514716440108
1,364,macro_ap,0.055272018282488955
1,365,macro_ap,0.10120452813389202
1,366,macro_ap,0.027807277285333942
1,367,macro_ap,0.03174594440526368
1,368,macro_ap,0.053346415677427206
1,369,macro_ap,0.02833169658437662
1,370,macro_ap,0.03579535244343174
1,371,macro_ap,0.0618748399894431
1,372,macro_ap,0.05030015797247486
1,373,macro_ap,0.09646106314209171
1,374,macro_ap,0.096263399824213
1,375,macro_ap,0.039306455317345945
1,376,macro_ap,0.04054882374420227
1,377,macro_ap,0.07768831543221866
1,378,macro_ap,0.08049504368301957
1,379,macro_ap,-0.002096747089607831
1,380,macro_ap,0.0984259505384949
1,381,macro_ap,0.020489662420563215
1,382,macro_ap,0.02580204276841158
1,383,macro_ap,0.09017342393042693
1,384,macro_ap,0.1049363253920873
1,385,macro_ap,0.08095618004160704
1,386,macro_ap,0.062404509871982095
1,387,macro_ap,0.019673293368303424
1,388,macro_ap,0.07264305334777071
1,389,macro_ap,0.03355295606258124
1,390,macro_ap,0.03368135833062291
1,391,macro_ap,0.05457858239738833
1,392,macro_ap,0.07216914204187602
1,393,macro_ap,0.05975872643046787
1,394,macro_ap,0.03195995751750563
1,395,macro_ap,0.041535957551128544
1,396,macro_ap,0.039957170377085904
1,397,macro_ap,0.08633635786432386
1,398,macro_ap,0.07190042222309734
1,399,macro_ap,0.10648351634230435
1,400,macro_ap,0.07020957227116689
1,401,macro_ap,0.03523173571805016
1,402,macro_ap,0.06015231944884192
1,403,macro_ap,0.0697063721357421
1,404,macro_ap,0.02737230005701341
1,405,macro_ap,0.08921009033240984
1,406,macro_ap,0.04085367005820184
1,407,macro_ap,0.05182596945064427
1,408,macro_ap,0.0526471826422209
1,409,macro_ap,0.03262642997416365
1,410,macro_ap,0.059414943497314465
1,411,macro_ap,0.05512056786092939
1,412,macro_ap,0.043866331955980165
1,413,macro_ap,0.0533992212638032
1,414,macro_ap,0.06479785060204599
1,415,macro_ap,0.060983071596465876
1,416,macro_ap,0.05544044612979854
1,417,macro_ap,0.08944512910691094
1,418,macro_ap,0.045703265247760694
1,419,macro_ap,0.06029349098442682
1,420,macro_ap,0.06746858084403001
1,421,macro_ap,0.03930479965819367
1,422,macro_ap,0.00028126089246727215
1,423,macro_ap,0.09243661560042571
1,424,macro_ap,0.06194022070604471
1,425,macro_ap,0.06101387656852847
1,426,macro_ap,0.045478166479130444
1,427,macro_ap,0.07343587431363047
1,428,macro_ap,0.06188808908080404
1,429,macro_ap,0.053428999143594946
1,430,macro_ap,0.030052856057789734
1,431,macro_ap,0.038297587391887045
1,432,macro_ap,0.058111046295893365
1,433,macro_ap,0.040789303721113834
1,434,macro_ap,0.06063229490951744
1,435,macro_ap,0.048563731771341545
1,436,macro_ap,0.018956396487790794
1,437,macro_ap,0.043549178804455524
1,438,macro_ap,0.03162825178687356
1,439,macro_ap,0.04288612596409269
1,440,macro_ap,0.01972766170437823
1,441,macro_ap,0.04338268414963925
1,442,macro_ap,0.014055479917906177
1,443,macro_ap,0.07469261633117208
1,444,macro_ap,0.056711977319824636
1,445,macro_ap,0.08132559018940094
1,446,macro_ap,0.06738841217918351
1,447,macro_ap,0.05095511318944396
1,448,macro_ap,0.04244785645458676
1,449,macro_ap,0.07259731315731849
1,450,macro_ap,0.028183790850249857
1,451,macro_ap,0.05728683173565863
1,452,macro_ap,0.07015568837860181
1,453,macro_ap,0.0984524679959321
1,454,macro_ap,0.03431653135019935
1,455,macro_ap,0.0122972720942926
1,456,macro_ap,0.024426934375943343
1,457,macro_ap,0.028460866139334018
1,458,macro_ap,0.07336008032304953
1,459,macro_ap,0.03694209570897472
1,460,macro_ap,0.1194073052746843
1,461,macro_ap,0.04931279262707666
1,462,macro_ap,0.05983115173106274
1,463,macro_ap,0.011076625417669739
1,464,macro_ap,0.03532717014353437
1,465,macro_ap,0.08354158319558053
1,466,macro_ap,0.08828969842250056
1,467,macro_ap,0.08607239208520934
1,468,macro_ap,0.03429303094314806
1,469,macro_ap,0.055440864403878465
1,470,macro_ap,0.04162897056001302
1,471,macro_ap,0.024426440969152197
1,472,macro_ap,0.002691498376710233
1,473,macro_ap,0.049797761300394594
1,474,macro_ap,0.08325248589900647
1,475,macro_ap,0.09079339730457431
1,476,macro_ap,0.036993673959146045
1,477,macro_ap,0.057171504487192715
1,478,macro_ap,0.03569248051918428
1,479,macro_ap,0.045313037540747725
1,480,macro_ap,-0.015153952453418718
1,481,macro_ap,0.014136253697722811
1,482,macro_ap,0.03988853304912615
1,483,macro_ap,0.009089679750276414
1,484,macro_ap,0.05890982966147168
1,485,macro_ap,0.026246305337942588
1,486,macro_ap,0.00038811149738660067
1,487,macro_ap,0.02994235489103325
1,488,macro_ap,0.03768017117847433
1,489,macro_ap,0.00967602069749357
1,490,macro_ap,0.07013021467259456
1,491,macro_ap,0.04358532010180502
1,492,macro_ap,0.032535541887186714
1,493,macro_ap,0.02786692785182926
1,494,macro_ap,0.047123778808710715
1,495,macro_ap,0.10370577224010752
1,496,macro_ap,0.05913642163044214
1,497,macro_ap,0.07793636344310417
1,498,macro_ap,0.05104991366608558
1,499,macro_ap,0.028093475336008977
1,500,macro_ap,0.09649800636312977
1,501,macro_ap,0.0069021300548389175
1,502,macro_ap,0.047265174584324166
1,503,macro_ap,0.006964681472197587
1,504,macro_ap,0.05673703402328034
1,505,macro_ap,0.06132778975495712
1,506,macro_ap,0.07188722597480979
1,507,macro_ap,0.03877606325154326
1,508,macro_ap,0.07317487381016557
1,509,macro_ap,0.027005602644337712
1,510,macro_ap,0.03017899948537256
1,511,macro_ap,0.05943709366774108
1,512,macro_ap,0.04458789508182587
1,513,macro_ap,0.04604018141756877
1,514,macro_ap,0.04625436326940974
1,515,macro_ap,0.07611286006550916
1,516,macro_ap,0.05327177797194638
1,517,macro_ap,0.024611140997798597
1,518,macro_ap,0.03720251119282286
1,519,macro_ap,0.042656928750445466
1,520,macro_ap,0.02790835452346324
1,521,macro_ap,0.06020493444899766
1,522,macro_ap,0.019592759588994535
1,523,macro_ap,0.0360616965866265
1,524,macro_ap,0.040119809574575394
1,525,macro_ap,0.02459302850997161
1,526,macro_ap,0.049183623880621696
1,527,macro_ap,0.07941961840844902
1,528,macro_ap,0.10509447260842403
1,529,macro_ap,0.054686047914362546
1,530,macro_ap,0.024432386216704932
1,531,macro_ap,0.04712363063112751
1,532,macro_ap,0.0365678993118993
1,533,macro_ap,0.07272803527216531
1,534,macro_ap,0.07711961544784196
1,535,macro_ap,0.02840296880873222
1,536,macro_ap,0.06099657715851936
1,537,macro_ap,0.04508768072322511
1,538,macro_ap,0.035991143343444
1,539,macro_ap,0.09681330482944578
1,540,macro_ap,0.05973932086928485
1,541,macro_ap,0.09582314106748191
1,542,macro_ap,0.06811814846414924
1,543,macro_ap,0.10419400040687371
1,544,macro_ap,0.017918915661519985
1,545,macro_ap,0.042392351622715596
1,546,macro_ap,0.03618283329889185
1,547,macro_ap,0.02218138198039532
1,548,macro_ap,0.058567155040277596
1,549,macro_ap,0.020957467506453165
1,550,macro_ap,0.0753929847971751
1,551,macro_ap,0.05050485409976738
1,552,macro_ap,0.05923698155231433
1,553,macro_ap,0.03888990437390799
1,554,macro_ap,0.05262027339592068
1,555,macro_ap,0.046496900411509445
1,556,macro_ap,0.07491724453419593
1,557,macro_ap,0.047071421595345775
1,558,macro_ap,0.048470957535555304
1,559,macro_ap,0.07129506436752103
1,560,macro_ap,0.07719934909680298
1,561,macro_ap,0.04107991313673115
1,562,macro_ap,0.031447741209838787
1,563,macro_ap,0.06758804407689312
1,564,macro_ap,0.032833305406785
1,565,macro_ap,0.09210293784091589
1,566,macro_ap,0.06395515521363615
1,567,macro_ap,0.06796508520404676
1,568,macro_ap,0.03857045310138074
1,569,macro_ap,0.07654484492484465
1,570,macro_ap,0.023325918175341187
1,571,macro_ap,0.12333093161839043
1,572,macro_ap,0.09801795789307316
1,573,macro_ap,0.030741278373381475
1,574,macro_ap,0.07103704081611739
1,575,macro_ap,0.03085682835533382
1,576,macro_ap,0.03506386097385544
1,577,macro_ap,0.06281479916891425
1,578,macro_ap,0.00730299565182263
1,579,macro_ap,0.08706626009950375
1,580,macro_ap,0.025550886388234162
1,581,macro_ap,-0.00550538188368993
1,582,macro_ap,0.04433226133829338
1,583,macro_ap,0.026677703858540902
1,584,macro_ap,0.06814696102598922
1,585,macro_ap,0.03271164789327491
1,586,macro_ap,0.05855339079301519
1,587,macro_ap,0.04888691361847092
1,588,macro_ap,0.036649428228886394
1,589,macro_ap,0.02817164586395926
1,590,macro_ap,0.10332674007761738
1,591,macro_ap,0.03493747896785504
1,592,macro_ap,0.054402085140350914
1,593,macro_ap,0.0740116985942923
1,594,macro_ap,0.06043251676546563
1,595,macro_ap,0.05743455425341937
1,596,macro_ap,0.05301205609030768
1,597,macro_ap,0.07531925313790971
1,598,macro_ap,0.0537730783740728
1,599,macro_ap,0.08477891453116465
1,600,macro_ap,0.03389853458863051
1,601,macro_ap,0.02668271090086327
1,602,macro_ap,0.03772684881987237
1,603,macro_ap,0.04280902408435261
1,604,macro_ap,0.024809287066016095
1,605,macro_ap,0.08536126256778717
1,606,macro_ap,0.06177067177382761
1,607,macro_ap,0.019247810532114662
1,608,macro_ap,0.11980982600733303
1,609,macro_ap,0.03844485133755107
1,610,macro_ap,0.04237991304315675
1,611,macro_ap,0.053173457074315145
1,612,macro_ap,0.024749228986889638
1,613,macro_ap,0.05527932833928667
1,614,macro_ap,0.02947395849152684
1,615,macro_ap,0.021791560212369082
1,616,macro_ap,0.03505154828709567
1,617,macro_ap,0.02508694475898854
1,618,macro_ap,0.0755860103349153
1,619,macro_ap,0.020555954068419702
1,620,macro_ap,0.03468261141075263
1,621,macro_ap,0.009493191882539276
1,622,macro_ap,0.022695111477726848
1,623,macro_ap,0.10387252604962538
1,624,macro_ap,0.051757815725525236
1,625,macro_ap,0.021902285530507548
1,626,macro_ap,0.011295470872540181
1,627,macro_ap,0.05955391764620682
1,628,macro_ap,0.0527728186906945
1,629,macro_ap,0.06559202285484034
1,630,macro_ap,0.057948309695888545
1,631,macro_ap,0.06865072163768621
1,632,macro_ap,0.04799689427040155
1,633,macro_ap,0.004401695530567296
1,634,macro_ap,-0.0008741845342064569
1,635,macro_ap,0.05978450039170302
1,636,macro_ap,-0.011718227653651825
1,637,macro_ap,0.07734070177914015
1,638,macro_ap,0.026115494508777592
1,639,macro_ap,0.06410644772772167
1,640,macro_ap,0.027477768850548034
1,641,macro_ap,0.021702772429335715
1,642,macro_ap,0.04053774465672738
1,643,macro_ap,0.03214133148859538
1,644,macro_ap,0.040342750829369334
1,645,macro_ap,0.06393617801276819
1,646,macro_ap,0.09238320547035606
1,647,macro_ap,0.022593571002120616
1,648,macro_ap,0.06750140638727381
1,649,macro_ap,0.024159496850787887
1,650,macro_ap,0.08319352436313532
1,651,macro_ap,0.04201874618432222
1,652,macro_ap,0.03957594974101092
1,653,macro_ap,0.06817107648796647
1,654,macro_ap,0.09496501797801282
1,655,macro_ap,0.015079645788745988
1,656,macro_ap,0.018160508038253087
1,657,macro_ap,0.044729029589524294
1,658,macro_ap,0.08738613579408883
1,659,macro_ap,0.055175647820883106
1,660,macro_ap,0.06937168805940669
1,661,macro_ap,0.0754912124062247
1,662,macro_ap,0.06619497168308486
1,663,macro_ap,0.023429694663272438
1,664,macro_ap,0.061578202298538054
1,665,macro_ap,0.025709352733890745
1,666,macro_ap,0.07338110171142748
1,667,macro_ap,0.06782365569346183
1,668,macro_ap,0.0749440186954306
1,669,macro_ap,0.03534944954055408
1,670,macro_ap,0.06648570206406995
1,671,macro_ap,0.04004083488628796
1,672,macro_ap,0.016551773459695163
1,673,macro_ap,0.08982765378181495
1,674,macro_ap,0.011682294880809574
1,675,macro_ap,0.09009737173170151
1,676,macro_ap,0.03960225152060809
1,677,macro_ap,0.018389531408595228
1,678,macro_ap,0.03059427498541939
1,679,macro_ap,0.02692024316848718
1,680,macro_ap,-0.00140540884403062
1,681,macro_ap,0.06323929091633224
1,682,macro_ap,0.06527895704757603
1,683,macro_ap,0.03553008889042142
1,684,macro_ap,0.07126920544704918
1,685,macro_ap,0.04632555825099732
1,686,macro_ap,0.018575944624471208
1,687,macro_ap,0.0829412483309317
1,688,macro_ap,0.09662025013116954
1,689,macro_ap,0.031118513497852385
1,690,macro_ap,0.047534720196428515
1,691,macro_ap,0.023276776998985893
1,692,macro_ap,0.041643080430413815
1,693,macro_ap,0.08112655049915185
1,694,macro_ap,0.08458649884523353
1,695,macro_ap,0.08928420913005669
1,696,macro_ap,0.029907827040146884
1,697,macro_ap,0.0807280769360304
1,698,macro_ap,0.06119510044352683
1,699,macro_ap,0.05222735073777296
1,700,macro_ap,0.1024929309663328
1,701,macro_ap,0.05633901691082316
1,702,macro_ap,0.02989005345891524
1,703,macro_ap,0.0341776689126157
1,704,macro_ap,0.05049603824895876
1,705,macro_ap,0.0530154548007683
1,706,macro_ap,0.006434988377721607
1,707,macro_ap,0.077120211821533
1,708,macro_ap,0.047998791982192146
1,709,macro_ap,0.10658566487670812
1,710,macro_ap,0.05747585634918995
1,711,macro_ap,0.061239581569466905
1,712,macro_ap,0.07750667582872839
1,713,macro_ap,0.07645462358540356
1,714,macro_ap,0.007073800589057488
1,715,macro_ap,0.054329329753395605
1,716,macro_ap,0.0040635934878048285
1,717,macro_ap,0.03852773526615555
1,718,macro_ap,0.04266570218793275
1,719,macro_ap,0.04966356103716468
1,720,macro_ap,0.06443012504568951
1,721,macro_ap,0.030547307584329664
1,722,macro_ap,0.09016693587449554
1,723,macro_ap,0.046045845473987546
1,724,macro_ap,0.06577805116292096
1,725,macro_ap,0.08417375087882667
1,726,macro_ap,0.04729349828799284
1,727,macro_ap,0.055516938424685636
1,728,macro_ap,0.06597060675447813
1,729,macro_ap,0.01586491919946803
1,730,macro_ap,0.026692221900578045
1,731,macro_ap,0.06552192221411557
1,732,macro_ap,0.016164031810477875
1,733,macro_ap,0.05010812960936478
1,734,macro_ap,0.04797416924040965
1,735,macro_ap,0.08718641846416664
1,736,macro_ap,0.10619584374592228
1,737,macro_ap,0.049603648409366874
1,738,macro_ap,0.057212483237662426
1,739,macro_ap,0.04087123441534657
1,740,macro_ap,0.08386624358764366
1,741,macro_ap,0.09671313468332277
1,742,macro_ap,0.10378082039355718
1,743,macro_ap,0.06654401234261709
1,744,macro_ap,0.041214219875903624
1,745,macro_ap,0.01690858492041636
1,746,macro_ap,0.02014994724085356
1,747,macro_ap,0.04149595495110486
1,748,macro_ap,0.042194951545431236
1,749,macro_ap,0.061227091827568414
1,750,macro_ap,0.03557773388203522
1,751,macro_ap,0.025003886057050062
1,752,macro_ap,0.0595722531613071
1,753,macro_ap,0.046412493618703365
1,754,macro_ap,0.06108380298021737
1,755,macro_ap,0.06394708235907429
1,756,macro_ap,0.059987028114844076
1,757,macro_ap,0.07404492452940648
1,758,macro_ap,0.0754846196881547
1,759,macro_ap,0.020456993140026192
1,760,macro_ap,0.02362122112325965
1,761,macro_ap,0.006946736690870481
1,762,macro_ap,0.025282103514555343
1,763,macro_ap,0.039196705505453955
1,764,macro_ap,0.05836885035855427
1,765,macro_ap,0.073606298813583
1,766,macro_ap,0.056124400133972796
1,767,macro_ap,-0.0049027790266936155
1,768,macro_ap,0.06387973847717099
1,769,macro_ap,0.09487558944118685
1,770,macro_ap,0.056140266131077365
1,771,macro_ap,0.004717419859096628
1,772,macro_ap,0.038965509215117766
1,773,macro_ap,0.07751736279171734
1,774,macro_ap,0.04993947716109659
1,775,macro_ap,0.055777314675768436
1,776,macro_ap,0.023987841031526402
1,777,macro_ap,0.05208483494809063
1,778,macro_ap,0.04346380005797085
1,779,macro_ap,0.06503732571348336
1,780,macro_ap,0.06318127867219586
1,781,macro_ap,0.08722356177681456
1,782,macro_ap,-0.010206254114864532
1,783,macro_ap,0.03496185595471363
1,784,macro_ap,0.06581427440688098
1,785,macro_ap,0.07790929590211892
1,786,macro_ap,0.07716345280672976
1,787,macro_ap,0.023005509597227747
1,788,macro_ap,0.031835719200376034
1,789,macro_ap,0.08535908333057679
1,790,macro_ap,0.01840939837366773
1,791,macro_ap,0.010825414690583457
1,792,macro_ap,0.04027081700322793
1,793,macro_ap,0.05986790864881769
1,794,macro_ap,0.06102190333102492
1,795,macro_ap,0.05931534708606506
1,796,macro_ap,0.04194050680376199
1,797,macro_ap,0.0827403375388101
1,798,macro_ap,0.01662532253652832
1,799,macro_ap,0.060476509066179795
1,800,macro_ap,0.02573473028339973
1,801,macro_ap,0.0652964988281185
1,802,macro_ap,0.01726612310078779
1,803,macro_ap,0.06775488486059666
1,804,macro_ap,0.026563978231274377
1,805,macro_ap,0.07667389159282739
1,806,macro_ap,0.03579025104081435
1,807,macro_ap,0.05568505692396325
1,808,macro_ap,0.04674987301342587
1,809,macro_ap,0.06587967227612956
1,810,macro_ap,0.025548268748878056
1,811,macro_ap,0.042043261021699974
1,812,macro_ap,0.06961161968691393
1,813,macro_ap,0.020996733045179683
1,814,macro_ap,0.01472575885027122
1,815,macro_ap,0.03658586339913705
1,816,macro_ap,0.0598793496327476
1,817,macro_ap,0.07689592712776722
1,818,macro_ap,0.02350991592986662
1,819,macro_ap,0.0832613306585403
1,820,macro_ap,0.04966107916999618
1,821,macro_ap,0.01986611631387475
1,822,macro_ap,0.019647367991741133
1,823,macro_ap,0.040219397253638434
1,824,macro_ap,0.017646835829174756
1,825,macro_ap,0.025049552316701973
1,826,macro_ap,0.06143794665907709
1,827,macro_ap,0.04998942180528115
1,828,macro_ap,0.05726442923405284
1,829,macro_ap,0.03867125279136879
1,830,macro_ap,0.03759803014711577
1,831,macro_ap,0.03320081132195951
1,832,macro_ap,0.057210686502464275
1,833,macro_ap,0.08539287689197972
1,834,macro_ap,0.06643083160223612
1,835,macro_ap,0.04091885765319009
1,836,macro_ap,0.004627824694992344
1,837,macro_ap,0.02189517706352273
1,838,macro_ap,0.07690215167778075
1,839,macro_ap,0.04499195922064217
1,840,macro_ap,0.044333149061413
1,841,macro_ap,0.061977067005566544
1,842,macro_ap,0.03420614969698649
1,843,macro_ap,0.06269909409813118
1,844,macro_ap,0.08632688480488099
1,845,macro_ap,0.051503079219596626
1,846,macro_ap,0.058448659295212535
1,847,macro_ap,0.039299760813550744
1,848,macro_ap,0.07590356061053749
1,849,macro_ap,0.13170519568373296
1,850,macro_ap,0.054077698596031176
1,851,macro_ap,0.06337828314114957
1,852,macro_ap,0.06421434864436065
1,853,macro_ap,0.05306997620119064
1,854,macro_ap,0.11263244655270249
1,855,macro_ap,0.024904875441747243
1,856,macro_ap,0.01804468709456336
1,857,macro_ap,0.06514081418115175
1,858,macro_ap,0.040810900426531654
1,859,macro_ap,0.06280299635568226
1,860,macro_ap,0.044674639148617246
1,861,macro_ap,0.048598410297685024
1,862,macro_ap,0.019841291916289916
1,863,macro_ap,0.08010319152055664
1,864,macro_ap,0.06524869940369182
1,865,macro_ap,0.06518562730578842
1,866,macro_ap,0.05645791694698565
1,867,macro_ap,0.02972070326224846
1,868,macro_ap,0.03532990792395274
1,869,macro_ap,0.03866956390833426
1,870,macro_ap,0.06582434309452234
1,871,macro_ap,0.08408637360649651
1,872,macro_ap,0.0782977214554979
1,873,macro_ap,0.06000771946388428
1,874,macro_ap,0.08067513026189332
1,875,macro_ap,0.03559881836424006
1,876,macro_ap,0.09562364360502862
1,877,macro_ap,0.05642029620660649
1,878,macro_ap,0.07166089045688914
1,879,macro_ap,0.047404244900970255
1,880,macro_ap,0.0285959745776308
1,881,macro_ap,0.07321803028237905
1,882,macro_ap,0.0038190980917175432
1,883,macro_ap,0.05909211500600342
1,884,macro_ap,0.06855604492958764
1,885,macro_ap,0.037493870801021845
1,886,macro_ap,0.0616239646240031
1,887,macro_ap,0.04796472326307538
1,888,macro_ap,0.032403340637294886
1,889,macro_ap,0.07114433154491467
1,890,macro_ap,0.08171110403157744
1,891,macro_ap,0.04961969587520493
1,892,macro_ap,0.05391197684879945
1,893,macro_ap,0.04383164935671863
1,894,macro_ap,0.08195290830120316
1,895,macro_ap,0.057772587493929384
1,896,macro_ap,-0.005451414798615717
1,897,macro_ap,0.04315793450795585
1,898,macro_ap,0.10833199243316116
1,899,macro_ap,0.06129901319939879
1,900,macro_ap,0.044128046083989236
1,901,macro_ap,0.0628891264711901
1,902,macro_ap,0.06737529080272325
1,903,macro_ap,0.09734270906570325
1,904,macro_ap,0.025894738479225188
1,905,macro_ap,0.054105245289329085
1,906,macro_ap,0.03754265426029374
1,907,macro_ap,0.06332106930896875
1,908,macro_ap,0.026233543699983708
1,909,macro_ap,0.019567604244820347
1,910,macro_ap,0.04974372745299799
1,911,macro_ap,0.0359258828248783
1,912,macro_ap,0.02796025966092658
1,913,macro_ap,0.05863364463255116
1,914,macro_ap,0.01313650694660018
1,915,macro_ap,0.06375848796025424
1,916,macro_ap,0.058730161361764455
1,917,macro_ap,0.06259395302555265
1,918,macro_ap,0.07407736133588866
1,919,macro_ap,0.07548964642890399
1,920,macro_ap,0.07303497373121354
1,921,macro_ap,0.07101061301376782
1,922,macro_ap,0.05013868607638733
1,923,macro_ap,0.10541152104737994
1,924,macro_ap,0.06444111814029563
1,925,macro_ap,0.05115821201725085
1,926,macro_ap,0.06631301329637801
1,927,macro_ap,0.020653437519077278
1,928,macro_ap,0.09140413032850708
1,929,macro_ap,0.0546976621937971
1,930,macro_ap,0.06821552145801801
1,931,macro_ap,0.1328412709993118
1,932,macro_ap,0.046627424291388275
1,933,macro_ap,0.044450392529153365
1,934,macro_ap,-0.003246113868795142
1,935,macro_ap,0.09699660369496288
1,936,macro_ap,0.08787765408793052
1,937,macro_ap,0.027899090543899607
1,938,macro_ap,0.03262641341391853
1,939,macro_ap,0.03608424331245941
1,940,macro_ap,0.017548306098302546
1,941,macro_ap,0.05066298019000012
1,942,macro_ap,0.03434301971380205
1,943,macro_ap,0.04083140861312612
1,944,macro_ap,0.07773945600867058
1,945,macro_ap,0.09488976648600417
1,946,macro_ap,0.056069512387714626
1,947,macro_ap,0.08461006989592218
1,948,macro_ap,0.01830512803265233
1,949,macro_ap,0.0167052795789151
1,950,macro_ap,0.07648239328741485
1,951,macro_ap,0.04247486120001687
1,952,macro_ap,0.010519052619881897
1,953,macro_ap,-0.006884719364235292
1,954,macro_ap,0.05297551455563071
1,955,macro_ap,0.03405475680747255
1,956,macro_ap,0.04330312690870919
1,957,macro_ap,0.043902291378333236
1,958,macro_ap,0.03955144772111163
1,959,macro_ap,0.019177261664434564
1,960,macro_ap,0.06733519602751181
1,961,macro_ap,0.02168851952518286
1,962,macro_ap,0.01649100878834997
1,963,macro_ap,0.055510621669777216
1,964,macro_ap,0.04240011220878326
1,965,macro_ap,0.07604660023525439
1,966,macro_ap,0.03936135332776186
1,967,macro_ap,0.053258416776305995
1,968,macro_ap,0.040995632340187715
1,969,macro_ap,0.08081318934916104
1,970,macro_ap,0.07406652419387033
1,971,macro_ap,0.0951131962298033
1,972,macro_ap,0.06124129372490253
1,973,macro_ap,0.0570047247670038
1,974,macro_ap,0.05257464972974796
1,975,macro_ap,0.07724560016920684
1,976,macro_ap,0.06037364092797037
1,977,macro_ap,0.09792447832581563
1,978,macro_ap,0.057400630617496784
1,979,macro_ap,0.07809965955689718
1,980,macro_ap,0.07698693422963235
1,981,macro_ap,0.08668577283210818
1,982,macro_ap,0.06644127844917963
1,983,macro_ap,0.08139955130886772
1,984,macro_ap,0.05169412783933661
1,985,macro_ap,0.03141753688600435
1,986,macro_ap,0.018062870358114158
1,987,macro_ap,0.07819579052604372
1,988,macro_ap,0.10428048885333463
1,989,macro_ap,0.03570011628971448
1,990,macro_ap,0.030359229605136318
1,991,macro_ap,0.07196306942783082
1,992,macro_ap,2.3366838526883704e-05
1,993,macro_ap,0.02408156445653975
1,994,macro_ap,0.046593431187034906
1,995,macro_ap,0.07355752640462587
1,996,macro_ap,0.045246762992162404
1,997,macro_ap,0.041940051906929066
1,998,macro_ap,0.04497007248959861
1,999,macro_ap,0.0690172785011845
1,1000,macro_ap,0.046020369535118844
1,1001,macro_ap,0.054107054073771255
1,1002,macro_ap,0.0641075303745739
1,1003,macro_ap,0.062177157098206925
1,1004,macro_ap,0.061690196632173955
1,1005,macro_ap,0.08815328974152814
1,1006,macro_ap,0.031962263041784345
1,1007,macro_ap,0.10178823105524282
1,1008,macro_ap,0.06685773060965608
1,1009,macro_ap,0.015021170784549398
1,1010,macro_ap,0.030680445623246344
1,1011,macro_ap,0.08708751166791254
1,1012,macro_ap,0.06028315573278609
1,1013,macro_ap,0.035265180415977815
1,1014,macro_ap,0.013044422697849445
1,1015,macro_ap,0.06764580064021458
1,1016,macro_ap,0.04501147662190552
1,1017,macro_ap,0.048043514238235885
1,1018,macro_ap,0.05135118592085022
1,1019,macro_ap,0.047837661658308606
1,1020,macro_ap,0.04889428205954635
1,1021,macro_ap,0.058865031337580975
1,1022,macro_ap,0.0666060252931086
1,1023,macro_ap,0.03602961282021083
1,1024,macro_ap,0.0184216603148038
1,1025,macro_ap,0.05236435758692773
1,1026,macro_ap,0.028011784759518155
1,1027,macro_ap,0.03392199776169963
1,1028,macro_ap,0.10557823738498051
1,1029,macro_ap,0.017727179312899077
1,1030,macro_ap,0.07306189194498408
1,1031,macro_ap,0.08044534922609159
1,1032,macro_ap,0.028024049355687808
1,1033,macro_ap,0.031165312062694378
1,1034,macro_ap,0.022428352212932545
1,1035,macro_ap,0.008440095500306055
1,1036,macro_ap,0.05125821738161307
1,1037,macro_ap,0.04977910995985746
1,1038,macro_ap,0.014150495249184991
1,1039,macro_ap,0.07570467626854277
1,1040,macro_ap,0.04026420624329036
1,1041,macro_ap,0.0588509183940627
1,1042,macro_ap,0.03273667957744003
1,1043,macro_ap,0.027597520267338027
1,1044,macro_ap,0.06555645006838223
1,1045,macro_ap,0.021697440179843597
1,1046,macro_ap,0.04220914911687451
1,1047,macro_ap,0.03779076521687569
1,1048,macro_ap,0.06129129897467672
1,1049,macro_ap,0.021171437873063248
1,1050,macro_ap,0.02790324745062117
1,1051,macro_ap,0.044669254997460606
1,1052,macro_ap,0.05502634054907024
1,1053,macro_ap,0.02954980801836643
1,1054,macro_ap,0.013083055021891693
1,1055,macro_ap,0.043562432585895206
1,1056,macro_ap,0.05040805800795645
1,1057,macro_ap,0.06040115769721793
1,1058,macro_ap,0.06644535739369767
1,1059,macro_ap,0.028420068992017267
1,1060,macro_ap,0.0257332844822043
1,1061,macro_ap,0.04115546765210498
1,1062,macro_ap,0.04416900509374738
1,1063,macro_ap,0.07479920257191985
1,1064,macro_ap,0.0790123705286043
1,1065,macro_ap,0.034336456338997345
1,1066,macro_ap,0.019522588448490363
1,1067,macro_ap,0.012662949040722848
1,1068,macro_ap,0.0252568891915822
1,1069,macro_ap,0.038134083064142454
1,1070,macro_ap,0.08034369989419388
1,1071,macro_ap,0.0822011431430259
1,1072,macro_ap,0.0787915767463453
1,1073,macro_ap,0.04805980391747805
1,1074,macro_ap,0.04049638174219933
1,1075,macro_ap,0.03185722835854454
1,1076,macro_ap,0.05803847655859279
1,1077,macro_ap,0.05016959696348977
1,1078,macro_ap,0.09981094222200121
1,1079,macro_ap,0.03318565076613428
1,1080,macro_ap,0.06596513040846258
1,1081,macro_ap,0.07956055380493599
1,1082,macro_ap,0.0875232084939
1,1083,macro_ap,0.056517551896126894
1,1084,macro_ap,0.10313158198471101
1,1085,macro_ap,0.10062663163445285
1,1086,macro_ap,0.01530254427808514
1,1087,macro_ap,0.06540778201581615
1,1088,macro_ap,0.10959896386793516
1,1089,macro_ap,0.062463694532430974
1,1090,macro_ap,0.07252287972574037
1,1091,macro_ap,0.049636393943356005
1,1092,macro_ap,0.048464231198188046
1,1093,macro_ap,0.0967983492512868
1,1094,macro_ap,0.04098414933932598
1,1095,macro_ap,0.04324619349083342
1,1096,macro_ap,0.06846536115627283
1,1097,macro_ap,0.05997757815788096
1,1098,macro_ap,0.07697562193109805
1,1099,macro_ap,0.02292632532086447
1,1100,macro_ap,0.07042569763541578
1,1101,macro_ap,0.018136571091002696
1,1102,macro_ap,0.06651756769274972
1,1103,macro_ap,0.06608834869361291
1,1104,macro_ap,0.07716200060819522
1,1105,macro_ap,0.02369908927009312
1,1106,macro_ap,0.0707851342858854
1,1107,macro_ap,0.045886674689883666
1,1108,macro_ap,0.04883392700004552
1,1109,macro_ap,0.06117612514981896
1,1110,macro_ap,0.07673702507124064
1,1111,macro_ap,0.06286778807666349
1,1112,macro_ap,0.012729892656720143
1,1113,macro_ap,0.02989999900305662
1,1114,macro_ap,0.08269550367800588
1,1115,macro_ap,0.074026149837502
1,1116,macro_ap,0.08080855387374447
1,1117,macro_ap,0.0452207294750685
1,1118,macro_ap,0.03969142669944631
1,1119,macro_ap,0.021965530537015387
1,1120,macro_ap,0.056118683606925124
1,1121,macro_ap,0.06077659673088681
1,1122,macro_ap,0.06025395482908813
1,1123,macro_ap,0.03486581703617753
1,1124,macro_ap,0.06783163249735885
1,1125,macro_ap,0.0374827579218025
1,1126,macro_ap,0.06607010023122584
1,1127,macro_ap,0.050015852397881366
1,1128,macro_ap,0.053508032993323296
1,1129,macro_ap,0.05572902581846523
1,1130,macro_ap,0.027977670067791005
1,1131,macro_ap,0.02014749502038332
1,1132,macro_ap,0.047937893450098745
1,1133,macro_ap,0.06535519330044715
1,1134,macro_ap,0.032931322680426256
1,1135,macro_ap,0.07715015006861325
1,1136,macro_ap,0.0772620143444902
1,1137,macro_ap,0.09989515721070544
1,1138,macro_ap,0.0424231194761604
1,1139,macro_ap,0.008822922118912224
1,1140,macro_ap,0.041592002526221805
1,1141,macro_ap,0.04201073210426004
1,1142,macro_ap,0.04399815338964436
1,1143,macro_ap,0.05480154423336436
1,1144,macro_ap,0.1072890457568205
1,1145,macro_ap,0.025822573776279945
1,1146,macro_ap,0.020758007685483137
1,1147,macro_ap,0.09649151835480604
1,1148,macro_ap,0.08173001970368166
1,1149,macro_ap,0.03751169677389399
1,1150,macro_ap,0.05478976824540632
1,1151,macro_ap,0.07380142615662746
1,1152,macro_ap,0.09817147371907442
1,1153,macro_ap,0.046882586973119866
1,1154,macro_ap,0.06462022037478049
1,1155,macro_ap,0.06286197981339237
1,1156,macro_ap,0.022071884262083286
1,1157,macro_ap,0.03911789827680978
1,1158,macro_ap,0.05097118434163306
1,1159,macro_ap,0.0554704764712724
1,1160,macro_ap,-0.0016887892458618547
1,1161,macro_ap,0.1200229643650822
1,1162,macro_ap,0.03749331592068361
1,1163,macro_ap,0.04292829172012963
1,1164,macro_ap,0.04136420506245814
1,1165,macro_ap,0.0802699646676196
1,1166,macro_ap,0.07112031878919386
1,1167,macro_ap,0.07904341448389943
1,1168,macro_ap,0.08073391332216118
1,1169,macro_ap,0.014584073570826972
1,1170,macro_ap,0.02792183643647067
1,1171,macro_ap,0.016316833762838268
1,1172,macro_ap,0.08222836449812049
1,1173,macro_ap,0.060300466322511626
1,1174,macro_ap,0.14627376447813348
1,1175,macro_ap,0.06542441033079727
1,1176,macro_ap,0.007868550635693305
1,1177,macro_ap,0.04516601859563513
1,1178,macro_ap,0.054163072109966626
1,1179,macro_ap,0.029727505960071565
1,1180,macro_ap,0.020805925354172194
1,1181,macro_ap,0.05154914029684732
1,1182,macro_ap,0.028674759012099704
1,1183,macro_ap,0.06398574041579669
1,1184,macro_ap,0.024971047563703053
1,1185,macro_ap,0.026746213287605236
1,1186,macro_ap,0.059844107392275636
1,1187,macro_ap,0.04930235891022966
1,1188,macro_ap,0.024439091784739686
1,1189,macro_ap,0.07261268776634516
1,1190,macro_ap,0.06203510884471486
1,1191,macro_ap,0.030440906388162492
1,1192,macro_ap,0.07168485924775747
1,1193,macro_ap,0.07517277365059732
1,1194,macro_ap,0.002131836466698289
1,1195,macro_ap,0.018243232473028947
1,1196,macro_ap,0.05456399302795978
1,1197,macro_ap,0.10800634339955112
1,1198,macro_ap,0.048675073553796855
1,1199,macro_ap,0.050148231283111244
1,1200,macro_ap,0.026254670860644147
1,1201,macro_ap,0.025871539525890053
1,1202,macro_ap,0.010337470762130041
1,1203,macro_ap,0.10828340887253735
1,1204,macro_ap,0.07388799256936329
1,1205,macro_ap,0.060524468130341624
1,1206,macro_ap,0.08685458692140285
1,1207,macro_ap,0.08311168080954595
1,1208,macro_ap,0.05726761133103114
1,1209,macro_ap,0.05484626231247414
1,1210,macro_ap,0.06002620895047983
1,1211,macro_ap,0.034872929570139766
1,1212,macro_ap,0.044920093489150936
1,1213,macro_ap,0.03308503013443237
1,1214,macro_ap,0.010254999939731113
1,1215,macro_ap,0.0855081025230304
1,1216,macro_ap,0.023915359449034612
1,1217,macro_ap,0.047228873289763273
1,1218,macro_ap,0.07458909507341432
1,1219,macro_ap,0.03289522148103513
1,1220,macro_ap,0.05559154619013679
1,1221,macro_ap,0.04900544567351783
1,1222,macro_ap,0.03033467217144603
1,1223,macro_ap,0.0989449794567678
1,1224,macro_ap,0.029970737268741332
1,1225,macro_ap,0.048816157590512554
1,1226,macro_ap,0.03964892188288638
1,1227,macro_ap,0.08169336911112879
1,1228,macro_ap,0.10466976130264238
1,1229,macro_ap,0.02247878708203549
1,1230,macro_ap,0.0711628460348091
1,1231,macro_ap,0.029310495751776466
1,1232,macro_ap,0.04540189809296852
1,1233,macro_ap,0.0012263070092940476
1,1234,macro_ap,0.06155767702806009
1,1235,macro_ap,0.04556119762732941
1,1236,macro_ap,0.03269812031435443
1,1237,macro_ap,0.07316484459852468
1,1238,macro_ap,0.06540295177113115
1,1239,macro_ap,0.021112931002737978
1,1240,macro_ap,0.04567389153723633
1,1241,macro_ap,0.01660015668900988
1,1242,macro_ap,0.058804701770825696
1,1243,macro_ap,0.0454676776811791
1,1244,macro_ap,0.050700125542550434
1,1245,macro_ap,0.0674005391723545
1,1246,macro_ap,0.016371015978054848
1,1247,macro_ap,0.016105733411901246
1,1248,macro_ap,0.04638423041022577
1,1249,macro_ap,0.053450422868127456
1,1250,macro_ap,0.053002768623704344
1,1251,macro_ap,0.08954995121096027
1,1252,macro_ap,0.047507334110686555
1,1253,macro_ap,0.00912766478952809
1,1254,macro_ap,0.03964250652704504
1,1255,macro_ap,0.052670391135710926
1,1256,macro_ap,0.060223511863366164
1,1257,macro_ap,0.06127624840097634
1,1258,macro_ap,0.03023621351393574
1,1259,macro_ap,0.025127521654553286
1,1260,macro_ap,0.09185766614152724
1,1261,macro_ap,0.019362031077954034
1,1262,macro_ap,0.06347828681839651
1,1263,macro_ap,0.04544916845172581
1,1264,macro_ap,0.07177176330785706
1,1265,macro_ap,0.08551554038505382
1,1266,macro_ap,0.013745370307199245
1,1267,macro_ap,0.037308012613595565
1,1268,macro_ap,0.01146290021787466
1,1269,macro_ap,0.06039577949380304
1,1270,macro_ap,0.02937215388230599
1,1271,macro_ap,0.06704453332882587
1,1272,macro_ap,0.07398800887392576
1,1273,macro_ap,0.01092334086172464
1,1274,macro_ap,0.07313141718534805
1,1275,macro_ap,0.0492936135305011
1,1276,macro_ap,0.02999560697555978
1,1277,macro_ap,0.052974396467050544
1,1278,macro_ap,0.03665622142868635
1,1279,macro_ap,0.07078193322388449
1,1280,macro_ap,0.024827125556505902
1,1281,macro_ap,0.05685455475927209
1,1282,macro_ap,0.08051052915970364
1,1283,macro_ap,0.06772190445396609
1,1284,macro_ap,0.053647237038892015
1,1285,macro_ap,0.07662343625239082
1,1286,macro_ap,0.03198055205615097
1,1287,macro_ap,0.04707592506207914
1,1288,macro_ap,0.02499830315681134
1,1289,macro_ap,0.06177275486696654
1,1290,macro_ap,0.08113845138539949
1,1291,macro_ap,0.02424264364537121
1,1292,macro_ap,0.12386662191937214
1,1293,macro_ap,0.0442409868269068
1,1294,macro_ap,0.016726470343823296
1,1295,macro_ap,0.04986887013411001
1,1296,macro_ap,0.08998632615505042
1,1297,macro_ap,0.007110563489161809
1,1298,macro_ap,0.05952596359974521
1,1299,macro_ap,0.09590585771904148
1,1300,macro_ap,0.03433534101362368
1,1301,macro_ap,0.033989043129646346
1,1302,macro_ap,0.019807143958045392
1,1303,macro_ap,0.034580431859172756
1,1304,macro_ap,0.03893159203476046
1,1305,macro_ap,0.058848513204258435
1,1306,macro_ap,0.048033443582208346
1,1307,macro_ap,0.03588142098223601
1,1308,macro_ap,0.019154138060629655
1,1309,macro_ap,0.044304403516951474
1,1310,macro_ap,0.06368551274990253
1,1311,macro_ap,0.08838538363040221
1,1312,macro_ap,0.04257555331360202
1,1313,macro_ap,0.019992526517239317
1,1314,macro_ap,0.07952548464168524
1,1315,macro_ap,0.05357888713994313
1,1316,macro_ap,0.060255790366915696
1,1317,macro_ap,0.0256188569113337
1,1318,macro_ap,0.0769096160577678
1,1319,macro_ap,0.0825929350118198
1,1320,macro_ap,0.024215255719072792
1,1321,macro_ap,0.10778139468300452
1,1322,macro_ap,0.06603556525140233
1,1323,macro_ap,0.03130954588691098
1,1324,macro_ap,0.036407860076677956
1,1325,macro_ap,0.0349079545340259
1,1326,macro_ap,0.0751227567268209
1,1327,macro_ap,0.06042830319022535
1,1328,macro_ap,0.05287103127686807
1,1329,macro_ap,0.07693814183043601
1,1330,macro_ap,0.051684032060481
1,1331,macro_ap,0.06238065848058799
1,1332,macro_ap,0.06054087369862926
1,1333,macro_ap,0.09186027180927203
1,1334,macro_ap,0.035795164601633844
1,1335,macro_ap,0.020856052050357954
1,1336,macro_ap,0.06138012798742096
1,1337,macro_ap,0.10132674788982801
1,1338,macro_ap,0.0810036968718969
1,1339,macro_ap,0.08815040160493098
1,1340,macro_ap,0.05041531930999976
1,1341,macro_ap,0.023692442328755003
1,1342,macro_ap,0.024499222357147687
1,1343,macro_ap,0.05640023244353065
1,1344,macro_ap,0.07157093500268741
1,1345,macro_ap,0.05362755603091912
1,1346,macro_ap,0.07988686761544445
1,1347,macro_ap,0.08623882308595282
1,1348,macro_ap,0.07012018764476999
1,1349,macro_ap,0.03661175885663237
1,1350,macro_ap,0.02164283402083178
1,1351,macro_ap,0.07832049878035902
1,1352,macro_ap,0.02021921604495802
1,1353,macro_ap,0.07056615814339157
1,1354,macro_ap,0.049920295535640674
1,1355,macro_ap,0.05027238929104538
1,1356,macro_ap,0.05104681468060529
1,1357,macro_ap,0.06995201360375009
1,1358,macro_ap,0.0467082837866995
1,1359,macro_ap,0.09304008771297528
1,1360,macro_ap,0.08031558206147249
1,1361,macro_ap,0.07808907589513597
1,1362,macro_ap,0.06332893838793652
1,1363,macro_ap,0.06598937050565257
1,1364,macro_ap,0.046040032707555134
1,1365,macro_ap,0.04219401398241174
1,1366,macro_ap,0.053898374768770435
1,1367,macro_ap,0.0592340021054194
1,1368,macro_ap,0.019102060158628476
1,1369,macro_ap,0.036737388871768195
1,1370,macro_ap,0.05701094129224343
1,1371,macro_ap,0.018976563140672476
1,1372,macro_ap,0.06418788305653994
1,1373,macro_ap,0.016447761161017427
1,1374,macro_ap,0.06785649873409344
1,1375,macro_ap,0.056876230498749736
1,1376,macro_ap,0.07532909208035615
1,1377,macro_ap,0.06740539294798081
1,1378,macro_ap,0.026802648696289566
1,1379,macro_ap,0.04375178458597806
1,1380,macro_ap,0.0660436893586889
1,1381,macro_ap,0.05019645526907951
1,1382,macro_ap,0.007528260877101622
1,1383,macro_ap,0.0064133894058959195
1,1384,macro_ap,0.04682724444350028
1,1385,macro_ap,0.03356102874048417
1,1386,macro_ap,0.07575792576142804
1,1387,macro_ap,0.051501863971795514
1,1388,macro_ap,0.06444474708693201
1,1389,macro_ap,0.04653925015815494
1,1390,macro_ap,0.049060279476635826
1,1391,macro_ap,0.08900111124850668
1,1392,macro_ap,0.08520395227507405
1,1393,macro_ap,0.05431522330138544
1,1394,macro_ap,0.06231431360162373
1,1395,macro_ap,0.08066161360781393
1,1396,macro_ap,0.041104203428448394
1,1397,macro_ap,0.0992411240426106
1,1398,macro_ap,0.04028149160055233
1,1399,macro_ap,0.06332487681905119
1,1400,macro_ap,0.05010356645819014
1,1401,macro_ap,0.0320071585657693
1,1402,macro_ap,0.06113626840863495
1,1403,macro_ap,0.0521613179998891
1,1404,macro_ap,0.03700061718663111
1,1405,macro_ap,0.06200207121187479
1,1406,macro_ap,0.06560337503467578
1,1407,macro_ap,-0.0029256660315015726
1,1408,macro_ap,0.05516417998853379
1,1409,macro_ap,0.03701978002911699
1,1410,macro_ap,0.030087375579055442
1,1411,macro_ap,0.04356975027104948
1,1412,macro_ap,0.037130067891567364
1,1413,macro_ap,0.11441813496161657
1,1414,macro_ap,0.05785029329461833
1,1415,macro_ap,0.05698106771240796
1,1416,macro_ap,0.03358523098414978
1,1417,macro_ap,0.041909457473531586
1,1418,macro_ap,0.04136692464897268
1,1419,macro_ap,0.015733038060533444
1,1420,macro_ap,0.03518762633770639
1,1421,macro_ap,0.057755805634442825
1,1422,macro_ap,0.0672654576034088
1,1423,macro_ap,0.05451787319554974
1,1424,macro_ap,0.06291163611692763
1,1425,macro_ap,0.07535530258229861
1,1426,macro_ap,0.02682697444201748
1,1427,macro_ap,0.05603101358383725
1,1428,macro_ap,0.0581267907935083
1,1429,macro_ap,0.10587185714277392
1,1430,macro_ap,0.0362297720824622
1,1431,macro_ap,0.010311823108604512
1,1432,macro_ap,0.038914446446473294
1,1433,macro_ap,0.038333322355559474
1,1434,macro_ap,0.05305322935597312
1,1435,macro_ap,0.014079634579863887
1,1436,macro_ap,0.038367521121068504
1,1437,macro_ap,0.03722167055765668
1,1438,macro_ap,0.025929649252690035
1,1439,macro_ap,0.03298682995698832
1,1440,macro_ap,0.048170756867540965
1,1441,macro_ap,0.06699342546710452
1,1442,macro_ap,0.04218316355229895
1,1443,macro_ap,0.06586394640663445
1,1444,macro_ap,0.03045376184938481
1,1445,macro_ap,0.07015338236289675
1,1446,macro_ap,0.05404981794660388
1,1447,macro_ap,0.07093458778456069
1,1448,macro_ap,0.09462256963655508
1,1449,macro_ap,0.06611400243836862
1,1450,macro_ap,0.03002625635614653
1,1451,macro_ap,0.03423859194856693
1,1452,macro_ap,0.016366082309068886
1,1453,macro_ap,0.03807629116280897
1,1454,macro_ap,0.015488775247552489
1,1455,macro_ap,0.025014483704328683
1,1456,macro_ap,0.02935514959514468
1,1457,macro_ap,0.06543244664309386
1,1458,macro_ap,0.04447754303544732
1,1459,macro_ap,0.03204765869888149
1,1460,macro_ap,0.03955716624059613
1,1461,macro_ap,0.040389698306082744
1,1462,macro_ap,0.04451506030364699
1,1463,macro_ap,0.052490808419424745
1,1464,macro_ap,0.05068033975001279
1,1465,macro_ap,0.02998568092997428
1,1466,macro_ap,0.03619635377485508
1,1467,macro_ap,0.016732138020380594
1,1468,macro_ap,0.029936913229526074
1,1469,macro_ap,0.019225282334828453
1,1470,macro_ap,-0.017713447233698332
1,1471,macro_ap,0.05080823700149292
1,1472,macro_ap,0.06626324581671167
1,1473,macro_ap,0.04490787470409768
1,1474,macro_ap,0.08439285447562411
1,1475,macro_ap,0.04087437034676378
1,1476,macro_ap,0.038571209278513374
1,1477,macro_ap,0.07839547408083591
1,1478,macro_ap,0.07191513167361946
1,1479,macro_ap,0.04905879800488833
1,1480,macro_ap,0.10571635244287853
1,1481,macro_ap,0.07032974879977427
1,1482,macro_ap,0.043526239102288644
1,1483,macro_ap,0.0864666195745789
1,1484,macro_ap,0.041377332177214954
1,1485,macro_ap,0.03676959792109802
1,1486,macro_ap,0.05020226706070052
1,1487,macro_ap,0.044777251001982654
1,1488,macro_ap,0.09008295927432164
1,1489,macro_ap,0.03431931280045919
1,1490,macro_ap,0.08702546001060515
1,1491,macro_ap,0.05430122485272365
1,1492,macro_ap,0.054642065106950743
1,1493,macro_ap,0.02622815928045208
1,1494,macro_ap,0.06190793387030061
1,1495,macro_ap,0.08152272168885816
1,1496,macro_ap,0.05774093569592126
1,1497,macro_ap,0.04878619506406598
1,1498,macro_ap,0.05014892611557803
1,1499,macro_ap,0.04503342146519246
1,1500,macro_ap,0.06331724176517067
1,1501,macro_ap,-0.006151363424339806
1,1502,macro_ap,0.07112797899749618
1,1503,macro_ap,0.03794713217015533
1,1504,macro_ap,0.03394942549484126
1,1505,macro_ap,0.035190090993001244
1,1506,macro_ap,0.08620641065694867
1,1507,macro_ap,0.07086160765394323
1,1508,macro_ap,0.029958279349005912
1,1509,macro_ap,0.057268802063787205
1,1510,macro_ap,0.035760212275619374
1,1511,macro_ap,0.04855165734158429
1,1512,macro_ap,0.03185918071917715
1,1513,macro_ap,0.03476965174146246
1,1514,macro_ap,0.016394422306042322
1,1515,macro_ap,0.0781787945089818
1,1516,macro_ap,0.06304752263744878
1,1517,macro_ap,0.06900843299667833
1,1518,macro_ap,0.050146934241131536
1,1519,macro_ap,0.06741828062868455
1,1520,macro_ap,0.05132637491791664
1,1521,macro_ap,0.04726240352642591
1,1522,macro_ap,0.05867106986241016
1,1523,macro_ap,0.06738892433995658
1,1524,macro_ap,0.015908872753785885
1,1525,macro_ap,0.06715662639771863
1,1526,macro_ap,0.08343399391028375
1,1527,macro_ap,0.04683818894125655
1,1528,macro_ap,5.5998909747667636e-05
1,1529,macro_ap,0.02000610677347897
1,1530,macro_ap,0.09406938946086923
1,1531,macro_ap,0.09897966434540298
1,1532,macro_ap,0.04758996533150733
1,1533,macro_ap,0.04197083697174947
1,1534,macro_ap,0.037249300173004485
1,1535,macro_ap,0.059149783242290005
1,1536,macro_ap,0.0728229134774101
1,1537,macro_ap,0.05195952881022747
1,1538,macro_ap,0.1277731427931118
1,1539,macro_ap,0.12524237723690823
1,1540,macro_ap,0.07860181984384335
1,1541,macro_ap,0.026480614901895683
1,1542,macro_ap,0.016918933720720397
1,1543,macro_ap,0.1065736789289159
1,1544,macro_ap,0.11332960368633321
1,1545,macro_ap,0.04451294153367791
1,1546,macro_ap,0.07801554873414379
1,1547,macro_ap,0.046541570654078435
1,1548,macro_ap,0.05672970680009648
1,1549,macro_ap,0.019699841894317005
1,1550,macro_ap,0.0761367333112917
1,1551,macro_ap,0.10709545292623596
1,1552,macro_ap,0.021273250717427195
1,1553,macro_ap,0.09096369025021289
1,1554,macro_ap,0.0722721629402317
1,1555,macro_ap,0.14997447467170988
1,1556,macro_ap,0.08617278736268813
1,1557,macro_ap,0.0778883575937323
1,1558,macro_ap,0.0643693598309899
1,1559,macro_ap,0.04499794016129349
1,1560,macro_ap,0.021874977782860627
1,1561,macro_ap,0.03186388275795604
1,1562,macro_ap,0.05631577848239583
1,1563,macro_ap,0.04227227126956368
1,1564,macro_ap,0.053189278232690346
1,1565,macro_ap,0.0749132346555122
1,1566,macro_ap,0.0044217803735946415
1,1567,macro_ap,0.08390771796217661
1,1568,macro_ap,0.014732754418269767
1,1569,macro_ap,0.031462286232551206
1,1570,macro_ap,0.021610496346587904
1,1571,macro_ap,0.04536122208865462
1,1572,macro_ap,0.019838055246502007
1,1573,macro_ap,0.10276918572246349
1,1574,macro_ap,0.11739975072748332
1,1575,macro_ap,0.053217947381003106
1,1576,macro_ap,0.06641950670410951
1,1577,macro_ap,0.04530666391058996
1,1578,macro_ap,0.08484538298718153
1,1579,macro_ap,0.05590926203500296
1,1580,macro_ap,0.059996489319862234
1,1581,macro_ap,0.07803838256470236
1,1582,macro_ap,0.029161075037105022
1,1583,macro_ap,0.05121390303836881
1,1584,macro_ap,0.03776351972443537
1,1585,macro_ap,0.08647800559109231
1,1586,macro_ap,0.05321452877575261
1,1587,macro_ap,0.042904321485803476
1,1588,macro_ap,0.055981081328188964
1,1589,macro_ap,0.06694599052693376
1,1590,macro_ap,0.026173580016000675
1,1591,macro_ap,0.057605272897458926
1,1592,macro_ap,0.0423054225112498
1,1593,macro_ap,0.045126818479673536
1,1594,macro_ap,0.07107997464766641
1,1595,macro_ap,0.06818695225633226
1,1596,macro_ap,0.01777629032735839
1,1597,macro_ap,0.04413739499979913
1,1598,macro_ap,0.05694255318382596
1,1599,macro_ap,0.062205186563701276
1,1600,macro_ap,0.10097715501449545
1,1601,macro_ap,0.06690169995150069
1,1602,macro_ap,0.05680156542637327
1,1603,macro_ap,0.025694612783140947
1,1604,macro_ap,0.05547775245357628
1,1605,macro_ap,0.06071074015573741
1,1606,macro_ap,0.017457786357303717
1,1607,macro_ap,0.08048830970431381
1,1608,macro_ap,0.024440334478290415
1,1609,macro_ap,0.05299686819294891
1,1610,macro_ap,0.05137463387197794
1,1611,macro_ap,0.0478186832003315
1,1612,macro_ap,0.0710773696749828
1,1613,macro_ap,0.05413935267605258
1,1614,macro_ap,0.0017124777753754206
1,1615,macro_ap,0.09441833365773733
1,1616,macro_ap,0.017281715359396432
1,1617,macro_ap,0.03928612557562694
1,1618,macro_ap,0.05232524088575469
1,1619,macro_ap,0.09541678479568644
1,1620,macro_ap,0.07575929214864374
1,1621,macro_ap,0.01147183720035827
1,1622,macro_ap,0.02346455903644218
1,1623,macro_ap,0.058867511961174845
1,1624,macro_ap,0.031483940033878444
1,1625,macro_ap,0.07783494425606358
1,1626,macro_ap,0.07261830853879778
1,1627,macro_ap,0.12363061643902817
1,1628,macro_ap,0.059276324274871284
1,1629,macro_ap,0.09865852624241267
1,1630,macro_ap,0.06907106481829683
1,1631,macro_ap,0.07750393583774673
1,1632,macro_ap,0.026139676927540934
1,1633,macro_ap,0.06985067345710733
1,1634,macro_ap,0.08373562845313376
1,1635,macro_ap,0.03935876012761541
1,1636,macro_ap,0.06430687862786444
1,1637,macro_ap,0.07126226405346553
1,1638,macro_ap,0.033834820833564316
1,1639,macro_ap,0.06697295292120925
1,1640,macro_ap,0.017345739561949125
1,1641,macro_ap,0.07838095689866045
1,1642,macro_ap,0.06772167219147879
1,1643,macro_ap,0.11479046959900749
1,1644,macro_ap,0.05333092616649604
1,1645,macro_ap,0.03230330956824429
1,1646,macro_ap,0.03790932679511905
1,1647,macro_ap,0.09464108628155554
1,1648,macro_ap,0.05033007835378278
1,1649,macro_ap,0.09249014883320492
1,1650,macro_ap,0.05010182280732778
1,1651,macro_ap,0.031750972929194654
1,1652,macro_ap,0.05160723913859688
1,1653,macro_ap,0.09263304728009303
1,1654,macro_ap,0.0500852721115248
1,1655,macro_ap,0.09627314419540109
1,1656,macro_ap,0.04546270649608436
1,1657,macro_ap,0.07683174274876203
1,1658,macro_ap,0.013523914822558214
1,1659,macro_ap,0.06321360065096604
1,1660,macro_ap,0.022831055388493837
1,1661,macro_ap,0.06802992301614619
1,1662,macro_ap,0.052015529466774235
1,1663,macro_ap,0.0670420027255943
1,1664,macro_ap,0.055425135277306636
1,1665,macro_ap,0.050695894724464285
1,1666,macro_ap,0.08784978039106495
1,1667,macro_ap,0.04041197098603583
1,1668,macro_ap,0.036781236525677774
1,1669,macro_ap,0.12362210575065735
1,1670,macro_ap,0.0144929933672589
1,1671,macro_ap,0.06332562910321887
1,1672,macro_ap,0.013744221920351074
1,1673,macro_ap,0.06802762379314126
1,1674,macro_ap,0.04451042210436601
1,1675,macro_ap,0.040032275576598386
1,1676,macro_ap,0.0762872686092903
1,1677,macro_ap,0.05250585567354571
1,1678,macro_ap,0.050821105707488934
1,1679,macro_ap,0.05803200869027181
1,1680,macro_ap,0.011811806865530627
1,1681,macro_ap,0.07011578227742177
1,1682,macro_ap,0.036036744626646855
1,1683,macro_ap,0.018228881736041702
1,1684,macro_ap,0.04980917024432796
1,1685,macro_ap,0.016264882998454522
1,1686,macro_ap,0.039593512162500344
1,1687,macro_ap,0.06434785233767232
1,1688,macro_ap,0.0751270545560413
1,1689,macro_ap,0.028414440860753898
1,1690,macro_ap,0.11356464410304495
1,1691,macro_ap,0.10166223821656589
1,1692,macro_ap,0.043673217586245205
1,1693,macro_ap,0.06277282619937483
1,1694,macro_ap,-0.001910786246548668
1,1695,macro_ap,0.05119924367472656
1,1696,macro_ap,0.09060697195966866
1,1697,macro_ap,0.07699536492317921
1,1698,macro_ap,0.0753873134837657
1,1699,macro_ap,0.05810742879336861
1,1700,macro_ap,0.01927889141271477
1,1701,macro_ap,0.0522482924655836
1,1702,macro_ap,0.005699422020061629
1,1703,macro_ap,0.03974752453125202
1,1704,macro_ap,-0.008702350039208717
1,1705,macro_ap,0.05937683061347426
1,1706,macro_ap,0.060675342980375024
1,1707,macro_ap,0.023823892624849297
1,1708,macro_ap,0.07155952164401244
1,1709,macro_ap,0.06754953187325108
1,1710,macro_ap,0.0800393722326792
1,1711,macro_ap,0.07130730959910686
1,1712,macro_ap,0.03863929002676597
1,1713,macro_ap,0.0382702385858773
1,1714,macro_ap,0.08343762435221833
1,1715,macro_ap,0.035372424476188435
1,1716,macro_ap,0.05040920580639596
1,1717,macro_ap,0.020261934103474932
1,1718,macro_ap,0.03928510477853209
1,1719,macro_ap,0.09928012679603401
1,1720,macro_ap,0.07010682343304309
1,1721,macro_ap,0.038094408566377747
1,1722,macro_ap,0.05154831924979367
1,1723,macro_ap,0.06192586169744127
1,1724,macro_ap,0.024073115972441578
1,1725,macro_ap,0.06529002970501252
1,1726,macro_ap,0.060273243090980116
1,1727,macro_ap,0.040261096679844954
1,1728,macro_ap,0.0514266367139844
1,1729,macro_ap,0.053702692618042974
1,1730,macro_ap,-0.02803693425349363
1,1731,macro_ap,0.03468313972991022
1,1732,macro_ap,0.03609967731390823
1,1733,macro_ap,0.08533843132324204
1,1734,macro_ap,0.0642884791338044
1,1735,macro_ap,0.0585970140427286
1,1736,macro_ap,0.057106401277976754
1,1737,macro_ap,0.0569061682684055
1,1738,macro_ap,0.10779576499232046
1,1739,macro_ap,0.0771075917784918
1,1740,macro_ap,0.037577076802402354
1,1741,macro_ap,0.052791245366891115
1,1742,macro_ap,0.029744211080896144
1,1743,macro_ap,0.00126581075937926
1,1744,macro_ap,0.022298984754939244
1,1745,macro_ap,0.05689141843072987
1,1746,macro_ap,0.08908187303036486
1,1747,macro_ap,0.03964974896011936
1,1748,macro_ap,0.022704635528085992
1,1749,macro_ap,0.056366917395684835
1,1750,macro_ap,0.06566583167267181
1,1751,macro_ap,0.058758278869098124
1,1752,macro_ap,0.03269574141088566
1,1753,macro_ap,0.018150864308028203
1,1754,macro_ap,0.059793746898936295
1,1755,macro_ap,0.0696877451335775
1,1756,macro_ap,0.061912173668007886
1,1757,macro_ap,0.004646188853044353
1,1758,macro_ap,0.054405669348624675
1,1759,macro_ap,0.06004385434517434
1,1760,macro_ap,0.045708185686147096
1,1761,macro_ap,0.05966266631015649
1,1762,macro_ap,0.04995894498559722
1,1763,macro_ap,0.016859682898019118
1,1764,macro_ap,0.030230237397921356
1,1765,macro_ap,0.0384513897854602
1,1766,macro_ap,0.0707867789316538
1,1767,macro_ap,0.08152781682381932
1,1768,macro_ap,0.02463615953831827
1,1769,macro_ap,0.03343997107737812
1,1770,macro_ap,0.1030505600196629
1,1771,macro_ap,0.02534111433908759
1,1772,macro_ap,0.02729242967425788
1,1773,macro_ap,0.09734374982987404
1,1774,macro_ap,0.05373972964769802
1,1775,macro_ap,0.05246355132654135
1,1776,macro_ap,0.07603053340331284
1,1777,macro_ap,0.02556340828936049
1,1778,macro_ap,0.08344042816561908
1,1779,macro_ap,0.05331856910108884
1,1780,macro_ap,0.06623423838563935
1,1781,macro_ap,0.03360989462514136
1,1782,macro_ap,0.04008598796027213
1,1783,macro_ap,0.025922403275295658
1,1784,macro_ap,0.06780532958597785
1,1785,macro_ap,0.0873809710831937
1,1786,macro_ap,0.036531023748143765
1,1787,macro_ap,0.09179580028494583
1,1788,macro_ap,0.05857550503422651
1,1789,macro_ap,0.05229503191582807
1,1790,macro_ap,0.058918024127398494
1,1791,macro_ap,0.07253242354799022
1,1792,macro_ap,0.038940146547304766
1,1793,macro_ap,0.0521860177090287
1,1794,macro_ap,0.03552358727468419
1,1795,macro_ap,0.030451204646373298
1,1796,macro_ap,0.0874787921966036
1,1797,macro_ap,0.0036498803242919486
1,1798,macro_ap,0.07479658140067896
1,1799,macro_ap,0.016867979489742613
1,1800,macro_ap,0.034264140353196304
1,1801,macro_ap,0.05950159633437141
1,1802,macro_ap,0.04075726527917839
1,1803,macro_ap,0.07229139877129653
1,1804,macro_ap,0.04461499838126359
1,1805,macro_ap,0.07061172136091237
1,1806,macro_ap,0.05205700564458021
1,1807,macro_ap,0.06690080363752082
1,1808,macro_ap,0.03929371067214432
1,1809,macro_ap,0.07836240949791479
1,1810,macro_ap,-0.007980129924036738
1,1811,macro_ap,0.0570006335210233
1,1812,macro_ap,0.04074708195043514
1,1813,macro_ap,0.028440546681738843
1,1814,macro_ap,0.026627039233322436
1,1815,macro_ap,0.03496834956707101
1,1816,macro_ap,0.020364208631305503
1,1817,macro_ap,0.029645309534687525
1,1818,macro_ap,0.01173763387116239
1,1819,macro_ap,0.05248743882063234
1,1820,macro_ap,0.0386096422433484
1,1821,macro_ap,0.04758885403547852
1,1822,macro_ap,0.08576785029126102
1,1823,macro_ap,0.05216200021972578
1,1824,macro_ap,0.040958841608754265
1,1825,macro_ap,0.04822135306291486
1,1826,macro_ap,0.04922031027535495
1,1827,macro_ap,0.05893109915787759
1,1828,macro_ap,0.023641505826750397
1,1829,macro_ap,0.06996257995953195
1,1830,macro_ap,0.043202523279552596
1,1831,macro_ap,0.02768772625676369
1,1832,macro_ap,0.0313914408354905
1,1833,macro_ap,0.018114643832014554
1,1834,macro_ap,0.05788835289441846
1,1835,macro_ap,0.07655866229741709
1,1836,macro_ap,0.029972917710724245
1,1837,macro_ap,0.05747970453547763
1,1838,macro_ap,0.04518491789630441
1,1839,macro_ap,0.02983806874821443
1,1840,macro_ap,0.06707185905525648
1,1841,macro_ap,0.03046198285177154
1,1842,macro_ap,0.08981408404320274
1,1843,macro_ap,0.048273054259881154
1,1844,macro_ap,0.06470904347592349
1,1845,macro_ap,0.05716438177904287
1,1846,macro_ap,0.03693120143355422
1,1847,macro_ap,0.046328506957761306
1,1848,macro_ap,0.052347415533102515
1,1849,macro_ap,0.05610284385858627
1,1850,macro_ap,0.05363245786108578
1,1851,macro_ap,0.03815848032259975
1,1852,macro_ap,0.056694061709504306
1,1853,macro_ap,0.09797161014229763
1,1854,macro_ap,0.08293059215366178
1,1855,macro_ap,0.04553737016324427
1,1856,macro_ap,0.02667100455309923
1,1857,macro_ap,0.08797265199255339
1,1858,macro_ap,0.042746656887886314
1,1859,macro_ap,0.0681427497737806
1,1860,macro_ap,0.06731508681959752
1,1861,macro_ap,0.08986784012944166
1,1862,macro_ap,0.03159949006052376
1,1863,macro_ap,0.0848821061214041
1,1864,macro_ap,0.05745754725266139
1,1865,macro_ap,0.10842031884334818
1,1866,macro_ap,0.03367236002733548
1,1867,macro_ap,0.06736395386069416
1,1868,macro_ap,0.07561621324920531
1,1869,macro_ap,0.08818309724724332
1,1870,macro_ap,0.080647336289355
1,1871,macro_ap,0.06499031078025741
1,1872,macro_ap,0.07297108415142028
1,1873,macro_ap,0.028560448649232628
1,1874,macro_ap,0.07197469555552738
1,1875,macro_ap,0.051353089512816974
1,1876,macro_ap,0.02434504474157817
1,1877,macro_ap,0.022719824332778027
1,1878,macro_ap,0.08520791093142649
1,1879,macro_ap,0.07653892057886674
1,1880,macro_ap,0.0377031621522394
1,1881,macro_ap,0.08008973193829999
1,1882,macro_ap,0.012320132073654677
1,1883,macro_ap,0.07334734054231101
1,1884,macro_ap,0.05214102781415142
1,1885,macro_ap,0.07385373126462752
1,1886,macro_ap,0.03564045461617049
1,1887,macro_ap,0.03846275370895258
1,1888,macro_ap,0.08478528636372895
1,1889,macro_ap,0.05004960667812253
1,1890,macro_ap,0.08706517312988538
1,1891,macro_ap,0.07538176408644831
1,1892,macro_ap,0.01998446060033493
1,1893,macro_ap,0.0733605994497363
1,1894,macro_ap,0.039946602379891505
1,1895,macro_ap,0.07419439614702955
1,1896,macro_ap,0.07968152443768278
1,1897,macro_ap,0.09574872667300866
1,1898,macro_ap,0.05410956584673299
1,1899,macro_ap,0.08047089456285128
1,1900,macro_ap,-0.00016364885660846706
1,1901,macro_ap,0.032263832621093946
1,1902,macro_ap,0.03355858772271891
1,1903,macro_ap,0.044431927115195835
1,1904,macro_ap,0.06781886571956608
1,1905,macro_ap,0.02073207457519513
1,1906,macro_ap,0.045060744325629454
1,1907,macro_ap,0.043852243144722275
1,1908,macro_ap,0.0065636039626814635
1,1909,macro_ap,0.07368284329678199
1,1910,macro_ap,0.05134836283966232
1,1911,macro_ap,0.10176767579170143
1,1912,macro_ap,0.023266838670834344
1,1913,macro_ap,0.07379093751302612
1,1914,macro_ap,0.04507456544765154
1,1915,macro_ap,0.07633048883620575
1,1916,macro_ap,0.03967687610127152
1,1917,macro_ap,0.04270244315864952
1,1918,macro_ap,0.057557194305761145
1,1919,macro_ap,0.04025164042786106
1,1920,macro_ap,0.04712509870121523
1,1921,macro_ap,0.026077490976033124
1,1922,macro_ap,0.09253874726124711
1,1923,macro_ap,0.03697111397808833
1,1924,macro_ap,0.06279219489487786
1,1925,macro_ap,0.03599874781269313
1,1926,macro_ap,-0.008648839316077461
1,1927,macro_ap,0.04620076583245558
1,1928,macro_ap,0.08408995219449233
1,1929,macro_ap,0.06865796810831049
1,1930,macro_ap,0.02866886000086244
1,1931,macro_ap,0.10921319554541703
1,1932,macro_ap,0.08639484866610225
1,1933,macro_ap,0.046451335408521977
1,1934,macro_ap,0.07489717706206961
1,1935,macro_ap,0.02041028567409736
1,1936,macro_ap,0.07623694351767635
1,1937,macro_ap,0.07827992668178158
1,1938,macro_ap,0.025564013574289113
1,1939,macro_ap,0.040405888808384804
1,1940,macro_ap,0.0015810261016218075
1,1941,macro_ap,0.08528513941736093
1,1942,macro_ap,0.01211589823808315
1,1943,macro_ap,0.027059736768496656
1,1944,macro_ap,0.09401736838846023
1,1945,macro_ap,0.060481794380390475
1,1946,macro_ap,0.05042895795626218
1,1947,macro_ap,0.0847736582038695
1,1948,macro_ap,0.03360962973259668
1,1949,macro_ap,0.029503149419592034
1,1950,macro_ap,0.05257321220516864
1,1951,macro_ap,0.0660207367128694
1,1952,macro_ap,0.04275353701747292
1,1953,macro_ap,0.07374136129921216
1,1954,macro_ap,0.06740706029677296
1,1955,macro_ap,0.037316592546384364
1,1956,macro_ap,0.07576655174010366
1,1957,macro_ap,0.07685682299358604
1,1958,macro_ap,0.07892724567804005
1,1959,macro_ap,0.05687929404337763
1,1960,macro_ap,0.003973554215976283
1,1961,macro_ap,0.06445449908423506
1,1962,macro_ap,0.07254705904095843
1,1963,macro_ap,0.08168956584372827
1,1964,macro_ap,0.06591069054057935
1,1965,macro_ap,0.04176505276421921
1,1966,macro_ap,0.04466228799377542
1,1967,macro_ap,0.09200466891292719
1,1968,macro_ap,0.04630367209395447
1,1969,macro_ap,0.06218082490158594
1,1970,macro_ap,0.014347136644307035
1,1971,macro_ap,0.05696595583783792
1,1972,macro_ap,0.055916386090652914
1,1973,macro_ap,0.11826940085294002
1,1974,macro_ap,0.0465943601466105
1,1975,macro_ap,0.05661800116497301
1,1976,macro_ap,0.03588276615189645
1,1977,macro_ap,0.026666231478601643
1,1978,macro_ap,-0.00041752423534568983
1,1979,macro_ap,0.0653206417316306
1,1980,macro_ap,0.05461853444026776
1,1981,macro_ap,0.053285774925908996
1,1982,macro_ap,0.09384541341966587
1,1983,macro_ap,0.0844726366359782
1,1984,macro_ap,0.03173076709302475
1,1985,macro_ap,0.0501008937635688
1,1986,macro_ap,0.05227609007171269
1,1987,macro_ap,0.029663621028102827
1,1988,macro_ap,0.09022110017333884
1,1989,macro_ap,0.04069129368309066
1,1990,macro_ap,0.030327510259013535
1,1991,macro_ap,0.028910352149543628
1,1992,macro_ap,0.07156903857010355
1,1993,macro_ap,0.07064229685096227
1,1994,macro_ap,0.0772840093320421
1,1995,macro_ap,0.08783611585598405
1,1996,macro_ap,0.01467120660514154
1,1997,macro_ap,0.11005189480728961
1,1998,macro_ap,0.05520890441200521
1,1999,macro_ap,0.07055164106520073
1,0,micro_ap,-0.04491312245777537
1,1,micro_ap,0.03825594696542364
1,2,micro_ap,0.017375795725998955
1,3,micro_ap,-0.0045881465710860825
1,4,micro_ap,0.04650406202088264
1,5,micro_ap,0.015241111684351938
1,6,micro_ap,-0.018868388733823266
1,7,micro_ap,-0.011243420253757408
1,8,micro_ap,0.055524472143233694
1,9,micro_ap,-0.01694545754286536
1,10,micro_ap,-0.030623134471897295
1,11,micro_ap,-0.014732169147748359
1,12,micro_ap,-0.013683174848439589
1,13,micro_ap,-0.025918660567019552
1,14,micro_ap,-0.02851301983104254
1,15,micro_ap,0.03320482885612111
1,16,micro_ap,-0.017032273977016066
1,17,micro_ap,0.0481900400889175
1,18,micro_ap,-0.013954119072487614
1,19,micro_ap,0.014103301289216663
1,20,micro_ap,-0.02923155457033827
1,21,micro_ap,-0.0011840683112474826
1,22,micro_ap,-0.009373564712039678
1,23,micro_ap,-0.02129342390220823
1,24,micro_ap,0.024850304265634032
1,25,micro_ap,0.008806074321284052
1,26,micro_ap,-0.035439519617384285
1,27,micro_ap,-0.01238117283392573
1,28,micro_ap,-0.009790560277960436
1,29,micro_ap,0.021686739785273912
1,30,micro_ap,0.00026326594899173106
1,31,micro_ap,0.017418263422675134
1,32,micro_ap,0.054550047536302576
1,33,micro_ap,-0.013173186766691158
1,34,micro_ap,0.03391603472548552
1,35,micro_ap,0.03192668851774816
1,36,micro_ap,0.025610107243250357
1,37,micro_ap,-0.032582442715218346
1,38,micro_ap,0.0007481284110382735
1,39,micro_ap,-0.02753229485658268
1,40,micro_ap,0.0068519540370791665
1,41,micro_ap,-0.012818132112435654
1,42,micro_ap,-0.004769892254479408
1,43,micro_ap,-0.005542754243476861
1,44,micro_ap,0.009367713347963963
1,45,micro_ap,-0.005567351604095105
1,46,micro_ap,-0.028421016264845
1,47,micro_ap,0.018590290625081135
1,48,micro_ap,0.00038001927171923966
1,49,micro_ap,-0.02213292400891828
1,50,micro_ap,0.01858715996952831
1,51,micro_ap,0.011213790978441274
1,52,micro_ap,-0.005444520779244011
1,53,micro_ap,0.014465869924743802
1,54,micro_ap,0.03478353812731563
1,55,micro_ap,-0.0005664280560607748
1,56,micro_ap,0.046246364031494486
1,57,micro_ap,0.01328129861625249
1,58,micro_ap,-0.017690055712557218
1,59,micro_ap,0.020322726689837978
1,60,micro_ap,0.03183121478354914
1,61,micro_ap,-0.008406179039811001
1,62,micro_ap,-0.006730756992849807
1,63,micro_ap,0.0038653083059959903
1,64,micro_ap,-0.02937931309831726
1,65,micro_ap,0.0002928011371574335
1,66,micro_ap,-0.021749987172751645
1,67,micro_ap,0.03912567800032357
1,68,micro_ap,-0.0027670139263653026
1,69,micro_ap,-0.02950786992228968
1,70,micro_ap,-0.012260361413682419
1,71,micro_ap,0.03217182168877153
1,72,micro_ap,-0.004173540996091629
1,73,micro_ap,0.01097038956874874
1,74,micro_ap,0.030953926258986464
1,75,micro_ap,0.035672768173167835
1,76,micro_ap,0.025762961894520764
1,77,micro_ap,-0.018307224723019044
1,78,micro_ap,0.004042881344362759
1,79,micro_ap,-0.01751770483179957
1,80,micro_ap,0.003438530222998226
1,81,micro_ap,0.036907447809824884
1,82,micro_ap,-0.0535113062758826
1,83,micro_ap,0.009798897809933177
1,84,micro_ap,2.446126686134198e-05
1,85,micro_ap,-0.008794976722994119
1,86,micro_ap,-0.005038776305743009
1,87,micro_ap,0.0004470900638873787
1,88,micro_ap,0.007532281104424776
1,89,micro_ap,0.02678779997210562
1,90,micro_ap,-0.015539754127501554
1,91,micro_ap,0.00104507104701132
1,92,micro_ap,-0.013968188222630323
1,93,micro_ap,0.025400481338006153
1,94,micro_ap,0.05134395354090113
1,95,micro_ap,-0.01297235345259723
1,96,micro_ap,-0.0004828185553784059
1,97,micro_ap,-0.03632115422642393
1,98,micro_ap,0.019261065923135062
1,99,micro_ap,-0.025481061576167335
1,100,micro_ap,-0.002687899462291643
1,101,micro_ap,-0.05602518645121915
1,102,micro_ap,0.006929273753334075
1,103,micro_ap,-0.012164895531291603
1,104,micro_ap,-0.008686409498776082
1,105,micro_ap,0.010725249548995397
1,106,micro_ap,0.002484534612394229
1,107,micro_ap,0.03038375698456619
1,108,micro_ap,0.007279184587084986
1,109,micro_ap,-0.05421635144525214
1,110,micro_ap,0.0162073478811309
1,111,micro_ap,0.04778851988702265
1,112,micro_ap,-0.009616199358022604
1,113,micro_ap,0.024943956067756956
1,114,micro_ap,0.012534163856753489
1,115,micro_ap,-0.0033025358188386866
1,116,micro_ap,-0.0045818872943595434
1,117,micro_ap,0.03813926450693811
1,118,micro_ap,-0.0048097823810052676
1,119,micro_ap,-0.009632706677408454
1,120,micro_ap,-0.05770780171333778
1,121,micro_ap,0.0070324118448057416
1,122,micro_ap,0.018881601090036726
1,123,micro_ap,0.0277392414006431
1,124,micro_ap,-0.0505769017974137
1,125,micro_ap,0.015893783643874615
1,126,micro_ap,-0.009183991669334396
1,127,micro_ap,0.09320499970511564
1,128,micro_ap,0.01998805944946891
1,129,micro_ap,0.011115489948650692
1,130,micro_ap,0.014181329504159956
1,131,micro_ap,-0.017686945730441023
1,132,micro_ap,-0.015392285146518497
1,133,micro_ap,-0.06866625692085912
1,134,micro_ap,-0.013998654596775018
1,135,micro_ap,-0.006497968820779854
1,136,micro_ap,0.016001285704924317
1,137,micro_ap,0.005983715001692452
1,138,micro_ap,0.006497652317519864
1,139,micro_ap,-0.02960660973194751
1,140,micro_ap,0.01189775620586525
1,141,micro_ap,-0.07164059135203812
1,142,micro_ap,-0.02583063240988684
1,143,micro_ap,0.04517951878863935
1,144,micro_ap,-0.0056859609931808885
1,145,micro_ap,0.02460919770060699
1,146,micro_ap,-0.010601627486312715
1,147,micro_ap,-0.030931484643742235
1,148,micro_ap,-0.013225061179440667
1,149,micro_ap,-0.018208218150982725
1,150,micro_ap,0.012733462751328944
1,151,micro_ap,-0.010031040099081456
1,152,micro_ap,0.009705589559757671
1,153,micro_ap,-0.016277638342155037
1,154,micro_ap,-0.00758242622253022
1,155,micro_ap,0.024586138731881146
1,156,micro_ap,0.0392578598599686
1,157,micro_ap,-0.00626128822746147
1,158,micro_ap,-0.03223102862111524
1,159,micro_ap,-0.01787302589158679
1,160,micro_ap,-0.038623804391389155
1,161,micro_ap,0.008953134678477886
1,162,micro_ap,0.02045030760480912
1,163,micro_ap,0.01712418768843757
1,164,micro_ap,-0.023297998518111512
1,165,micro_ap,-0.03865189785430273
1,166,micro_ap,-0.03233755875569638
1,167,micro_ap,-0.0034259186572911937
1,168,micro_ap,0.04769523895362987
1,169,micro_ap,0.00875081835750846
1,170,micro_ap,0.008954111792796704
1,171,micro_ap,0.028867253230884404
1,172,micro_ap,0.006319289781625964
1,173,micro_ap,-0.03503681920554269
1,174,micro_ap,-0.01145551722675181
1,175,micro_ap,0.016341810922266803
1,176,micro_ap,0.04743774576795906
1,177,micro_ap,-0.01825361153425445
1,178,micro_ap,-0.003341512067583041
1,179,micro_ap,-0.020324404581080313
1,180,micro_ap,-0.012967759020666658
1,181,micro_ap,0.0014993938843212429
1,182,micro_ap,-0.03215220776124611
1,183,micro_ap,-0.03891230226222342
1,184,micro_ap,0.024723580013951973
1,185,micro_ap,0.012656760398709388
1,186,micro_ap,-0.03438889726822131
1,187,micro_ap,0.0027320231919597537
1,188,micro_ap,0.04936626774156813
1,189,micro_ap,-0.01201165334335369
1,190,micro_ap,0.03860976895635271
1,191,micro_ap,-0.005008419445397927
1,192,micro_ap,0.0060200539827964805
1,193,micro_ap,-0.012095410126889944
1,194,micro_ap,0.03608733698614802
1,195,micro_ap,0.030299407008414297
1,196,micro_ap,0.018800937201143064
1,197,micro_ap,0.0417218425495233
1,198,micro_ap,-0.024161088406496223
1,199,micro_ap,0.026846762717373795
1,200,micro_ap,-0.0024778331134727716
1,201,micro_ap,0.07784996319843834
1,202,micro_ap,-0.0483561742061219
1,203,micro_ap,0.005077873012000356
1,204,micro_ap,-0.00012420293921769354
1,205,micro_ap,-0.04195088783000661
1,206,micro_ap,-0.0028823345139768752
1,207,micro_ap,-0.008157610354383976
1,208,micro_ap,-0.012212290288610594
1,209,micro_ap,-0.029634025264546393
1,210,micro_ap,0.02181430975254517
1,211,micro_ap,-0.012976808296732006
1,212,micro_ap,-0.0030502688658884947
1,213,micro_ap,0.024336688556883063
1,214,micro_ap,-0.053944398840507085
1,215,micro_ap,-0.0026473198382772622
1,216,micro_ap,-0.026138126264358408
1,217,micro_ap,-0.01348809121680497
1,218,micro_ap,-0.0036009640582599367
1,219,micro_ap,0.004972646224836452
1,220,micro_ap,0.04639570708017038
1,221,micro_ap,0.041639199214447725
1,222,micro_ap,0.03211470394223359
1,223,micro_ap,0.053596417566519616
1,224,micro_ap,-0.01511357297365623
1,225,micro_ap,-0.004820304795170316
1,226,micro_ap,-0.006731452866518328
1,227,micro_ap,-0.02047836071518111
1,228,micro_ap,0.0014629465383452778
1,229,micro_ap,-0.019750306982959404
1,230,micro_ap,-0.02917947044064531
1,231,micro_ap,-0.0025113720622627622
1,232,micro_ap,-0.002599789763759963
1,233,micro_ap,-0.0005649512705648563
1,234,micro_ap,0.04202053206927356
1,235,micro_ap,0.0070510324982605566
1,236,micro_ap,0.010048527169837451
1,237,micro_ap,0.015045671477711742
1,238,micro_ap,0.02065421753932234
1,239,micro_ap,0.040944689706418125
1,240,micro_ap,0.0067405383482709025
1,241,micro_ap,0.014713104112679037
1,242,micro_ap,0.023456505613988876
1,243,micro_ap,-0.040743777767332956
1,244,micro_ap,0.00011631735777761776
1,245,micro_ap,-0.002530136122205928
1,246,micro_ap,0.014296753223047742
1,247,micro_ap,-0.006588874630731767
1,248,micro_ap,0.008902564309221234
1,249,micro_ap,0.0006893062530328731
1,250,micro_ap,-0.0007876915476308088
1,251,micro_ap,-0.038965221066604494
1,252,micro_ap,0.0025303718415943532
1,253,micro_ap,-0.012329246854650616
1,254,micro_ap,-0.003426137494199122
1,255,micro_ap,0.014113567561615581
1,256,micro_ap,-0.016380641186078015
1,257,micro_ap,-0.0418830971953108
1,258,micro_ap,-0.012219821959942895
1,259,micro_ap,-0.013453594254541568
1,260,micro_ap,-0.04627670683185092
1,261,micro_ap,0.006744257218770894
1,262,micro_ap,-0.05495816561129513
1,263,micro_ap,-0.017403597688142203
1,264,micro_ap,0.026353568362733226
1,265,micro_ap,0.025102032865155305
1,266,micro_ap,-0.024574121920678926
1,267,micro_ap,-0.03412108202910141
1,268,micro_ap,-0.008260339871877381
1,269,micro_ap,0.047383398286119816
1,270,micro_ap,-0.017665980804401876
1,271,micro_ap,-0.024149528750654237
1,272,micro_ap,0.0025306905537729185
1,273,micro_ap,0.012861639752324544
1,274,micro_ap,-0.022560992427231197
1,275,micro_ap,0.036869127062488544
1,276,micro_ap,-0.028711478819386377
1,277,micro_ap,0.0022502359450732867
1,278,micro_ap,-0.002712083446509944
1,279,micro_ap,0.032447715540557504
1,280,micro_ap,0.019257049979193613
1,281,micro_ap,-0.012173565454523139
1,282,micro_ap,0.0011276584483751184
1,283,micro_ap,0.019669557839150198
1,284,micro_ap,-0.00025854963919969
1,285,micro_ap,-0.042653617932526255
1,286,micro_ap,-0.0313315132067746
1,287,micro_ap,-0.008817675267914493
1,288,micro_ap,-0.03863113238395563
1,289,micro_ap,0.025415031021440992
1,290,micro_ap,0.023301127143833755
1,291,micro_ap,-0.030803839912872583
1,292,micro_ap,-0.014369279471976415
1,293,micro_ap,-0.017358716735485724
1,294,micro_ap,0.033357709487439935
1,295,micro_ap,0.02834962225023846
1,296,micro_ap,0.019404659031482696
1,297,micro_ap,0.017452930709354775
1,298,micro_ap,0.01395641482917745
1,299,micro_ap,-0.017282971561805915
1,300,micro_ap,0.12517512555698787
1,301,micro_ap,-0.0019103597227310143
1,302,micro_ap,0.01751371167063509
1,303,micro_ap,-0.03490321688719089
1,304,micro_ap,0.01958989374300002
1,305,micro_ap,0.007801762638791537
1,306,micro_ap,-0.004558936730861496
1,307,micro_ap,-0.0023908621614432413
1,308,micro_ap,-0.01231649935812229
1,309,micro_ap,0.02996690552607484
1,310,micro_ap,-0.02208356002210321
1,311,micro_ap,-0.0028388437445218684
1,312,micro_ap,-0.017003996510438657
1,313,micro_ap,0.03455004012477464
1,314,micro_ap,-0.03251551683076359
1,315,micro_ap,0.04918278018096928
1,316,micro_ap,0.027089201976771005
1,317,micro_ap,0.004890696916098475
1,318,micro_ap,0.0009672249854236481
1,319,micro_ap,0.024203837128048383
1,320,micro_ap,-0.030734211880293627
1,321,micro_ap,0.012136050047319685
1,322,micro_ap,0.026916366277345893
1,323,micro_ap,0.024893717968373197
1,324,micro_ap,-0.03639846167921856
1,325,micro_ap,0.04159948812009617
1,326,micro_ap,0.012128141303087148
1,327,micro_ap,-0.010924565987843915
1,328,micro_ap,-0.03426079769612572
1,329,micro_ap,0.007399033421855383
1,330,micro_ap,0.01806969117121371
1,331,micro_ap,-0.018744546263236905
1,332,micro_ap,0.018366724084518088
1,333,micro_ap,-0.007186776538401357
1,334,micro_ap,-0.0007229113114842756
1,335,micro_ap,0.049206145515915095
1,336,micro_ap,0.06439215716016347
1,337,micro_ap,0.005135217638808587
1,338,micro_ap,0.047547123316582895
1,339,micro_ap,-0.009533240487238831
1,340,micro_ap,0.0161939985557229
1,341,micro_ap,0.017386287028432257
1,342,micro_ap,0.018976778795705224
1,343,micro_ap,-0.0331846890375366
1,344,micro_ap,-0.008621758729459528
1,345,micro_ap,-0.05644515295839578
1,346,micro_ap,-0.014897737450414228
1,347,micro_ap,-0.015666792777310645
1,348,micro_ap,-0.018674058452355036
1,349,micro_ap,0.0169285503532233
1,350,micro_ap,0.013895387859226088
1,351,micro_ap,0.0025958719455130563
1,352,micro_ap,-0.022161495266324993
1,353,micro_ap,0.013699710100631757
1,354,micro_ap,-0.024219355523163427
1,355,micro_ap,-0.01129362976236506
1,356,micro_ap,0.006319336225492189
1,357,micro_ap,0.004789632100084734
1,358,micro_ap,-0.03136382145597805
1,359,micro_ap,0.005211557012471085
1,360,micro_ap,0.04870627396258359
1,361,micro_ap,0.035690446379577245
1,362,micro_ap,0.03349440622254718
1,363,micro_ap,0.030338721909671823
1,364,micro_ap,-0.01260615081631955
1,365,micro_ap,0.024397317560989007
1,366,micro_ap,0.01402810654349046
1,367,micro_ap,0.008511828679096833
1,368,micro_ap,-0.040791301098462046
1,369,micro_ap,0.0048612079848247
1,370,micro_ap,0.022768985964184474
1,371,micro_ap,-0.02020217332787516
1,372,micro_ap,-0.012376246498533
1,373,micro_ap,0.03201718175818569
1,374,micro_ap,0.07572645876580017
1,375,micro_ap,-0.014192947180076021
1,376,micro_ap,0.020830289082040737
1,377,micro_ap,-0.014585266142799536
1,378,micro_ap,0.001508259215794422
1,379,micro_ap,-0.00866053277767373
1,380,micro_ap,0.046844241236022266
1,381,micro_ap,-0.03046700221314777
1,382,micro_ap,-0.0061299587846447845
1,383,micro_ap,0.026885501202148693
1,384,micro_ap,0.0004294278013843855
1,385,micro_ap,0.02115407854732726
1,386,micro_ap,0.000883223403648381
1,387,micro_ap,0.012684377991760892
1,388,micro_ap,0.0655662899560765
1,389,micro_ap,-0.014763508727959729
1,390,micro_ap,0.03118848086054196
1,391,micro_ap,-0.03705043738052777
1,392,micro_ap,0.010588302473923866
1,393,micro_ap,-0.008891246432884858
1,394,micro_ap,0.013787727484321777
1,395,micro_ap,0.011671264751416333
1,396,micro_ap,-0.012970908672696901
1,397,micro_ap,-0.024423698323410514
1,398,micro_ap,0.009224869048368556
1,399,micro_ap,0.07048060623933994
1,400,micro_ap,0.0068563774956087176
1,401,micro_ap,-0.018762590055836748
1,402,micro_ap,-0.0057868101841540565
1,403,micro_ap,0.043667872924736006
1,404,micro_ap,-0.00533253916572346
1,405,micro_ap,-0.010230640391502593
1,406,micro_ap,-0.008246959557823619
1,407,micro_ap,-0.028562913066456252
1,408,micro_ap,0.011437361169562621
1,409,micro_ap,-0.019388141749901167
1,410,micro_ap,0.019020824947182907
1,411,micro_ap,0.042997317649923095
1,412,micro_ap,0.030145341367089767
1,413,micro_ap,-0.015015702390807628
1,414,micro_ap,-0.007008030069492133
1,415,micro_ap,-0.04178505029607624
1,416,micro_ap,-0.0057915047878297765
1,417,micro_ap,-0.008305387506528927
1,418,micro_ap,0.020549232824937813
1,419,micro_ap,0.03424508900426268
1,420,micro_ap,0.037674442639007294
1,421,micro_ap,0.010240235808413933
1,422,micro_ap,-0.011926016963820396
1,423,micro_ap,-0.021055525531200298
1,424,micro_ap,-0.006272128230596502
1,425,micro_ap,-0.018373204114765618
1,426,micro_ap,0.02235939484959637
1,427,micro_ap,0.021261258491741875
1,428,micro_ap,0.026338290145453913
1,429,micro_ap,-0.01633274024676018
1,430,micro_ap,0.010150446440576721
1,431,micro_ap,0.013849581442363618
1,432,micro_ap,0.009619713777486272
1,433,micro_ap,-0.014083020971721372
1,434,micro_ap,0.03433339075630787
1,435,micro_ap,0.0029917463505018116
1,436,micro_ap,-0.022042555637936556
1,437,micro_ap,-0.031247656869879292
1,438,micro_ap,0.02063403772428607
1,439,micro_ap,0.034360056566913016
1,440,micro_ap,-0.05342303984526944
1,441,micro_ap,-0.0009268106854024294
1,442,micro_ap,-0.011576465462854929
1,443,micro_ap,0.02336683654953592
1,444,micro_ap,0.014999892240301127
1,445,micro_ap,0.0004698302094086615
1,446,micro_ap,-0.0029085615522975172
1,447,micro_ap,-0.054623301704673
1,448,micro_ap,0.0019752569654410135
1,449,micro_ap,0.02166639638401127
1,450,micro_ap,0.05698028996719384
1,451,micro_ap,0.0654900309680857
1,452,micro_ap,-0.019390618584497588
1,453,micro_ap,0.05413311493415762
1,454,micro_ap,0.026436067999042634
1,455,micro_ap,-0.03012839736881634
1,456,micro_ap,-0.007154197342191693
1,457,micro_ap,0.010696961087741208
1,458,micro_ap,0.021936625511001395
1,459,micro_ap,0.015048961149279089
1,460,micro_ap,0.06512891856208583
1,461,micro_ap,-0.014248248548193732
1,462,micro_ap,-0.009693461513524071
1,463,micro_ap,0.018768878329210148
1,464,micro_ap,-0.019365247629706428
1,465,micro_ap,0.020282416744801468
1,466,micro_ap,0.022867344935210643
1,467,micro_ap,-0.015438306694349035
1,468,micro_ap,-0.0026900408144502896
1,469,micro_ap,0.025362503002399894
1,470,micro_ap,0.022023667641919376
1,471,micro_ap,0.03050824303340005
1,472,micro_ap,-0.04170888975958864
1,473,micro_ap,0.03928678007025371
1,474,micro_ap,0.022654463730052254
1,475,micro_ap,0.040247034744150034
1,476,micro_ap,-0.010171533650641718
1,477,micro_ap,0.04090318849253452
1,478,micro_ap,-0.06513572580164978
1,479,micro_ap,0.011711030448422949
1,480,micro_ap,-0.04369280433467759
1,481,micro_ap,0.010144177008499677
1,482,micro_ap,-0.011586458513670655
1,483,micro_ap,0.06196269104264854
1,484,micro_ap,0.006100370244895931
1,485,micro_ap,-0.0005304477913018746
1,486,micro_ap,0.026317461294442596
1,487,micro_ap,-0.015154757166504884
1,488,micro_ap,-0.003364133764211602
1,489,micro_ap,-0.036318921158462275
1,490,micro_ap,0.018730205017631396
1,491,micro_ap,-0.06541021611921083
1,492,micro_ap,-0.005840999170783623
1,493,micro_ap,-0.03034140242758951
1,494,micro_ap,-0.006441842903098183
1,495,micro_ap,0.04057880295881422
1,496,micro_ap,0.02466022828283984
1,497,micro_ap,0.04020140265114233
1,498,micro_ap,-0.010798969158687555
1,499,micro_ap,-0.00915992701225632
1,500,micro_ap,-0.0011065836176689103
1,501,micro_ap,-0.004028293043559339
1,502,micro_ap,0.012264726343686916
1,503,micro_ap,-0.011308537676315733
1,504,micro_ap,0.013107743979760833
1,505,micro_ap,-0.006507350264518652
1,506,micro_ap,0.05489547111733453
1,507,micro_ap,0.030526949868555697
1,508,micro_ap,0.06984341819315226
1,509,micro_ap,-0.00973631513094017
1,510,micro_ap,-0.023644159310431484
1,511,micro_ap,0.013618861609327182
1,512,micro_ap,0.016492669312720448
1,513,micro_ap,-0.012890200113006567
1,514,micro_ap,0.04739369720553585
1,515,micro_ap,-0.004074607420301912
1,516,micro_ap,-0.0005139631178184279
1,517,micro_ap,-0.016047264573197745
1,518,micro_ap,0.00885843652683338
1,519,micro_ap,-0.0043842672404932614
1,520,micro_ap,-4.7237974732217136e-05
1,521,micro_ap,0.01829740119009446
1,522,micro_ap,-0.002412495100865497
1,523,micro_ap,-0.023514660804791948
1,524,micro_ap,-0.008227574828396783
1,525,micro_ap,-0.026649575898573696
1,526,micro_ap,-0.007463225452243316
1,527,micro_ap,0.0037809640369515507
1,528,micro_ap,0.03649769895417668
1,529,micro_ap,0.027718807778781607
1,530,micro_ap,0.008077825976629704
1,531,micro_ap,-0.006283933113737261
1,532,micro_ap,0.005995481852307416
1,533,micro_ap,0.029886788367974343
1,534,micro_ap,-0.010136196755003518
1,535,micro_ap,0.016424897071124545
1,536,micro_ap,-0.05460620257900356
1,537,micro_ap,0.022179841114743748
1,538,micro_ap,-0.013978245101003928
1,539,micro_ap,0.01660340297664492
1,540,micro_ap,0.005285346512348521
1,541,micro_ap,0.025416341128713327
1,542,micro_ap,-0.04279991108289746
1,543,micro_ap,0.05314898304018986
1,544,micro_ap,-0.008448955877516151
1,545,micro_ap,-0.050918403950776736
1,546,micro_ap,-0.03567708887322074
1,547,micro_ap,-0.02043176695795984
1,548,micro_ap,0.006243064593771386
1,549,micro_ap,-0.0016623887191437037
1,550,micro_ap,-0.003944259865649863
1,551,micro_ap,-0.06207496208580571
1,552,micro_ap,0.027993624354934077
1,553,micro_ap,-0.012371981745585958
1,554,micro_ap,-0.006448879205370461
1,555,micro_ap,0.032865611392197513
1,556,micro_ap,-0.02309471778996225
1,557,micro_ap,-0.005760929184045971
1,558,micro_ap,0.015576811889969261
1,559,micro_ap,0.010048791249441746
1,560,micro_ap,0.008991517988764852
1,561,micro_ap,-0.00389186201396427
1,562,micro_ap,0.01769143504097942
1,563,micro_ap,0.03253341236019072
1,564,micro_ap,0.031412912752181554
1,565,micro_ap,-0.01600464014083683
1,566,micro_ap,0.012340992174474097
1,567,micro_ap,-0.010958294808285585
1,568,micro_ap,-0.0005144099670784108
1,569,micro_ap,0.0008876234897072233
1,570,micro_ap,-0.006300306750163576
1,571,micro_ap,-0.003988493270950411
1,572,micro_ap,0.0650457692286554
1,573,micro_ap,0.013900673854659318
1,574,micro_ap,0.0018692250033324753
1,575,micro_ap,-0.035785052604655726
1,576,micro_ap,-0.04258771512184556
1,577,micro_ap,-0.027893930601044226
1,578,micro_ap,-0.01719168770735996
1,579,micro_ap,-0.01949554686204663
1,580,micro_ap,-0.036766362701460775
1,581,micro_ap,-0.0032637624724277947
1,582,micro_ap,-0.011571117776034978
1,583,micro_ap,-0.037043023924415136
1,584,micro_ap,-0.0379279676440287
1,585,micro_ap,0.011294712748354085
1,586,micro_ap,0.032676016775854244
1,587,micro_ap,0.023724613120743948
1,588,micro_ap,-0.019488615867980175
1,589,micro_ap,0.0059919381569635
1,590,micro_ap,0.01986364498945964
1,591,micro_ap,0.021560542506584846
1,592,micro_ap,0.01020933739630231
1,593,micro_ap,-0.03532391215369851
1,594,micro_ap,0.015581835076164341
1,595,micro_ap,0.037003809927896064
1,596,micro_ap,-0.013257420333677022
1,597,micro_ap,-0.001387500378845441
1,598,micro_ap,0.0067271428327077
1,599,micro_ap,0.03882956781810604
1,600,micro_ap,0.01686010151746356
1,601,micro_ap,-0.03305361913486382
1,602,micro_ap,0.001100393135024691
1,603,micro_ap,-0.016876252178925577
1,604,micro_ap,-0.011832196182353955
1,605,micro_ap,0.06006757686173245
1,606,micro_ap,0.004712309393549052
1,607,micro_ap,-0.007628582934631228
1,608,micro_ap,0.05786371042499411
1,609,micro_ap,0.010397936100914329
1,610,micro_ap,-0.0005686541232764464
1,611,micro_ap,-0.0151379414764658
1,612,micro_ap,0.05105261461339683
1,613,micro_ap,-0.0109074756425028
1,614,micro_ap,-0.01855815310830311
1,615,micro_ap,-0.05871358626587714
1,616,micro_ap,0.01918898233068561
1,617,micro_ap,0.006027177873616563
1,618,micro_ap,0.03351248926129324
1,619,micro_ap,-0.01037416293655724
1,620,micro_ap,-0.016672185093922348
1,621,micro_ap,-0.043859566561408436
1,622,micro_ap,-0.04900771635123258
1,623,micro_ap,0.049167962244702296
1,624,micro_ap,0.004425834572614501
1,625,micro_ap,-0.018255159090794032
1,626,micro_ap,-0.015795505217185868
1,627,micro_ap,0.02922896909317968
1,628,micro_ap,0.0014399086365384228
1,629,micro_ap,0.018286506088569965
1,630,micro_ap,-0.015436102333258067
1,631,micro_ap,0.014987925784358813
1,632,micro_ap,-0.007802108088716814
1,633,micro_ap,-0.03618925633401848
1,634,micro_ap,-0.03367624052252888
1,635,micro_ap,0.03126290962317407
1,636,micro_ap,-0.024808531454974803
1,637,micro_ap,-0.011784941628226131
1,638,micro_ap,-0.02129457628593534
1,639,micro_ap,0.008688158848304262
1,640,micro_ap,-0.039794046483991236
1,641,micro_ap,0.07417834599990672
1,642,micro_ap,-0.007855062691354664
1,643,micro_ap,-0.06360595846328665
1,644,micro_ap,0.022876591739629998
1,645,micro_ap,0.04048880407397293
1,646,micro_ap,0.0022324872182211686
1,647,micro_ap,-0.006471730023311251
1,648,micro_ap,0.08593481892070337
1,649,micro_ap,-0.0108996510039982
1,650,micro_ap,0.04987188083952904
1,651,micro_ap,-0.030973732939498372
1,652,micro_ap,0.02115728953298529
1,653,micro_ap,-0.021003129444436552
1,654,micro_ap,0.020127714313048217
1,655,micro_ap,-0.009330902525007567
1,656,micro_ap,-0.03466870902423158
1,657,micro_ap,0.033409616196788644
1,658,micro_ap,0.021559666444859404
1,659,micro_ap,-0.03728859265527837
1,660,micro_ap,0.028492802953145546
1,661,micro_ap,0.02256586969621796
1,662,micro_ap,-0.03832907758778559
1,663,micro_ap,0.011213430569487842
1,664,micro_ap,-0.001371951710294056
1,665,micro_ap,-0.041489811366273915
1,666,micro_ap,0.05793560881232637
1,667,micro_ap,0.050502721403343165
1,668,micro_ap,0.09613237992853157
1,669,micro_ap,-0.032467212102962995
1,670,micro_ap,0.04823291521380074
1,671,micro_ap,-0.00015620735843230316
1,672,micro_ap,-0.0058582052395416695
1,673,micro_ap,-0.009256089247211219
1,674,micro_ap,-0.017758778930649338
1,675,micro_ap,0.05980565147061076
1,676,micro_ap,0.024751332675274906
1,677,micro_ap,-0.029024726514634003
1,678,micro_ap,-0.0075799202247740505
1,679,micro_ap,-0.03508617247209078
1,680,micro_ap,0.02478557037575435
1,681,micro_ap,-0.007627842149647623
1,682,micro_ap,0.0129309246864249
1,683,micro_ap,-0.02185380175541865
1,684,micro_ap,0.03332065316243632
1,685,micro_ap,0.01250327509225077
1,686,micro_ap,-0.014065257795200348
1,687,micro_ap,-0.04091531588654934
1,688,micro_ap,0.014823038511305897
1,689,micro_ap,0.014402996268217338
1,690,micro_ap,0.015705183904849485
1,691,micro_ap,0.005301366236963229
1,692,micro_ap,0.00493879907574063
1,693,micro_ap,0.05529327867544198
1,694,micro_ap,0.004632487395491103
1,695,micro_ap,-0.01755688140925815
1,696,micro_ap,-0.011811857745386789
1,697,micro_ap,0.020003766749650653
1,698,micro_ap,0.016737194168746056
1,699,micro_ap,-0.03446542768383365
1,700,micro_ap,0.02161069006663055
1,701,micro_ap,-0.01091009808580029
1,702,micro_ap,-0.054728423032896656
1,703,micro_ap,0.012366345552222768
1,704,micro_ap,-0.031161396657202994
1,705,micro_ap,-0.00216089490569385
1,706,micro_ap,-0.01989961627547604
1,707,micro_ap,0.0033279878493819026
1,708,micro_ap,-0.010655257713226285
1,709,micro_ap,0.05214119821490751
1,710,micro_ap,-0.02530348064658508
1,711,micro_ap,0.045845328719263834
1,712,micro_ap,0.017158190579632526
1,713,micro_ap,0.01352947484298972
1,714,micro_ap,0.006928725988511242
1,715,micro_ap,-0.006228441866698575
1,716,micro_ap,-0.04479788548207242
1,717,micro_ap,0.0009483321491868812
1,718,micro_ap,-0.012052476814591484
1,719,micro_ap,-0.036266973154595705
1,720,micro_ap,0.027340833292618383
1,721,micro_ap,-0.0027465254392042004
1,722,micro_ap,0.007007536866136477
1,723,micro_ap,0.03281101042826712
1,724,micro_ap,0.01907379477284854
1,725,micro_ap,-0.0077971523819214406
1,726,micro_ap,0.002759805503571411
1,727,micro_ap,-0.012270392171839478
1,728,micro_ap,-0.016969457919725484
1,729,micro_ap,-0.028328718297784355
1,730,micro_ap,-0.046791878584240776
1,731,micro_ap,-0.012636271516183545
1,732,micro_ap,-0.029236908260792893
1,733,micro_ap,0.010374895108402782
1,734,micro_ap,-0.0018680394513276855
1,735,micro_ap,0.021182728830821673
1,736,micro_ap,-0.011149785520734146
1,737,micro_ap,0.014005618872183073
1,738,micro_ap,-0.001119999093424584
1,739,micro_ap,-0.030447051980912604
1,740,micro_ap,-0.03475114674950339
1,741,micro_ap,0.04336504938628355
1,742,micro_ap,0.014501853672315212
1,743,micro_ap,0.030087902150266632
1,744,micro_ap,-0.009272860712918163
1,745,micro_ap,0.02169305724504464
1,746,micro_ap,-0.008480215995190193
1,747,micro_ap,-0.022873702706947108
1,748,micro_ap,-0.0262695153466945
1,749,micro_ap,0.0032137235889289906
1,750,micro_ap,-0.006817117695270214
1,751,micro_ap,-0.030070357618906446
1,752,micro_ap,0.029284180783071156
1,753,micro_ap,-0.01671554631106159
1,754,micro_ap,0.05588017503765169
1,755,micro_ap,0.009185428346813213
1,756,micro_ap,0.002408701041587802
1,757,micro_ap,0.010820600363666222
1,758,micro_ap,-0.022628359302579087
1,759,micro_ap,0.0452794655104474
1,760,micro_ap,-0.012520713303163844
1,761,micro_ap,-0.008608935755480801
1,762,micro_ap,-0.013795732878652434
1,763,micro_ap,-0.05261839289556064
1,764,micro_ap,-0.007725084609468108
1,765,micro_ap,-0.012492527576527218
1,766,micro_ap,-0.006400937732693013
1,767,micro_ap,-0.0247102576926026
1,768,micro_ap,-0.01144252450229577
1,769,micro_ap,0.038057689443755566
1,770,micro_ap,0.010861503572108938
1,771,micro_ap,-0.009384861269411487
1,772,micro_ap,0.0066114850959302085
1,773,micro_ap,-0.0015661444247841994
1,774,micro_ap,0.028405091773660546
1,775,micro_ap,0.029421317275230285
1,776,micro_ap,-0.029356878913470164
1,777,micro_ap,-0.013791397634600105
1,778,micro_ap,0.006950508733222727
1,779,micro_ap,0.0015810366833140521
1,780,micro_ap,0.008861460412827454
1,781,micro_ap,0.009853567668660745
1,782,micro_ap,-0.016909759996973472
1,783,micro_ap,-0.009769029551365327
1,784,micro_ap,-0.013690291359576001
1,785,micro_ap,-0.011172299636746957
1,786,micro_ap,-0.018212933532377407
1,787,micro_ap,-0.017072564277977986
1,788,micro_ap,0.010343709484552432
1,789,micro_ap,0.0363300043009715
1,790,micro_ap,0.03529427930905163
1,791,micro_ap,-0.039262733052787296
1,792,micro_ap,-0.01673632395337038
1,793,micro_ap,0.017016836708408367
1,794,micro_ap,0.010784584196352143
1,795,micro_ap,0.009198465358085328
1,796,micro_ap,0.003849073193040675
1,797,micro_ap,0.016799196834651448
1,798,micro_ap,-0.012517352715473662
1,799,micro_ap,0.014983092455184921
1,800,micro_ap,0.020178013227994535
1,801,micro_ap,0.022937227891108136
1,802,micro_ap,-0.05993155237552311
1,803,micro_ap,0.008658136865990207
1,804,micro_ap,-0.0455792235346284
1,805,micro_ap,0.025605889111743607
1,806,micro_ap,0.022613730212522803
1,807,micro_ap,0.02735163861937795
1,808,micro_ap,-0.012017816625950556
1,809,micro_ap,-0.044161094900916825
1,810,micro_ap,-0.06146582174218687
1,811,micro_ap,-0.03550677081340431
1,812,micro_ap,-0.02750690777360565
1,813,micro_ap,-0.05425364834574731
1,814,micro_ap,-0.023773328368857927
1,815,micro_ap,0.010855407183314514
1,816,micro_ap,-0.029995225142073062
1,817,micro_ap,-0.0014725637147391668
1,818,micro_ap,0.017563745149073218
1,819,micro_ap,-0.028765554878111
1,820,micro_ap,0.021568070127819694
1,821,micro_ap,0.0232066814047745
1,822,micro_ap,-0.0361955037541275
1,823,micro_ap,-0.017128997720663952
1,824,micro_ap,-0.012198652768806384
1,825,micro_ap,0.004244129010328945
1,826,micro_ap,0.027196687825707666
1,827,micro_ap,0.006329312801252124
1,828,micro_ap,-0.004738622987410679
1,829,micro_ap,0.06405917800831151
1,830,micro_ap,-0.03301942391821985
1,831,micro_ap,-0.009393291113702545
1,832,micro_ap,-0.029252452939246776
1,833,micro_ap,0.011314914457310143
1,834,micro_ap,-0.031301334038222606
1,835,micro_ap,-0.002384218129293736
1,836,micro_ap,-0.05084658048793908
1,837,micro_ap,-0.01990833604711867
1,838,micro_ap,0.016199174202079752
1,839,micro_ap,-0.017965601326935615
1,840,micro_ap,0.015266536130757569
1,841,micro_ap,-0.007625008243718229
1,842,micro_ap,-0.004681264822617104
1,843,micro_ap,0.01793864200440287
1,844,micro_ap,0.02036932903425237
1,845,micro_ap,0.00507277555492866
1,846,micro_ap,0.017347060491367527
1,847,micro_ap,0.02380265777860896
1,848,micro_ap,0.04082483119019484
1,849,micro_ap,0.004303182751775464
1,850,micro_ap,-0.002535370265753567
1,851,micro_ap,-0.005289272654896315
1,852,micro_ap,-0.005888359469812671
1,853,micro_ap,0.029572691050440303
1,854,micro_ap,0.03224970840081645
1,855,micro_ap,-0.002278286418581632
1,856,micro_ap,-0.0216926621034165
1,857,micro_ap,-0.004323376427922465
1,858,micro_ap,-0.004376914831248191
1,859,micro_ap,-0.0029154458747504552
1,860,micro_ap,0.0008361980189337537
1,861,micro_ap,-0.0006163238715281016
1,862,micro_ap,0.0027455980072594866
1,863,micro_ap,0.04626738023443808
1,864,micro_ap,-0.06043075411378113
1,865,micro_ap,-0.020276683111040694
1,866,micro_ap,-0.0010810007750616801
1,867,micro_ap,0.01761488186640839
1,868,micro_ap,-0.00813640315968045
1,869,micro_ap,-0.0056955008838690535
1,870,micro_ap,-0.015712396170673687
1,871,micro_ap,0.028874796300137756
1,872,micro_ap,0.042838333961112335
1,873,micro_ap,0.015850850662180616
1,874,micro_ap,0.028200408998965254
1,875,micro_ap,0.01887757413444796
1,876,micro_ap,0.015365776185312069
1,877,micro_ap,0.033055858438103825
1,878,micro_ap,0.01068246030271608
1,879,micro_ap,-0.05053819958413619
1,880,micro_ap,-0.03979568258918548
1,881,micro_ap,-0.005171868403012675
1,882,micro_ap,-0.0015410252888513887
1,883,micro_ap,0.0069330672059698395
1,884,micro_ap,0.03553690474278298
1,885,micro_ap,0.02521828770825768
1,886,micro_ap,0.019824709587841077
1,887,micro_ap,-0.008140131399896944
1,888,micro_ap,0.006796556123575881
1,889,micro_ap,-0.009082096368922932
1,890,micro_ap,0.02181305229168884
1,891,micro_ap,0.006850957838074184
1,892,micro_ap,-0.014856582573257004
1,893,micro_ap,0.02008335925818655
1,894,micro_ap,0.018160944516217498
1,895,micro_ap,-0.011662100059841252
1,896,micro_ap,-0.011296296946863571
1,897,micro_ap,-0.0053574018107769295
1,898,micro_ap,0.05299062751828962
1,899,micro_ap,0.0002806454582847673
1,900,micro_ap,-0.00960559816879808
1,901,micro_ap,-0.0005253666517408551
1,902,micro_ap,-0.012182178162753216
1,903,micro_ap,-0.004622209035133135
1,904,micro_ap,-0.07091075016928897
1,905,micro_ap,-0.00494867633469126
1,906,micro_ap,-0.005322104816838036
1,907,micro_ap,0.03265912543777871
1,908,micro_ap,0.007914395736119684
1,909,micro_ap,-0.047445046402849606
1,910,micro_ap,-0.02873907796278069
1,911,micro_ap,-0.011366165248850923
1,912,micro_ap,-0.006605575135333108
1,913,micro_ap,-0.011431511713127396
1,914,micro_ap,-0.00907146675428186
1,915,micro_ap,-0.0006971332377088413
1,916,micro_ap,-0.0002991372292577843
1,917,micro_ap,0.017283941194050967
1,918,micro_ap,0.049294842467485944
1,919,micro_ap,0.05539510533128014
1,920,micro_ap,-0.016003505759419057
1,921,micro_ap,0.004026691852839326
1,922,micro_ap,-0.009082839602489678
1,923,micro_ap,0.020595123914154356
1,924,micro_ap,0.04714423414751612
1,925,micro_ap,-0.0639606082491899
1,926,micro_ap,-0.013028041986926753
1,927,micro_ap,0.027161278059082417
1,928,micro_ap,0.07337543747979292
1,929,micro_ap,-0.03303164877959608
1,930,micro_ap,0.02342494907916104
1,931,micro_ap,-0.015961906541938298
1,932,micro_ap,0.025832084103022068
1,933,micro_ap,-0.0011500325184580773
1,934,micro_ap,-0.03269828859351265
1,935,micro_ap,0.03088607599683682
1,936,micro_ap,0.004482280546741213
1,937,micro_ap,-0.010972207494465203
1,938,micro_ap,0.010893013200485357
1,939,micro_ap,-0.015782442407034525
1,940,micro_ap,-0.016836619500916306
1,941,micro_ap,-0.020030780172920593
1,942,micro_ap,-0.006319587710291036
1,943,micro_ap,-0.007343522237240718
1,944,micro_ap,0.0005395308388669029
1,945,micro_ap,-0.009722740105789635
1,946,micro_ap,0.03009377929380236
1,947,micro_ap,0.030646621414647884
1,948,micro_ap,-0.0373199498750163
1,949,micro_ap,-0.07496383831501166
1,950,micro_ap,0.01066158990148569
1,951,micro_ap,-0.012964055991470325
1,952,micro_ap,0.029571443775813278
1,953,micro_ap,-0.04119858865477191
1,954,micro_ap,-0.0003144431038373807
1,955,micro_ap,-0.005387954536258566
1,956,micro_ap,-0.018604355237710923
1,957,micro_ap,-0.005138769239439012
1,958,micro_ap,-0.03987088222594082
1,959,micro_ap,0.02083237707966945
1,960,micro_ap,0.01910309658525669
1,961,micro_ap,0.004721167033821028
1,962,micro_ap,0.030707424117910165
1,963,micro_ap,-0.0029038392942455915
1,964,micro_ap,0.004418016080300596
1,965,micro_ap,0.003076510603094329
1,966,micro_ap,-0.0020097445464710706
1,967,micro_ap,0.0018690787425164057
1,968,micro_ap,-0.04802687231947991
1,969,micro_ap,0.020801322671912925
1,970,micro_ap,0.0009428240557510792
1,971,micro_ap,-0.017510281427194907
1,972,micro_ap,0.04753123989258576
1,973,micro_ap,-0.017453915497662398
1,974,micro_ap,0.015168418482331303
1,975,micro_ap,-0.016862192824086686
1,976,micro_ap,0.005262915548381236
1,977,micro_ap,0.07253168658482567
1,978,micro_ap,-0.005316360968209477
1,979,micro_ap,-0.03469692800121088
1,980,micro_ap,-0.0011467534720336625
1,981,micro_ap,0.014897883279661961
1,982,micro_ap,-0.0014036474424943823
1,983,micro_ap,0.012486179385096025
1,984,micro_ap,-0.004956595916966067
1,985,micro_ap,-0.0007078521778486335
1,986,micro_ap,-0.014941628596799927
1,987,micro_ap,0.01960994066105068
1,988,micro_ap,0.020256513097344858
1,989,micro_ap,0.0162493337547156
1,990,micro_ap,-0.03338083466372038
1,991,micro_ap,0.012977092567167337
1,992,micro_ap,-0.037852995787066024
1,993,micro_ap,-0.06563793697232409
1,994,micro_ap,0.032131073818915445
1,995,micro_ap,0.023152847188741332
1,996,micro_ap,0.026405473337685947
1,997,micro_ap,-0.025413188591865005
1,998,micro_ap,-0.021035380415612592
1,999,micro_ap,0.018696284894642423
1,1000,micro_ap,0.035280503302744626
1,1001,micro_ap,-0.026789742595755173
1,1002,micro_ap,0.044915593365589035
1,1003,micro_ap,0.031515133294213515
1,1004,micro_ap,0.01638740490550175
1,1005,micro_ap,-0.02787982162726446
1,1006,micro_ap,-0.016673586958955683
1,1007,micro_ap,-0.018971796640775196
1,1008,micro_ap,-0.0018363841764130473
1,1009,micro_ap,-0.020803006240009636
1,1010,micro_ap,-0.032971578550542974
1,1011,micro_ap,-0.012162657497944152
1,1012,micro_ap,0.006715255291268596
1,1013,micro_ap,-0.011026231249067653
1,1014,micro_ap,-0.00198250566020558
1,1015,micro_ap,0.017402077921290227
1,1016,micro_ap,-0.002588456461347005
1,1017,micro_ap,0.003011117127595442
1,1018,micro_ap,-0.04208341173312799
1,1019,micro_ap,0.004003530757964779
1,1020,micro_ap,-0.0046692024903125795
1,1021,micro_ap,0.0048663482216128595
1,1022,micro_ap,-0.009086552663239267
1,1023,micro_ap,0.01775937815599815
1,1024,micro_ap,-0.01871824578578246
1,1025,micro_ap,-0.023370439932271142
1,1026,micro_ap,0.006545434947647533
1,1027,micro_ap,-0.016164284531859502
1,1028,micro_ap,0.028320519435241442
1,1029,micro_ap,0.006507837674518735
1,1030,micro_ap,0.02330257127438462
1,1031,micro_ap,0.03444512444689515
1,1032,micro_ap,-0.007732513145997377
1,1033,micro_ap,-0.031105906267952288
1,1034,micro_ap,0.016433722219133085
1,1035,micro_ap,-0.018780096263082607
1,1036,micro_ap,0.004074530441154134
1,1037,micro_ap,-0.021438420361486688
1,1038,micro_ap,0.04018953023420491
1,1039,micro_ap,0.00166671583360406
1,1040,micro_ap,0.011385719224449364
1,1041,micro_ap,0.001976525493217307
1,1042,micro_ap,-0.030850821857039912
1,1043,micro_ap,-0.022481463069951912
1,1044,micro_ap,-0.0006399625599267655
1,1045,micro_ap,0.04516448782666668
1,1046,micro_ap,-0.011646894235616378
1,1047,micro_ap,-0.0189647943833621
1,1048,micro_ap,-0.03874941124221576
1,1049,micro_ap,-0.033671260480161225
1,1050,micro_ap,0.018308581636948817
1,1051,micro_ap,-0.039874716649648895
1,1052,micro_ap,-0.02551237955385638
1,1053,micro_ap,-0.009253748730964823
1,1054,micro_ap,-0.0503581577974688
1,1055,micro_ap,-0.005147904205677872
1,1056,micro_ap,0.005191528853174143
1,1057,micro_ap,-0.041082092710164664
1,1058,micro_ap,0.01898401924380752
1,1059,micro_ap,-0.017782328235874445
1,1060,micro_ap,0.017267591291552198
1,1061,micro_ap,-0.010665554576261838
1,1062,micro_ap,-0.004605851154279084
1,1063,micro_ap,0.021776721034350355
1,1064,micro_ap,-0.03617419947162118
1,1065,micro_ap,0.05365717320936925
1,1066,micro_ap,0.004664601569294213
1,1067,micro_ap,-0.05919088466857986
1,1068,micro_ap,0.00916945557024168
1,1069,micro_ap,-0.03958239019465118
1,1070,micro_ap,-0.026561869609689093
1,1071,micro_ap,-0.006777598853754785
1,1072,micro_ap,0.027473447325196076
1,1073,micro_ap,0.026810953623799372
1,1074,micro_ap,-0.03178959499862305
1,1075,micro_ap,-0.018897384514514393
1,1076,micro_ap,0.011478209726576316
1,1077,micro_ap,0.03245511146252503
1,1078,micro_ap,-0.0010383583655378392
1,1079,micro_ap,0.009396662702002678
1,1080,micro_ap,-0.020062312286063533
1,1081,micro_ap,0.013400302593340435
1,1082,micro_ap,-0.015245724319452036
1,1083,micro_ap,-0.020344961084363206
1,1084,micro_ap,0.009711893818237005
1,1085,micro_ap,0.05496615753813075
1,1086,micro_ap,0.005717641742861379
1,1087,micro_ap,0.03731364752919458
1,1088,micro_ap,0.035223175701773995
1,1089,micro_ap,-0.026944268692868284
1,1090,micro_ap,0.04045598575290543
1,1091,micro_ap,-0.01770430249169319
1,1092,micro_ap,0.01925241649567161
1,1093,micro_ap,-0.030143268380533772
1,1094,micro_ap,0.04002484249353069
1,1095,micro_ap,-0.054956624116545255
1,1096,micro_ap,0.011947227173808972
1,1097,micro_ap,0.06829902940821808
1,1098,micro_ap,0.019726753346587494
1,1099,micro_ap,-0.03814604486693848
1,1100,micro_ap,0.0013846178637597073
1,1101,micro_ap,-0.003438767641365692
1,1102,micro_ap,0.025769287859258555
1,1103,micro_ap,0.008972332716726983
1,1104,micro_ap,-0.017962827512422064
1,1105,micro_ap,0.057542720421652926
1,1106,micro_ap,0.024488186852732713
1,1107,micro_ap,-0.04197833489078656
1,1108,micro_ap,-0.013856863874170955
1,1109,micro_ap,-0.01923879011541918
1,1110,micro_ap,-0.009729609688947316
1,1111,micro_ap,-0.01386829021364469
1,1112,micro_ap,-0.025262790679582064
1,1113,micro_ap,0.008973159651704532
1,1114,micro_ap,0.001329681561337559
1,1115,micro_ap,0.010105277106298688
1,1116,micro_ap,-0.0024319371610606877
1,1117,micro_ap,-0.0202646184226859
1,1118,micro_ap,-0.020195269734134075
1,1119,micro_ap,-0.0018690809200100633
1,1120,micro_ap,-0.02459660017752524
1,1121,micro_ap,-0.022189629268570932
1,1122,micro_ap,0.007782071611871555
1,1123,micro_ap,0.020847444183732078
1,1124,micro_ap,0.01893673114287442
1,1125,micro_ap,-0.03516403411594585
1,1126,micro_ap,0.0443174759974011
1,1127,micro_ap,-0.015637290247966507
1,1128,micro_ap,0.004903790256656215
1,1129,micro_ap,0.0071132939945252605
1,1130,micro_ap,0.029857190253599952
1,1131,micro_ap,-0.015647817895448085
1,1132,micro_ap,0.025956621621708087
1,1133,micro_ap,0.013098853471650018
1,1134,micro_ap,0.013254334250956817
1,1135,micro_ap,0.03413790434794256
1,1136,micro_ap,0.00377503672846774
1,1137,micro_ap,-0.010985903102207012
1,1138,micro_ap,0.007932930760079199
1,1139,micro_ap,-0.008618163471083434
1,1140,micro_ap,-0.004371800503977258
1,1141,micro_ap,-0.017402017594859903
1,1142,micro_ap,-0.011131240690327893
1,1143,micro_ap,-0.010815961180279332
1,1144,micro_ap,0.010264281446752038
1,1145,micro_ap,-0.03270945701716518
1,1146,micro_ap,0.0020721733937348608
1,1147,micro_ap,0.005074911812570748
1,1148,micro_ap,0.024559389035384266
1,1149,micro_ap,-0.024420724216359574
1,1150,micro_ap,-0.011872348851681258
1,1151,micro_ap,0.0058236715601151234
1,1152,micro_ap,0.04890794634409529
1,1153,micro_ap,0.03731956367948924
1,1154,micro_ap,0.007200799491785648
1,1155,micro_ap,0.01488950226186797
1,1156,micro_ap,0.03038513086856104
1,1157,micro_ap,0.003214402266749905
1,1158,micro_ap,0.02099949182667557
1,1159,micro_ap,-0.052757350898096744
1,1160,micro_ap,-0.007084285685859587
1,1161,micro_ap,0.0340211619589382
1,1162,micro_ap,0.0019898198078329155
1,1163,micro_ap,-0.002827962492633118
1,1164,micro_ap,-0.003206017097085234
1,1165,micro_ap,0.03248010278797048
1,1166,micro_ap,0.015223464396205255
1,1167,micro_ap,0.024468590782018518
1,1168,micro_ap,0.010562242989795328
1,1169,micro_ap,-0.008987569624989838
1,1170,micro_ap,-0.028400543118898003
1,1171,micro_ap,-0.008183945069792503
1,1172,micro_ap,0.0013493734956583348
1,1173,micro_ap,0.00908386803660946
1,1174,micro_ap,0.024846720387878662
1,1175,micro_ap,0.06001176166732075
1,1176,micro_ap,0.010021778348549448
1,1177,micro_ap,-0.009942715622970388
1,1178,micro_ap,-0.010115063190535012
1,1179,micro_ap,0.008173247163241942
1,1180,micro_ap,0.0021267992408631198
1,1181,micro_ap,0.04587108158850875
1,1182,micro_ap,0.021184120340756507
1,1183,micro_ap,0.03997295352203137
1,1184,micro_ap,0.037006551839381896
1,1185,micro_ap,-0.04569524382004608
1,1186,micro_ap,0.07135711962117208
1,1187,micro_ap,-0.0039328083635413735
1,1188,micro_ap,0.013778813553401187
1,1189,micro_ap,0.032200197004504216
1,1190,micro_ap,0.02037056858184133
1,1191,micro_ap,-0.03623315821854298
1,1192,micro_ap,-0.020824612473617804
1,1193,micro_ap,-0.03111300380329657
1,1194,micro_ap,0.02179048626271199
1,1195,micro_ap,-0.017626783653394457
1,1196,micro_ap,-0.03730789470634205
1,1197,micro_ap,-0.004806372473804221
1,1198,micro_ap,0.008776685861170308
1,1199,micro_ap,0.057108124419456036
1,1200,micro_ap,0.012450444621964346
1,1201,micro_ap,0.01997594711696557
1,1202,micro_ap,-0.05796929292132372
1,1203,micro_ap,-0.002774141579111572
1,1204,micro_ap,0.022410147172402112
1,1205,micro_ap,-0.001776243700004232
1,1206,micro_ap,0.008214507364591978
1,1207,micro_ap,0.050476262432852
1,1208,micro_ap,-0.010864650484161936
1,1209,micro_ap,-0.011688756808379247
1,1210,micro_ap,0.021137507971125624
1,1211,micro_ap,0.01252170724859425
1,1212,micro_ap,0.0036231817475650963
1,1213,micro_ap,-0.016506923053129396
1,1214,micro_ap,0.004625194626050655
1,1215,micro_ap,0.00042815987518030063
1,1216,micro_ap,-0.02223935614733058
1,1217,micro_ap,0.02661038999809298
1,1218,micro_ap,0.027604503546934694
1,1219,micro_ap,-0.05456549097306651
1,1220,micro_ap,-0.00019216336368738096
1,1221,micro_ap,-0.011874361049076965
1,1222,micro_ap,-0.046501386521764415
1,1223,micro_ap,0.009982871680160404
1,1224,micro_ap,0.007088528036451713
1,1225,micro_ap,0.025610160011901667
1,1226,micro_ap,-0.022337354147070332
1,1227,micro_ap,0.007538887078093914
1,1228,micro_ap,0.00492580283736993
1,1229,micro_ap,-0.04228732039755462
1,1230,micro_ap,0.025847722228954706
1,1231,micro_ap,-0.011353339967167309
1,1232,micro_ap,0.014859077079173444
1,1233,micro_ap,-0.03770652711306802
1,1234,micro_ap,0.015641876808011546
1,1235,micro_ap,0.03371889329208602
1,1236,micro_ap,-0.012752510626328595
1,1237,micro_ap,0.06950495365575554
1,1238,micro_ap,0.05477268274185873
1,1239,micro_ap,-0.019890296284145542
1,1240,micro_ap,-0.015903605990297998
1,1241,micro_ap,-0.009255335778060259
1,1242,micro_ap,0.06471126499964808
1,1243,micro_ap,-0.02195894191695319
1,1244,micro_ap,0.04625441224703036
1,1245,micro_ap,0.018132380029300788
1,1246,micro_ap,-0.020502897927337477
1,1247,micro_ap,-0.000942190809587018
1,1248,micro_ap,0.03442900595624554
1,1249,micro_ap,0.007247976322590055
1,1250,micro_ap,0.0065965699364219366
1,1251,micro_ap,0.03719756432009322
1,1252,micro_ap,0.004485822772548359
1,1253,micro_ap,-0.01992901334902114
1,1254,micro_ap,-0.01090347663611596
1,1255,micro_ap,-0.0008325258538042501
1,1256,micro_ap,-0.012498654503967532
1,1257,micro_ap,-0.0078090586606958945
1,1258,micro_ap,-0.025348187527024585
1,1259,micro_ap,-0.011474997583330093
1,1260,micro_ap,0.04091307685967732
1,1261,micro_ap,-0.026498817716570505
1,1262,micro_ap,-0.0361701466715966
1,1263,micro_ap,0.003145605776603999
1,1264,micro_ap,-0.05038788075972506
1,1265,micro_ap,0.005407351736696181
1,1266,micro_ap,0.015867892534627837
1,1267,micro_ap,-0.017253979524818164
1,1268,micro_ap,-0.04629571486941328
1,1269,micro_ap,-0.04293217684826131
1,1270,micro_ap,0.006658629268642274
1,1271,micro_ap,0.003780739647465059
1,1272,micro_ap,0.02031649936727259
1,1273,micro_ap,-0.030762002197863264
1,1274,micro_ap,-0.00990484145052789
1,1275,micro_ap,0.024496006626182898
1,1276,micro_ap,-0.004636386261826636
1,1277,micro_ap,0.006972269914687135
1,1278,micro_ap,0.004810906577155827
1,1279,micro_ap,0.041396113370424426
1,1280,micro_ap,0.002438377368539385
1,1281,micro_ap,0.03350301130509506
1,1282,micro_ap,0.0489185456505703
1,1283,micro_ap,0.030261799537650458
1,1284,micro_ap,0.003990539286114841
1,1285,micro_ap,-0.013473381700194992
1,1286,micro_ap,-0.0327088615717501
1,1287,micro_ap,0.039622932850271575
1,1288,micro_ap,-0.03403109280237179
1,1289,micro_ap,-0.060644166609473166
1,1290,micro_ap,0.014753157628967756
1,1291,micro_ap,-0.0033076718739235567
1,1292,micro_ap,0.021248098248736857
1,1293,micro_ap,0.04300506764739434
1,1294,micro_ap,-0.013251628231941204
1,1295,micro_ap,0.014408717385828523
1,1296,micro_ap,0.056337156289370416
1,1297,micro_ap,-0.04054192474803506
1,1298,micro_ap,0.0015695776542668516
1,1299,micro_ap,0.0669116008938691
1,1300,micro_ap,-0.025557099797901883
1,1301,micro_ap,-0.025538689446321983
1,1302,micro_ap,-0.04117117240484858
1,1303,micro_ap,0.014469385197837026
1,1304,micro_ap,0.012544568086545443
1,1305,micro_ap,0.020242235880426812
1,1306,micro_ap,0.059058788855199024
1,1307,micro_ap,0.015815568550469644
1,1308,micro_ap,-0.03475470614042503
1,1309,micro_ap,-0.01584367316459545
1,1310,micro_ap,0.0021633400924722657
1,1311,micro_ap,0.04443010913595108
1,1312,micro_ap,0.010566097941176134
1,1313,micro_ap,-0.0269131015582188
1,1314,micro_ap,0.03355004598183359
1,1315,micro_ap,-0.006629856401227513
1,1316,micro_ap,0.01724185220899821
1,1317,micro_ap,-0.0009343442914105382
1,1318,micro_ap,-0.03364117868713756
1,1319,micro_ap,0.057153223365101424
1,1320,micro_ap,-0.020392761498792544
1,1321,micro_ap,-0.009569727577875942
1,1322,micro_ap,0.019705719303575092
1,1323,micro_ap,-0.0009107811279804312
1,1324,micro_ap,-0.00020548142990090001
1,1325,micro_ap,0.008996641573365827
1,1326,micro_ap,0.03545028513412954
1,1327,micro_ap,-0.01993768949391178
1,1328,micro_ap,0.007268885832552058
1,1329,micro_ap,0.03290412542721416
1,1330,micro_ap,-0.03741503401604168
1,1331,micro_ap,-0.03402848982798337
1,1332,micro_ap,0.0003479710412984116
1,1333,micro_ap,0.03180594898718603
1,1334,micro_ap,-0.04315981466152344
1,1335,micro_ap,-0.024620222534111363
1,1336,micro_ap,-0.023904772718094047
1,1337,micro_ap,0.007615268907212341
1,1338,micro_ap,0.005881183829787029
1,1339,micro_ap,0.04870730130376577
1,1340,micro_ap,-0.024508266921724586
1,1341,micro_ap,-0.0025861948014775926
1,1342,micro_ap,-0.015680903561760107
1,1343,micro_ap,0.012500723348041809
1,1344,micro_ap,0.06237710478845765
1,1345,micro_ap,0.004555322421032515
1,1346,micro_ap,0.010421794773602888
1,1347,micro_ap,-0.013444399717068956
1,1348,micro_ap,-0.02336837609930814
1,1349,micro_ap,-0.02689764762937008
1,1350,micro_ap,0.019022855532140504
1,1351,micro_ap,-0.002784825548402148
1,1352,micro_ap,0.008479809734936505
1,1353,micro_ap,0.04514834085856467
1,1354,micro_ap,-0.011264714045319396
1,1355,micro_ap,-0.004477949591324387
1,1356,micro_ap,0.00944776076616366
1,1357,micro_ap,0.012692970027456951
1,1358,micro_ap,-0.00016077006480830214
1,1359,micro_ap,0.03687296636208587
1,1360,micro_ap,0.05761753274501738
1,1361,micro_ap,0.0390751768251949
1,1362,micro_ap,-0.03918483721627175
1,1363,micro_ap,0.03269226627695751
1,1364,micro_ap,-0.004250165177069415
1,1365,micro_ap,0.00644200893966046
1,1366,micro_ap,-0.03493844745185323
1,1367,micro_ap,0.006201507834282027
1,1368,micro_ap,-0.048741933706831386
1,1369,micro_ap,-0.013838222038899228
1,1370,micro_ap,-0.04333312891446078
1,1371,micro_ap,-0.010220140896335772
1,1372,micro_ap,0.0380645794301297
1,1373,micro_ap,-0.017817313932293327
1,1374,micro_ap,0.05587069553325266
1,1375,micro_ap,0.013475657692375964
1,1376,micro_ap,-0.006293707453105757
1,1377,micro_ap,0.03263437192031024
1,1378,micro_ap,-0.0063467006154340755
1,1379,micro_ap,-0.029473267518944468
1,1380,micro_ap,0.02573450490028617
1,1381,micro_ap,0.007892723862520046
1,1382,micro_ap,-0.017635599269242797
1,1383,micro_ap,-0.04356784601099173
1,1384,micro_ap,-0.03216325255922023
1,1385,micro_ap,-0.01345939143672964
1,1386,micro_ap,-0.0010843961070167718
1,1387,micro_ap,0.024884554247836144
1,1388,micro_ap,-0.0018808433164087257
1,1389,micro_ap,-0.010019801688406688
1,1390,micro_ap,0.04224775775508274
1,1391,micro_ap,0.006043482103677278
1,1392,micro_ap,0.04897407874686166
1,1393,micro_ap,0.01948103679863511
1,1394,micro_ap,-0.02534270313491213
1,1395,micro_ap,0.04821926706212082
1,1396,micro_ap,-0.013524210694341315
1,1397,micro_ap,0.043682937350749323
1,1398,micro_ap,-0.008520375835908756
1,1399,micro_ap,0.00012823949716750382
1,1400,micro_ap,0.027676955597389724
1,1401,micro_ap,0.022691466568501295
1,1402,micro_ap,0.038522958139086017
1,1403,micro_ap,-0.01099028177978123
1,1404,micro_ap,-0.007222798326428692
1,1405,micro_ap,0.0037560646153497745
1,1406,micro_ap,0.013985189703211498
1,1407,micro_ap,0.009703873409004804
1,1408,micro_ap,-0.029398133517996194
1,1409,micro_ap,0.015111322929065585
1,1410,micro_ap,-0.021014932881329967
1,1411,micro_ap,0.012115669210519653
1,1412,micro_ap,-0.01865379887613
1,1413,micro_ap,-0.022273796033904447
1,1414,micro_ap,0.014839382459814005
1,1415,micro_ap,0.03698510964754334
1,1416,micro_ap,0.044171420411375784
1,1417,micro_ap,0.015240730068378033
1,1418,micro_ap,-0.06388452757347535
1,1419,micro_ap,-0.0345389211849656
1,1420,micro_ap,-0.013741704337462718
1,1421,micro_ap,0.067436452852422
1,1422,micro_ap,0.028902902308667183
1,1423,micro_ap,-0.007703188549465084
1,1424,micro_ap,0.032875888975660794
1,1425,micro_ap,0.042383974865596474
1,1426,micro_ap,0.030264923157928225
1,1427,micro_ap,-0.008744041979486389
1,1428,micro_ap,-0.02063828655147007
1,1429,micro_ap,0.013197677168830413
1,1430,micro_ap,-0.04056044126141528
1,1431,micro_ap,0.0265624837416637
1,1432,micro_ap,-0.02841288535397174
1,1433,micro_ap,0.0015067547047424579
1,1434,micro_ap,0.018356342383494872
1,1435,micro_ap,-0.012502933710295289
1,1436,micro_ap,0.013096186973728385
1,1437,micro_ap,0.007525874560543044
1,1438,micro_ap,-0.0030876656232537436
1,1439,micro_ap,0.0063626705927080085
1,1440,micro_ap,-0.00530007627488277
1,1441,micro_ap,0.009376548074261776
1,1442,micro_ap,-0.02474009483169301
1,1443,micro_ap,0.00470301490414482
1,1444,micro_ap,0.014732299107180519
1,1445,micro_ap,0.024577727264831872
1,1446,micro_ap,-0.03994507298363836
1,1447,micro_ap,0.04529360134237967
1,1448,micro_ap,0.04496725172170468
1,1449,micro_ap,0.02065977654597323
1,1450,micro_ap,-0.014514230710173132
1,1451,micro_ap,0.013313964674340706
1,1452,micro_ap,0.03538812862761839
1,1453,micro_ap,0.02473278980214566
1,1454,micro_ap,-0.00697658341768706
1,1455,micro_ap,-0.036629960096902364
1,1456,micro_ap,-0.013615769415341733
1,1457,micro_ap,-0.019115552011526343
1,1458,micro_ap,-0.0022931575549887118
1,1459,micro_ap,-0.010900481371259874
1,1460,micro_ap,0.04841746551431381
1,1461,micro_ap,0.03032596459251158
1,1462,micro_ap,-0.0018918622028743226
1,1463,micro_ap,0.011074000436055192
1,1464,micro_ap,0.010165409914923512
1,1465,micro_ap,-0.007945392048015004
1,1466,micro_ap,-0.008420058931534607
1,1467,micro_ap,-0.011548644196820307
1,1468,micro_ap,-0.0026440386893866186
1,1469,micro_ap,-0.007824944136103074
1,1470,micro_ap,0.011261568094736552
1,1471,micro_ap,-0.005950808891508119
1,1472,micro_ap,0.00797920983697853
1,1473,micro_ap,-0.003393447650299475
1,1474,micro_ap,0.03681473283836442
1,1475,micro_ap,0.019893879417318572
1,1476,micro_ap,0.035531925327165065
1,1477,micro_ap,0.018637862881752287
1,1478,micro_ap,0.020937918153436375
1,1479,micro_ap,0.0013713361652140654
1,1480,micro_ap,-0.007474252320749025
1,1481,micro_ap,0.028332434818374996
1,1482,micro_ap,0.01224872143425601
1,1483,micro_ap,0.013310807531719954
1,1484,micro_ap,0.003436429030749477
1,1485,micro_ap,-0.005218574562554035
1,1486,micro_ap,-0.002372412813406777
1,1487,micro_ap,0.011806689914671376
1,1488,micro_ap,0.017546201231064262
1,1489,micro_ap,-0.02611530157732675
1,1490,micro_ap,0.012962570607531365
1,1491,micro_ap,-0.013428627563352946
1,1492,micro_ap,-0.01787862208049462
1,1493,micro_ap,-0.014593853289805087
1,1494,micro_ap,-0.022308901053274238
1,1495,micro_ap,0.0018647325976183793
1,1496,micro_ap,0.04887183477085996
1,1497,micro_ap,0.008815061921406075
1,1498,micro_ap,-0.017246062167116827
1,1499,micro_ap,0.003443331216002543
1,1500,micro_ap,0.004530375866945158
1,1501,micro_ap,-0.02417193454369085
1,1502,micro_ap,0.009227214971010922
1,1503,micro_ap,0.024275492300073837
1,1504,micro_ap,-0.006831889748485753
1,1505,micro_ap,-0.015654955579785634
1,1506,micro_ap,0.01110234843421834
1,1507,micro_ap,0.01692087401112155
1,1508,micro_ap,0.00902328176847153
1,1509,micro_ap,0.04354684599576286
1,1510,micro_ap,-0.004556271212450225
1,1511,micro_ap,-0.022566606767217917
1,1512,micro_ap,-0.03349475244376671
1,1513,micro_ap,-0.03530538700384078
1,1514,micro_ap,-0.020079002805089313
1,1515,micro_ap,0.03139737496991729
1,1516,micro_ap,-0.005440901140652876
1,1517,micro_ap,0.03754851243292784
1,1518,micro_ap,-0.005132158899628925
1,1519,micro_ap,0.008391878722742219
1,1520,micro_ap,-0.03259163494122691
1,1521,micro_ap,-0.022037802810358664
1,1522,micro_ap,0.003978067702148397
1,1523,micro_ap,0.019361276059912558
1,1524,micro_ap,-0.0045184448846861125
1,1525,micro_ap,0.0023949508955449506
1,1526,micro_ap,-0.021648064497275438
1,1527,micro_ap,0.007286422775708262
1,1528,micro_ap,-0.03153803195578275
1,1529,micro_ap,-0.02335940098809325
1,1530,micro_ap,0.016372229572328978
1,1531,micro_ap,0.01680399158528023
1,1532,micro_ap,-0.011467972003940147
1,1533,micro_ap,0.011871659580184102
1,1534,micro_ap,-0.016973407744498153
1,1535,micro_ap,-0.010454331520444227
1,1536,micro_ap,0.029496543173912204
1,1537,micro_ap,-0.016358465451890708
1,1538,micro_ap,-0.02312567196179971
1,1539,micro_ap,0.0287537726394978
1,1540,micro_ap,-0.008644218433739637
1,1541,micro_ap,0.003283238980934855
1,1542,micro_ap,-0.01918015987235966
1,1543,micro_ap,0.009911967247345999
1,1544,micro_ap,-0.01293739736259314
1,1545,micro_ap,0.061812063602533995
1,1546,micro_ap,0.035361690690680486
1,1547,micro_ap,-0.015461078405370032
1,1548,micro_ap,0.015016380824747044
1,1549,micro_ap,0.006011506217710932
1,1550,micro_ap,0.0294453274639091
1,1551,micro_ap,0.010729863605401402
1,1552,micro_ap,0.003919977651470341
1,1553,micro_ap,0.041849702180072196
1,1554,micro_ap,0.018261769960368573
1,1555,micro_ap,-0.012147679323398136
1,1556,micro_ap,0.0097218138632027
1,1557,micro_ap,0.005334551908655727
1,1558,micro_ap,-0.002146823516702534
1,1559,micro_ap,0.007304857934801484
1,1560,micro_ap,0.04219600619561753
1,1561,micro_ap,-0.02911174662529664
1,1562,micro_ap,0.030658516596478502
1,1563,micro_ap,-0.007329761530062817
1,1564,micro_ap,-0.0026450601691648257
1,1565,micro_ap,-0.009390743254087008
1,1566,micro_ap,-0.06496859212012035
1,1567,micro_ap,-0.002968948690249884
1,1568,micro_ap,-0.030623397378310713
1,1569,micro_ap,-0.011302263878518098
1,1570,micro_ap,-0.0014080646511169248
1,1571,micro_ap,0.016204600777397382
1,1572,micro_ap,0.0034240034579385292
1,1573,micro_ap,0.022194049655473974
1,1574,micro_ap,0.0113669574833839
1,1575,micro_ap,-0.001034883809096221
1,1576,micro_ap,-0.00247617093292396
1,1577,micro_ap,0.04764553596560492
1,1578,micro_ap,-0.006674573609480511
1,1579,micro_ap,0.015521948420202769
1,1580,micro_ap,-0.029146917757818858
1,1581,micro_ap,-0.006649906102787845
1,1582,micro_ap,-0.041824151963171685
1,1583,micro_ap,-0.006231698648141826
1,1584,micro_ap,0.008643146023610049
1,1585,micro_ap,0.01796546866912002
1,1586,micro_ap,0.005260022537901782
1,1587,micro_ap,0.03448837140773525
1,1588,micro_ap,-0.035806157858012666
1,1589,micro_ap,0.0012469535757524963
1,1590,micro_ap,0.00973706891244619
1,1591,micro_ap,0.0015095625974972937
1,1592,micro_ap,0.007238159207743705
1,1593,micro_ap,0.04161012811868167
1,1594,micro_ap,0.015871805216906842
1,1595,micro_ap,0.012676857984006973
1,1596,micro_ap,-0.004535112971119498
1,1597,micro_ap,0.024952141862667587
1,1598,micro_ap,-0.021414323413041586
1,1599,micro_ap,0.015357640641751824
1,1600,micro_ap,-0.021863340738282777
1,1601,micro_ap,-0.03558095386544241
1,1602,micro_ap,0.026859910170624446
1,1603,micro_ap,0.0033784197544133865
1,1604,micro_ap,0.028064278233059153
1,1605,micro_ap,0.009576725021269966
1,1606,micro_ap,0.0077376197331968655
1,1607,micro_ap,-0.036569249542970084
1,1608,micro_ap,0.015652997300868166
1,1609,micro_ap,-0.00922277822855666
1,1610,micro_ap,-0.008010697003191902
1,1611,micro_ap,-0.00728546598796026
1,1612,micro_ap,0.02312183637034862
1,1613,micro_ap,0.035462863418788765
1,1614,micro_ap,0.019903263290432655
1,1615,micro_ap,0.014651621545843957
1,1616,micro_ap,-0.008488104441986083
1,1617,micro_ap,0.06393014080383638
1,1618,micro_ap,-0.02029082111687866
1,1619,micro_ap,0.03788799329334294
1,1620,micro_ap,0.016949314231107376
1,1621,micro_ap,-0.0360502471593096
1,1622,micro_ap,-0.02114006010549241
1,1623,micro_ap,0.0009103478963381484
1,1624,micro_ap,-0.015914229676800395
1,1625,micro_ap,0.0256529242993504
1,1626,micro_ap,-0.03405510760179806
1,1627,micro_ap,0.029828496324795173
1,1628,micro_ap,0.0419881356229686
1,1629,micro_ap,0.008755999736652559
1,1630,micro_ap,-0.005703052846163126
1,1631,micro_ap,0.008534005774868764
1,1632,micro_ap,-0.018887456808290654
1,1633,micro_ap,0.04251279653183526
1,1634,micro_ap,-0.004257086727041337
1,1635,micro_ap,0.01838956206627601
1,1636,micro_ap,0.04204380406438882
1,1637,micro_ap,0.005834275652581211
1,1638,micro_ap,-0.004530263043351079
1,1639,micro_ap,0.009121973558138652
1,1640,micro_ap,0.037438090950710934
1,1641,micro_ap,0.003693288570887604
1,1642,micro_ap,0.03759977275438417
1,1643,micro_ap,0.01901388811268498
1,1644,micro_ap,0.004134737681673301
1,1645,micro_ap,-0.0005270962710360316
1,1646,micro_ap,0.023816444730121233
1,1647,micro_ap,-0.0018942762121923473
1,1648,micro_ap,0.0330988525938509
1,1649,micro_ap,-0.0022621850641884322
1,1650,micro_ap,-0.01370122184873035
1,1651,micro_ap,-0.02765299954611411
1,1652,micro_ap,0.014617023312716415
1,1653,micro_ap,0.0177911882003855
1,1654,micro_ap,0.009675234770854885
1,1655,micro_ap,0.004017325305976677
1,1656,micro_ap,-0.0509552955531595
1,1657,micro_ap,-0.011242340546560287
1,1658,micro_ap,0.004440033012004768
1,1659,micro_ap,0.034038671486258776
1,1660,micro_ap,-0.03106016802768377
1,1661,micro_ap,-0.02196709950448994
1,1662,micro_ap,0.010295138579844043
1,1663,micro_ap,0.005719556646697849
1,1664,micro_ap,0.0032496507196173585
1,1665,micro_ap,-0.012293520433431349
1,1666,micro_ap,0.01111805890007872
1,1667,micro_ap,0.015613444715833757
1,1668,micro_ap,-0.01510408481703951
1,1669,micro_ap,0.05744692322592587
1,1670,micro_ap,0.007443112821514469
1,1671,micro_ap,0.03725547772147919
1,1672,micro_ap,0.004784911761466448
1,1673,micro_ap,0.008827153994482806
1,1674,micro_ap,0.028605157210158744
1,1675,micro_ap,0.0151082555999843
1,1676,micro_ap,-0.015992256219001216
1,1677,micro_ap,0.0180563447241035
1,1678,micro_ap,-0.006402131122808574
1,1679,micro_ap,-0.014995345302938223
1,1680,micro_ap,-0.0362147308724825
1,1681,micro_ap,0.041321194648068105
1,1682,micro_ap,0.001972510093341845
1,1683,micro_ap,-0.018346699521030407
1,1684,micro_ap,-0.04456973353044333
1,1685,micro_ap,-0.004261795497207677
1,1686,micro_ap,0.001162849778216013
1,1687,micro_ap,-0.004255187893936141
1,1688,micro_ap,0.007242321199669666
1,1689,micro_ap,-0.023718257730418107
1,1690,micro_ap,-0.020345963610490486
1,1691,micro_ap,-0.002054489682438654
1,1692,micro_ap,0.0218202277614285
1,1693,micro_ap,-0.00930941421071843
1,1694,micro_ap,-0.012794627553216642
1,1695,micro_ap,-0.020622971964671555
1,1696,micro_ap,0.0267777623847007
1,1697,micro_ap,0.03821458114534648
1,1698,micro_ap,-0.033446696456155084
1,1699,micro_ap,-0.001821937149098174
1,1700,micro_ap,-0.028253443038786935
1,1701,micro_ap,0.015880680594886287
1,1702,micro_ap,-0.024599869641280026
1,1703,micro_ap,-0.0042457359701493225
1,1704,micro_ap,-0.03407932348918405
1,1705,micro_ap,0.045119351220533566
1,1706,micro_ap,0.028301509201411224
1,1707,micro_ap,0.0063353463799954435
1,1708,micro_ap,0.044905620852701666
1,1709,micro_ap,0.01938230567648644
1,1710,micro_ap,-0.013198765407134994
1,1711,micro_ap,0.05989965839374986
1,1712,micro_ap,-0.04086237535934331
1,1713,micro_ap,0.0261253148423711
1,1714,micro_ap,0.007418062853535773
1,1715,micro_ap,-0.023657221981307708
1,1716,micro_ap,-0.02915218839952541
1,1717,micro_ap,-0.015583365042330183
1,1718,micro_ap,0.03440631543888223
1,1719,micro_ap,0.06195581774841924
1,1720,micro_ap,-0.004529002517911496
1,1721,micro_ap,-0.03029606247157235
1,1722,micro_ap,0.0026719761921457363
1,1723,micro_ap,0.03609509190375926
1,1724,micro_ap,-0.010113610582356797
1,1725,micro_ap,0.030195354553439246
1,1726,micro_ap,-0.009139697904967381
1,1727,micro_ap,0.02152431996066259
1,1728,micro_ap,-0.01743215905015355
1,1729,micro_ap,-0.014172204022243451
1,1730,micro_ap,-0.038802937029133455
1,1731,micro_ap,0.008524227545118945
1,1732,micro_ap,-0.016316046349401786
1,1733,micro_ap,0.03702292701282717
1,1734,micro_ap,-0.0004664302895492911
1,1735,micro_ap,0.02402549837672871
1,1736,micro_ap,-0.026968692875847716
1,1737,micro_ap,-0.01635908793470034
1,1738,micro_ap,0.023012760439198476
1,1739,micro_ap,0.011920641328625164
1,1740,micro_ap,-0.018937423302779477
1,1741,micro_ap,-0.009420094226940567
1,1742,micro_ap,-0.04674779606667462
1,1743,micro_ap,-0.001703794158105565
1,1744,micro_ap,-0.034029587811338136
1,1745,micro_ap,-0.057476564973297756
1,1746,micro_ap,0.0044878035862578325
1,1747,micro_ap,0.06678184079859714
1,1748,micro_ap,0.015741097515228064
1,1749,micro_ap,-0.005807976379723967
1,1750,micro_ap,0.029755752939034597
1,1751,micro_ap,-0.01843491361100308
1,1752,micro_ap,0.04616334887490467
1,1753,micro_ap,-0.024807268491658124
1,1754,micro_ap,0.001573075486292097
1,1755,micro_ap,-0.003351872818893209
1,1756,micro_ap,0.01711313163281497
1,1757,micro_ap,-0.0149317991684835
1,1758,micro_ap,-0.02967659705571074
1,1759,micro_ap,0.020258514900116903
1,1760,micro_ap,0.020676644340260897
1,1761,micro_ap,-0.004613501271633208
1,1762,micro_ap,-0.008925220901580683
1,1763,micro_ap,-0.018084112155546034
1,1764,micro_ap,-0.009291326691525381
1,1765,micro_ap,-0.00038793775384338147
1,1766,micro_ap,-0.026263395190378264
1,1767,micro_ap,0.034318168368889956
1,1768,micro_ap,0.010495879387475121
1,1769,micro_ap,-0.02588907700791382
1,1770,micro_ap,0.0588310940689091
1,1771,micro_ap,-0.012246612316285377
1,1772,micro_ap,0.010048782074546903
1,1773,micro_ap,0.04132367218443428
1,1774,micro_ap,0.018633628334929042
1,1775,micro_ap,0.06175025460397596
1,1776,micro_ap,0.021993373913270137
1,1777,micro_ap,-0.00431103991716586
1,1778,micro_ap,0.05048473137644954
1,1779,micro_ap,0.009686814994556092
1,1780,micro_ap,0.03476291856828245
1,1781,micro_ap,-0.03761982693524876
1,1782,micro_ap,0.013824089758798674
1,1783,micro_ap,0.0034802489143170023
1,1784,micro_ap,0.008946303098053499
1,1785,micro_ap,0.035821339568909705
1,1786,micro_ap,0.0628085760101747
1,1787,micro_ap,0.00028176281497516165
1,1788,micro_ap,-0.00893517839581956
1,1789,micro_ap,0.020026600700995906
1,1790,micro_ap,-0.013207854471083885
1,1791,micro_ap,0.012484124364977117
1,1792,micro_ap,-0.02541421127685886
1,1793,micro_ap,-0.0017144564896072745
1,1794,micro_ap,-0.016924503439089883
1,1795,micro_ap,-0.0428149632900276
1,1796,micro_ap,0.029948615711291038
1,1797,micro_ap,-0.021038625273756273
1,1798,micro_ap,-0.01490464480772008
1,1799,micro_ap,-0.026378989857474083
1,1800,micro_ap,0.022963175419074083
1,1801,micro_ap,0.012002492550350075
1,1802,micro_ap,-0.01770867646267113
1,1803,micro_ap,0.004571744727924265
1,1804,micro_ap,-0.023425845724256433
1,1805,micro_ap,-0.05114576068689031
1,1806,micro_ap,-0.00982093426729802
1,1807,micro_ap,-0.030882063954004113
1,1808,micro_ap,0.004118510503269779
1,1809,micro_ap,0.025341722301766623
1,1810,micro_ap,-0.022066182337225876
1,1811,micro_ap,-0.017800163174088834
1,1812,micro_ap,0.01848928846938827
1,1813,micro_ap,-0.02139392266279566
1,1814,micro_ap,-0.007915555102974703
1,1815,micro_ap,0.0025283129816229266
1,1816,micro_ap,-0.029252058053555907
1,1817,micro_ap,-0.005015534645927133
1,1818,micro_ap,-0.02567137576986156
1,1819,micro_ap,0.0017358399312628336
1,1820,micro_ap,-0.04472852113059175
1,1821,micro_ap,0.0027449534910647944
1,1822,micro_ap,-0.027523986389808852
1,1823,micro_ap,0.04020676193765943
1,1824,micro_ap,-0.051208233510077444
1,1825,micro_ap,0.005008762836111319
1,1826,micro_ap,0.01705495797252976
1,1827,micro_ap,-0.04997850162180445
1,1828,micro_ap,0.024735245040177434
1,1829,micro_ap,-0.014262908360047288
1,1830,micro_ap,0.027145344885486367
1,1831,micro_ap,-0.009983519286015485
1,1832,micro_ap,-0.0018464633916771556
1,1833,micro_ap,-0.0018575735885620615
1,1834,micro_ap,-0.02768103829717894
1,1835,micro_ap,0.015490897182908525
1,1836,micro_ap,-0.024865051059517473
1,1837,micro_ap,-0.019012539804096118
1,1838,micro_ap,-0.0036655967480794527
1,1839,micro_ap,-0.015561612305910688
1,1840,micro_ap,0.001985619472550215
1,1841,micro_ap,-0.015282467047370824
1,1842,micro_ap,-0.0015244483722457458
1,1843,micro_ap,0.05308020202381594
1,1844,micro_ap,0.003695944745746249
1,1845,micro_ap,-0.03123231234092444
1,1846,micro_ap,0.0018923162037612906
1,1847,micro_ap,-0.03273850526491362
1,1848,micro_ap,-0.02819355857665551
1,1849,micro_ap,0.012564051531897519
1,1850,micro_ap,0.003189704840386609
1,1851,micro_ap,-0.019727481887705678
1,1852,micro_ap,0.004477254397687758
1,1853,micro_ap,0.02261392506804677
1,1854,micro_ap,-0.02003121276573186
1,1855,micro_ap,0.01040262635310657
1,1856,micro_ap,0.0034090627549807073
1,1857,micro_ap,-0.007175443644832302
1,1858,micro_ap,-0.022314054427348295
1,1859,micro_ap,0.00810862320968403
1,1860,micro_ap,0.03487645150733826
1,1861,micro_ap,-0.020759149210865496
1,1862,micro_ap,-0.013828592623078034
1,1863,micro_ap,-0.036272989799117444
1,1864,micro_ap,-0.026714577625557706
1,1865,micro_ap,0.005826101419628749
1,1866,micro_ap,-0.0037846546543897908
1,1867,micro_ap,0.02339328613532038
1,1868,micro_ap,0.026801874318647112
1,1869,micro_ap,0.006004025686263403
1,1870,micro_ap,0.01418904889456249
1,1871,micro_ap,0.036147168919585165
1,1872,micro_ap,0.061227722716432925
1,1873,micro_ap,-0.007429107906067101
1,1874,micro_ap,0.009279423153019606
1,1875,micro_ap,0.014613047090060616
1,1876,micro_ap,-0.02038383795842219
1,1877,micro_ap,-0.01247848798502757
1,1878,micro_ap,0.018702194635079605
1,1879,micro_ap,0.010396521912098278
1,1880,micro_ap,0.026500444243251375
1,1881,micro_ap,0.04932585633188738
1,1882,micro_ap,-0.021967213247777645
1,1883,micro_ap,0.007622639709075285
1,1884,micro_ap,0.018851165710546236
1,1885,micro_ap,0.08019010466866086
1,1886,micro_ap,-0.025872139261979593
1,1887,micro_ap,-0.001067134356182553
1,1888,micro_ap,0.020412641207908838
1,1889,micro_ap,0.017860369328174558
1,1890,micro_ap,-0.013340203347828927
1,1891,micro_ap,-0.04082003985159302
1,1892,micro_ap,-0.004707848794378189
1,1893,micro_ap,0.0435925542351506
1,1894,micro_ap,-0.020909478818471605
1,1895,micro_ap,0.01113378714027452
1,1896,micro_ap,0.003440664988350106
1,1897,micro_ap,0.0052881698306925795
1,1898,micro_ap,0.022392608626727623
1,1899,micro_ap,0.009606206521519778
1,1900,micro_ap,-0.04648559287837817
1,1901,micro_ap,0.024845281751705917
1,1902,micro_ap,0.019965698848597058
1,1903,micro_ap,0.01911021365718682
1,1904,micro_ap,0.019142128710119666
1,1905,micro_ap,-0.05484789135117843
1,1906,micro_ap,-0.016590466118391822
1,1907,micro_ap,0.021651784043116046
1,1908,micro_ap,-0.006596608292204903
1,1909,micro_ap,0.00851757024344213
1,1910,micro_ap,-0.00761155722821244
1,1911,micro_ap,0.07372113926310542
1,1912,micro_ap,-0.027166549287274272
1,1913,micro_ap,0.01124033175838307
1,1914,micro_ap,0.012989662886363301
1,1915,micro_ap,0.050278595130578835
1,1916,micro_ap,-0.03516396935417446
1,1917,micro_ap,0.01235187065843757
1,1918,micro_ap,0.0008448026656660834
1,1919,micro_ap,0.013262226788986087
1,1920,micro_ap,-0.015055566340240745
1,1921,micro_ap,0.042444467243892864
1,1922,micro_ap,-0.04393256313836447
1,1923,micro_ap,-0.012412471595998675
1,1924,micro_ap,0.026607959056423214
1,1925,micro_ap,0.007671379622226887
1,1926,micro_ap,-0.022602456545354477
1,1927,micro_ap,0.006565867995844243
1,1928,micro_ap,-0.017105505580998714
1,1929,micro_ap,0.05412193671969959
1,1930,micro_ap,0.00971185343904385
1,1931,micro_ap,0.006216713657107242
1,1932,micro_ap,-0.033193067188946684
1,1933,micro_ap,-0.017669608966417533
1,1934,micro_ap,0.04582391269692898
1,1935,micro_ap,-0.01636855976960888
1,1936,micro_ap,-0.002335475678525767
1,1937,micro_ap,0.0431876904783568
1,1938,micro_ap,-0.03575172948906641
1,1939,micro_ap,0.018242042789865798
1,1940,micro_ap,-0.01690857832766851
1,1941,micro_ap,0.08146844112528057
1,1942,micro_ap,-0.034826507097956844
1,1943,micro_ap,-0.03209284440677701
1,1944,micro_ap,0.03930371587000059
1,1945,micro_ap,-0.002635146526809351
1,1946,micro_ap,-0.02963333539947982
1,1947,micro_ap,0.017923947661556305
1,1948,micro_ap,-0.0030642269566339697
1,1949,micro_ap,-0.004902704093400406
1,1950,micro_ap,-0.040584025906246074
1,1951,micro_ap,7.468360498769089e-05
1,1952,micro_ap,0.01725194880966724
1,1953,micro_ap,0.01881814460276643
1,1954,micro_ap,0.02511113776643059
1,1955,micro_ap,-0.012969050161118878
1,1956,micro_ap,0.019523446701613878
1,1957,micro_ap,0.07825359124450809
1,1958,micro_ap,0.021987612854013072
1,1959,micro_ap,-0.00946358199021824
1,1960,micro_ap,-0.02665401722444083
1,1961,micro_ap,-0.009354786035069618
1,1962,micro_ap,0.009282695710325695
1,1963,micro_ap,-0.0010685775263156727
1,1964,micro_ap,0.03292665689693566
1,1965,micro_ap,0.030655224068670855
1,1966,micro_ap,-0.03399284762597299
1,1967,micro_ap,0.010683572495321536
1,1968,micro_ap,0.017298285359606064
1,1969,micro_ap,0.00876774332980762
1,1970,micro_ap,-0.0215638288740094
1,1971,micro_ap,-0.006242711732383777
1,1972,micro_ap,0.025032933017626158
1,1973,micro_ap,0.02905861508227242
1,1974,micro_ap,-0.005622864559885032
1,1975,micro_ap,0.016170650952303467
1,1976,micro_ap,-0.010390704699302117
1,1977,micro_ap,0.020998738250035676
1,1978,micro_ap,-0.040853323121605334
1,1979,micro_ap,0.010221808789881215
1,1980,micro_ap,0.018929234155676156
1,1981,micro_ap,-0.02591712684117034
1,1982,micro_ap,0.008240958041229013
1,1983,micro_ap,0.032403654630449724
1,1984,micro_ap,0.0026344700438009905
1,1985,micro_ap,-0.019436273671033316
1,1986,micro_ap,0.02703264193140789
1,1987,micro_ap,0.016147790619548963
1,1988,micro_ap,0.008563854852607244
1,1989,micro_ap,-0.021607605090351478
1,1990,micro_ap,0.01581626587377538
1,1991,micro_ap,-0.05669731789474147
1,1992,micro_ap,0.008239991725231821
1,1993,micro_ap,0.0033872124848360607
1,1994,micro_ap,0.050646675145667036
1,1995,micro_ap,0.023313270843097367
1,1996,micro_ap,-0.0010363791496516006
1,1997,micro_ap,-0.010676752622999386
1,1998,micro_ap,0.05553720584832733
1,1999,micro_ap,0.08457070489847388
2,0,macro_roc_auc,0.02115779508524185
2,1,macro_roc_auc,-0.015263746421560032
2,2,macro_roc_auc,-0.029045841273152573
2,3,macro_roc_auc,0.0019698283874834965
2,4,macro_roc_auc,0.006866753281859372
2,5,macro_roc_auc,-0.026005715907841842
2,6,macro_roc_auc,-0.010712327542016897
2,7,macro_roc_auc,0.02189958167723649
2,8,macro_roc_auc,-0.009387752232503654
2,9,macro_roc_auc,-0.009546984279309112
2,10,macro_roc_auc,0.027286535993551908
2,11,macro_roc_auc,-0.007674255026244081
2,12,macro_roc_auc,-0.014163000488717992
2,13,macro_roc_auc,0.015370920388304787
2,14,macro_roc_auc,-0.017405892013339974
2,15,macro_roc_auc,-0.01577831603312263
2,16,macro_roc_auc,0.000870550055522834
2,17,macro_roc_auc,0.009280733485853676
2,18,macro_roc_auc,-0.006589058007430371
2,19,macro_roc_auc,-0.023183698857403012
2,20,macro_roc_auc,-0.00372027186670032
2,21,macro_roc_auc,-0.0010433661118925963
2,22,macro_roc_auc,-0.013894982431925218
2,23,macro_roc_auc,0.013730239183424087
2,24,macro_roc_auc,-0.004446379207418083
2,25,macro_roc_auc,-0.002088694610262065
2,26,macro_roc_auc,-0.010767013064694408
2,27,macro_roc_auc,0.003136705288955932
2,28,macro_roc_auc,0.00608631499338419
2,29,macro_roc_auc,-0.010610225795204542
2,30,macro_roc_auc,-0.011140833332788591
2,31,macro_roc_auc,-0.0052781921720388425
2,32,macro_roc_auc,-0.023110473658386366
2,33,macro_roc_auc,-0.011084455196300969
2,34,macro_roc_auc,-0.008535834947528964
2,35,macro_roc_auc,0.0007162915056758701
2,36,macro_roc_auc,0.01988007660968205
2,37,macro_roc_auc,-0.0031162901530233933
2,38,macro_roc_auc,-0.01098758324047322
2,39,macro_roc_auc,-0.007455940805234151
2,40,macro_roc_auc,0.003357302750502167
2,41,macro_roc_auc,0.01654439636173577
2,42,macro_roc_auc,-0.00716479707479678
2,43,macro_roc_auc,-0.003826261063928582
2,44,macro_roc_auc,0.013303770191801068
2,45,macro_roc_auc,-0.028299407525450015
2,46,macro_roc_auc,0.00481285069938886
2,47,macro_roc_auc,0.021280124384113974
2,48,macro_roc_auc,-0.016800146254382864
2,49,macro_roc_auc,0.009962529819965371
2,50,macro_roc_auc,0.0010242095119386008
2,51,macro_roc_auc,-0.001368950394287638
2,52,macro_roc_auc,-0.020167788389059305
2,53,macro_roc_auc,-0.0014560792791307176
2,54,macro_roc_auc,0.004304775223487489
2,55,macro_roc_auc,-0.0033279252632646417
2,56,macro_roc_auc,-0.04666384877906693
2,57,macro_roc_auc,-0.01672890817664563
2,58,macro_roc_auc,-0.016969207661343133
2,59,macro_roc_auc,-0.005043664367494594
2,60,macro_roc_auc,0.010727174935711958
2,61,macro_roc_auc,0.0005110312292128105
2,62,macro_roc_auc,0.007691318805172265
2,63,macro_roc_auc,-0.004501843043867915
2,64,macro_roc_auc,0.013153929994972224
2,65,macro_roc_auc,-0.009330494759513308
2,66,macro_roc_auc,0.007802851424908885
2,67,macro_roc_auc,-0.009262164508085369
2,68,macro_roc_auc,-0.021719619571266335
2,69,macro_roc_auc,0.013943452120214972
2,70,macro_roc_auc,-0.03087955602011805
2,71,macro_roc_auc,-0.008703166051458155
2,72,macro_roc_auc,0.019106382470477135
2,73,macro_roc_auc,0.023339162966935945
2,74,macro_roc_auc,-0.03166208608579668
2,75,macro_roc_auc,-0.005979133315792251
2,76,macro_roc_auc,-0.005742452490067995
2,77,macro_roc_auc,0.010779060711544552
2,78,macro_roc_auc,0.00023410666848544537
2,79,macro_roc_auc,-0.0028291697202805777
2,80,macro_roc_auc,0.004547970078364383
2,81,macro_roc_auc,-0.01294679467802562
2,82,macro_roc_auc,-0.0039704182617047445
2,83,macro_roc_auc,-0.0057778584449083015
2,84,macro_roc_auc,-0.010269064183756615
2,85,macro_roc_auc,-0.007650464687853686
2,86,macro_roc_auc,-0.00036558221604054975
2,87,macro_roc_auc,-0.0033187588459739903
2,88,macro_roc_auc,-0.03152990106690423
2,89,macro_roc_auc,0.0052427938097197035
2,90,macro_roc_auc,0.003942120411550065
2,91,macro_roc_auc,0.022838727833781935
2,92,macro_roc_auc,-0.016677934776941683
2,93,macro_roc_auc,0.011804397555994606
2,94,macro_roc_auc,-0.003151508789159152
2,95,macro_roc_auc,0.008346070346213486
2,96,macro_roc_auc,-0.0018977922228702315
2,97,macro_roc_auc,0.010573649691679843
2,98,macro_roc_auc,-0.01920576726558021
2,99,macro_roc_auc,-0.0034263121129034513
2,100,macro_roc_auc,0.001749062069869689
2,101,macro_roc_auc,0.010198122325514647
2,102,macro_roc_auc,-0.007446406741663081
2,103,macro_roc_auc,-0.01437037479086578
2,104,macro_roc_auc,0.01819728979652846
2,105,macro_roc_auc,-0.03404887838123538
2,106,macro_roc_auc,-0.008297106470985138
2,107,macro_roc_auc,0.003271887192236811
2,108,macro_roc_auc,-0.007602401689447036
2,109,macro_roc_auc,0.014583603381336796
2,110,macro_roc_auc,-0.025075351040031668
2,111,macro_roc_auc,0.009915360780873739
2,112,macro_roc_auc,0.01304499913894741
2,113,macro_roc_auc,-0.006520267599749663
2,114,macro_roc_auc,-0.00021906649594538585
2,115,macro_roc_auc,-0.004436129265563027
2,116,macro_roc_auc,-0.009877256764836084
2,117,macro_roc_auc,0.017633405057674634
2,118,macro_roc_auc,-0.010031572339829986
2,119,macro_roc_auc,-0.010605285876552628
2,120,macro_roc_auc,-0.001266808470074432
2,121,macro_roc_auc,0.011983627140090825
2,122,macro_roc_auc,0.011211827270159125
2,123,macro_roc_auc,0.006527424622447375
2,124,macro_roc_auc,-0.022899449534693694
2,125,macro_roc_auc,0.01198228842675364
2,126,macro_roc_auc,-0.000996180428925908
2,127,macro_roc_auc,-0.01977362462031207
2,128,macro_roc_auc,0.03812195732100965
2,129,macro_roc_auc,-0.010239228938810352
2,130,macro_roc_auc,0.004913302374522699
2,131,macro_roc_auc,-0.032440548833864824
2,132,macro_roc_auc,-0.013491391668864039
2,133,macro_roc_auc,-0.012915868175442768
2,134,macro_roc_auc,0.002699330600869243
2,135,macro_roc_auc,-0.010506335905639652
2,136,macro_roc_auc,0.004005252499597822
2,137,macro_roc_auc,-0.008861398306013624
2,138,macro_roc_auc,-0.0138726287487827
2,139,macro_roc_auc,-0.00356524690510418
2,140,macro_roc_auc,0.0070601524164037865
2,141,macro_roc_auc,-0.017066536052326886
2,142,macro_roc_auc,-0.025889874361989973
2,143,macro_roc_auc,0.009489575916494686
2,144,macro_roc_auc,0.0042268108127041515
2,145,macro_roc_auc,0.0008416608346858423
2,146,macro_roc_auc,-0.010880171299471497
2,147,macro_roc_auc,0.007651346757882926
2,148,macro_roc_auc,-0.015568650284237484
2,149,macro_roc_auc,0.01922045538791095
2,150,macro_roc_auc,0.0041269861758079784
2,151,macro_roc_auc,-0.008706804382351607
2,152,macro_roc_auc,0.0084749922977293
2,153,macro_roc_auc,-0.021742857225757972
2,154,macro_roc_auc,-0.010192366364211058
2,155,macro_roc_auc,0.007753596901670323
2,156,macro_roc_auc,0.006693727716856834
2,157,macro_roc_auc,0.011740069338046277
2,158,macro_roc_auc,-0.011323737240537368
2,159,macro_roc_auc,-0.01183080681865456
2,160,macro_roc_auc,-0.004502014122333309
2,161,macro_roc_auc,0.021227518716438465
2,162,macro_roc_auc,-0.02117377550191446
2,163,macro_roc_auc,-0.017701376988093043
2,164,macro_roc_auc,-0.007898567057308847
2,165,macro_roc_auc,-0.021021249475061454
2,166,macro_roc_auc,0.009756676231000738
2,167,macro_roc_auc,-0.0008207362031973364
2,168,macro_roc_auc,0.013118855771690918
2,169,macro_roc_auc,-0.008553054297139262
2,170,macro_roc_auc,-0.04678096285562383
2,171,macro_roc_auc,0.01688714731115848
2,172,macro_roc_auc,0.01349990921478561
2,173,macro_roc_auc,0.002933037401054883
2,174,macro_roc_auc,-0.0010890840327764106
2,175,macro_roc_auc,0.0001088049181358075
2,176,macro_roc_auc,-0.02017555442620378
2,177,macro_roc_auc,-0.03770520349118056
2,178,macro_roc_auc,-0.03484625161567356
2,179,macro_roc_auc,0.0034808352089010786
2,180,macro_roc_auc,-0.013802201147562365
2,181,macro_roc_auc,-0.010786976361422895
2,182,macro_roc_auc,-0.023527186987898907
2,183,macro_roc_auc,0.011100244815475113
2,184,macro_roc_auc,0.00018608683176157825
2,185,macro_roc_auc,0.016229307358857747
2,186,macro_roc_auc,-0.018320197563759022
2,187,macro_roc_auc,-0.017095298805203885
2,188,macro_roc_auc,0.0009710519852565991
2,189,macro_roc_auc,-0.003914961076579959
2,190,macro_roc_auc,0.0025301695512227607
2,191,macro_roc_auc,-0.0049509024552943925
2,192,macro_roc_auc,-0.004996558298847487
2,193,macro_roc_auc,0.00905071474727459
2,194,macro_roc_auc,0.012980703413656869
2,195,macro_roc_auc,-0.025242006170604014
2,196,macro_roc_auc,0.017760209998859744
2,197,macro_roc_auc,-0.0054984078667400516
2,198,macro_roc_auc,-0.0154508972424523
2,199,macro_roc_auc,-0.008974900591888435
2,200,macro_roc_auc,-0.009867918968351375
2,201,macro_roc_auc,0.03145514524645543
2,202,macro_roc_auc,-0.029448861453065578
2,203,macro_roc_auc,-0.02615994824779122
2,204,macro_roc_auc,-0.017226136214277377
2,205,macro_roc_auc,-0.012429007607409503
2,206,macro_roc_auc,-0.009215395665883919
2,207,macro_roc_auc,-0.001346504704713758
2,208,macro_roc_auc,0.02633653840420258
2,209,macro_roc_auc,0.01861787216008315
2,210,macro_roc_auc,0.0012373081034646738
2,211,macro_roc_auc,-0.014042412830994944
2,212,macro_roc_auc,-0.029490467385218433
2,213,macro_roc_auc,-0.01386206935246681
2,214,macro_roc_auc,-0.006381870128727374
2,215,macro_roc_auc,0.005491552689547596
2,216,macro_roc_auc,-0.01606620945448789
2,217,macro_roc_auc,-0.020482247642782503
2,218,macro_roc_auc,0.015619865984419556
2,219,macro_roc_auc,-0.03032816936268634
2,220,macro_roc_auc,-0.00899655977677083
2,221,macro_roc_auc,0.0008099944127639702
2,222,macro_roc_auc,-0.005907623068309942
2,223,macro_roc_auc,-0.011829705231233278
2,224,macro_roc_auc,-0.016833499870193114
2,225,macro_roc_auc,-0.007783708853338234
2,226,macro_roc_auc,0.004288066990963402
2,227,macro_roc_auc,-0.008121169524678895
2,228,macro_roc_auc,0.00741736437995999
2,229,macro_roc_auc,-0.008125823150128664
2,230,macro_roc_auc,-0.012223969293173265
2,231,macro_roc_auc,0.0199403362095667
2,232,macro_roc_auc,0.0051136761127079655
2,233,macro_roc_auc,-0.002879029595606153
2,234,macro_roc_auc,-0.005413672747084042
2,235,macro_roc_auc,-0.01253866671166648
2,236,macro_roc_auc,-0.009494349755724718
2,237,macro_roc_auc,0.013017002197630578
2,238,macro_roc_auc,0.003099330704193437
2,239,macro_roc_auc,-0.008552384586089423
2,240,macro_roc_auc,-0.01530528994920366
2,241,macro_roc_auc,-0.02926016959762645
2,242,macro_roc_auc,-0.009688891566092539
2,243,macro_roc_auc,0.02128702511346736
2,244,macro_roc_auc,-0.014837625040445723
2,245,macro_roc_auc,-0.0190074632151076
2,246,macro_roc_auc,0.008873544626065044
2,247,macro_roc_auc,-0.03857511592866825
2,248,macro_roc_auc,0.027656136830512823
2,249,macro_roc_auc,-0.01918286817668413
2,250,macro_roc_auc,0.011926398405732286
2,251,macro_roc_auc,0.005705415928391688
2,252,macro_roc_auc,0.0008643810647267491
2,253,macro_roc_auc,0.01753973732470282
2,254,macro_roc_auc,-0.006668298843893861
2,255,macro_roc_auc,-0.00839964093701917
2,256,macro_roc_auc,0.019223071493059685
2,257,macro_roc_auc,-0.003282971354052977
2,258,macro_roc_auc,-0.014719086869384834
2,259,macro_roc_auc,0.008736689939016551
2,260,macro_roc_auc,0.018485776178571944
2,261,macro_roc_auc,-0.004102482005245989
2,262,macro_roc_auc,-0.014700852199616254
2,263,macro_roc_auc,-0.031603225875276975
2,264,macro_roc_auc,0.003796617509624567
2,265,macro_roc_auc,-0.013631847875378744
2,266,macro_roc_auc,0.026198306376710723
2,267,macro_roc_auc,-0.014563501369672771
2,268,macro_roc_auc,0.003770025356166884
2,269,macro_roc_auc,-0.023716345304316655
2,270,macro_roc_auc,-0.01466754158994843
2,271,macro_roc_auc,0.014933979454557544
2,272,macro_roc_auc,0.008528279127306582
2,273,macro_roc_auc,-0.0036379804350552547
2,274,macro_roc_auc,-0.028888945399343502
2,275,macro_roc_auc,0.001887481536894553
2,276,macro_roc_auc,-0.01236202519917684
2,277,macro_roc_auc,0.002192242449749582
2,278,macro_roc_auc,0.020155648114638658
2,279,macro_roc_auc,0.0012130485022735504
2,280,macro_roc_auc,0.02067140454983829
2,281,macro_roc_auc,-0.0009721076033232245
2,282,macro_roc_auc,0.003993556032030998
2,283,macro_roc_auc,0.017585249671283054
2,284,macro_roc_auc,0.01022288312099695
2,285,macro_roc_auc,-0.015695367083601197
2,286,macro_roc_auc,0.021484654661952263
2,287,macro_roc_auc,0.02229183408707014
2,288,macro_roc_auc,-0.012508294426654132
2,289,macro_roc_auc,-0.007028714212856557
2,290,macro_roc_auc,-0.0017941630659087382
2,291,macro_roc_auc,0.006940831896838584
2,292,macro_roc_auc,-0.005334047022099053
2,293,macro_roc_auc,-0.002747523901465043
2,294,macro_roc_auc,0.012231069333348943
2,295,macro_roc_auc,-0.0014775364033841054
2,296,macro_roc_auc,-0.00503053715009405
2,297,macro_roc_auc,0.010037483558203775
2,298,macro_roc_auc,0.012421410560828572
2,299,macro_roc_auc,0.004898348632541127
2,300,macro_roc_auc,-0.00748702111977384
2,301,macro_roc_auc,-0.014080223631607436
2,302,macro_roc_auc,-0.013247495491713779
2,303,macro_roc_auc,-0.016974353160249533
2,304,macro_roc_auc,-0.006625537544685645
2,305,macro_roc_auc,-0.001381418259359668
2,306,macro_roc_auc,-0.003523682408618334
2,307,macro_roc_auc,0.016354688557047137
2,308,macro_roc_auc,-0.002265105271988088
2,309,macro_roc_auc,0.00246226594577037
2,310,macro_roc_auc,-0.028531956159175365
2,311,macro_roc_auc,0.019435056977924248
2,312,macro_roc_auc,-0.014952496798843584
2,313,macro_roc_auc,-0.010350703276879591
2,314,macro_roc_auc,-0.02797972194840459
2,315,macro_roc_auc,-0.013752313284296824
2,316,macro_roc_auc,-0.02058294728991683
2,317,macro_roc_auc,-0.01952189775272095
2,318,macro_roc_auc,-0.009233859555610735
2,319,macro_roc_auc,0.00269125088841049
2,320,macro_roc_auc,-0.009597345541778934
2,321,macro_roc_auc,-0.019076298239266487
2,322,macro_roc_auc,-0.023377780815497573
2,323,macro_roc_auc,0.0003159577074808295
2,324,macro_roc_auc,-0.0040112862746017885
2,325,macro_roc_auc,0.0038587850913233135
2,326,macro_roc_auc,-0.002791968332703898
2,327,macro_roc_auc,0.015026579317170441
2,328,macro_roc_auc,-0.009560896701503951
2,329,macro_roc_auc,-0.007473099348511814
2,330,macro_roc_auc,-0.00632192456109848
2,331,macro_roc_auc,0.02318458628110831
2,332,macro_roc_auc,0.022829592412603072
2,333,macro_roc_auc,0.0008137881637211297
2,334,macro_roc_auc,0.004543182634679899
2,335,macro_roc_auc,0.0050416667657369185
2,336,macro_roc_auc,-0.009149765894916118
2,337,macro_roc_auc,-0.037031942032000886
2,338,macro_roc_auc,-0.027534871330929356
2,339,macro_roc_auc,-0.008977374768530999
2,340,macro_roc_auc,-0.0002849308609040868
2,341,macro_roc_auc,-0.01909374918932938
2,342,macro_roc_auc,-0.0321769467407238
2,343,macro_roc_auc,-0.01469339810447412
2,344,macro_roc_auc,0.005144119367339051
2,345,macro_roc_auc,-0.018895137380111615
2,346,macro_roc_auc,-0.0125220584694955
2,347,macro_roc_auc,0.006333568284128233
2,348,macro_roc_auc,0.002513551790226054
2,349,macro_roc_auc,0.026798146525017774
2,350,macro_roc_auc,0.001149866272520783
2,351,macro_roc_auc,-0.025649341515251778
2,352,macro_roc_auc,-0.017788652412839
2,353,macro_roc_auc,0.00018397896942312641
2,354,macro_roc_auc,-0.01053153577230237
2,355,macro_roc_auc,-0.0026654094168649944
2,356,macro_roc_auc,-0.00833799672035751
2,357,macro_roc_auc,0.0030229022074382828
2,358,macro_roc_auc,-0.0056616161677126575
2,359,macro_roc_auc,0.008576516920774657
2,360,macro_roc_auc,0.001333012026351943
2,361,macro_roc_auc,-0.006828247452030034
2,362,macro_roc_auc,0.010775754854092212
2,363,macro_roc_auc,-0.01193234141638233
2,364,macro_roc_auc,-0.0037431874945490495
2,365,macro_roc_auc,0.0006821042351312645
2,366,macro_roc_auc,0.0005359936252481434
2,367,macro_roc_auc,0.014124978576307567
2,368,macro_roc_auc,-0.01017864906669319
2,369,macro_roc_auc,-0.007944155017949983
2,370,macro_roc_auc,-0.007206139818352497
2,371,macro_roc_auc,0.0010054677843757132
2,372,macro_roc_auc,-0.008482585846492752
2,373,macro_roc_auc,0.0037376306990144492
2,374,macro_roc_auc,0.011968267189828241
2,375,macro_roc_auc,-0.02330187013402285
2,376,macro_roc_auc,-0.002819061133385148
2,377,macro_roc_auc,-0.006838622402208894
2,378,macro_roc_auc,-0.014500613307567689
2,379,macro_roc_auc,-0.02943576961033656
2,380,macro_roc_auc,-0.006331464663613895
2,381,macro_roc_auc,-0.0145267232505909
2,382,macro_roc_auc,-0.005652153708754937
2,383,macro_roc_auc,-0.013515844436186253
2,384,macro_roc_auc,-0.0021056845458452544
2,385,macro_roc_auc,-0.007574123904909746
2,386,macro_roc_auc,-0.004835971080526802
2,387,macro_roc_auc,0.010370246329146071
2,388,macro_roc_auc,-0.0037991506560762778
2,389,macro_roc_auc,0.009998644359914155
2,390,macro_roc_auc,0.015051030851446545
2,391,macro_roc_auc,0.004015416159440788
2,392,macro_roc_auc,-0.01412212388858236
2,393,macro_roc_auc,-0.001812179969539418
2,394,macro_roc_auc,0.016171816418074636
2,395,macro_roc_auc,-0.013203125918094694
2,396,macro_roc_auc,0.009083333055939669
2,397,macro_roc_auc,0.037873046541955224
2,398,macro_roc_auc,-0.015514379194554562
2,399,macro_roc_auc,-0.008824030077186795
2,400,macro_roc_auc,-0.0018278493372981819
2,401,macro_roc_auc,-0.004896162802142112
2,402,macro_roc_auc,-0.01843088936437076
2,403,macro_roc_auc,-0.008971608207510418
2,404,macro_roc_auc,0.001579793542614949
2,405,macro_roc_auc,-0.016452819656710083
2,406,macro_roc_auc,-0.0024978068180933066
2,407,macro_roc_auc,0.005996566486151322
2,408,macro_roc_auc,-0.012443202990739533
2,409,macro_roc_auc,0.006783469781403206
2,410,macro_roc_auc,0.005463461596910801
2,411,macro_roc_auc,-0.0034969264228618124
2,412,macro_roc_auc,-0.016059040799738966
2,413,macro_roc_auc,0.0025318100028641766
2,414,macro_roc_auc,0.013629203137407564
2,415,macro_roc_auc,0.005547410801213126
2,416,macro_roc_auc,-0.011515083276054328
2,417,macro_roc_auc,-0.0021995974605832913
2,418,macro_roc_auc,-0.008655556309387968
2,419,macro_roc_auc,0.00571649909426708
2,420,macro_roc_auc,0.012437465536753955
2,421,macro_roc_auc,-0.009671099165851738
2,422,macro_roc_auc,-0.006184343966221473
2,423,macro_roc_auc,-0.010304734635514068
2,424,macro_roc_auc,0.0039751736887776445
2,425,macro_roc_auc,0.0199718656637643
2,426,macro_roc_auc,0.009033915276528748
2,427,macro_roc_auc,0.008388403501098374
2,428,macro_roc_auc,0.01699825124791854
2,429,macro_roc_auc,-0.0027732379676818075
2,430,macro_roc_auc,-0.008527125108139244
2,431,macro_roc_auc,-0.01014458931654183
2,432,macro_roc_auc,-0.013103606364229137
2,433,macro_roc_auc,-0.01648726110831067
2,434,macro_roc_auc,0.014144254647256549
2,435,macro_roc_auc,-0.012244645068491211
2,436,macro_roc_auc,-8.84316502269833e-06
2,437,macro_roc_auc,0.027449270845735563
2,438,macro_roc_auc,-0.013844003141759154
2,439,macro_roc_auc,-0.025616244127143473
2,440,macro_roc_auc,-0.0043915251157531365
2,441,macro_roc_auc,-0.024937238439370346
2,442,macro_roc_auc,-0.004487062801184383
2,443,macro_roc_auc,-0.017989199501412978
2,444,macro_roc_auc,-0.010134890239086203
2,445,macro_roc_auc,-0.007824542512267163
2,446,macro_roc_auc,-0.009932485700332339
2,447,macro_roc_auc,-0.037426858511817485
2,448,macro_roc_auc,-0.013040886724189571
2,449,macro_roc_auc,-0.025820787954276003
2,450,macro_roc_auc,0.018596411025915915
2,451,macro_roc_auc,-0.032132694044776144
2,452,macro_roc_auc,-0.015081151554563466
2,453,macro_roc_auc,0.019352791089780053
2,454,macro_roc_auc,0.006066151232365979
2,455,macro_roc_auc,-0.014798612309019132
2,456,macro_roc_auc,-0.002418739247213142
2,457,macro_roc_auc,-0.00633659671949971
2,458,macro_roc_auc,-0.008603855797883253
2,459,macro_roc_auc,-0.011731445205474977
2,460,macro_roc_auc,-0.0024615133123290223
2,461,macro_roc_auc,-0.02248846894028622
2,462,macro_roc_auc,-0.012797426970832193
2,463,macro_roc_auc,-0.009909425557454887
2,464,macro_roc_auc,0.0013557715315203334
2,465,macro_roc_auc,-0.00016204555549581556
2,466,macro_roc_auc,-0.0013418877308254418
2,467,macro_roc_auc,0.02251956432204305
2,468,macro_roc_auc,-0.018619440133221477
2,469,macro_roc_auc,0.008384063996630942
2,470,macro_roc_auc,-0.02104809881551639
2,471,macro_roc_auc,-0.00939306716362176
2,472,macro_roc_auc,-0.0013076421961285556
2,473,macro_roc_auc,-0.0030627675044442304
2,474,macro_roc_auc,-0.006198256801347224
2,475,macro_roc_auc,-0.001821769326100009
2,476,macro_roc_auc,-0.0019391352655125926
2,477,macro_roc_auc,-0.0024226067554233843
2,478,macro_roc_auc,-0.021876414113699227
2,479,macro_roc_auc,-0.016534884468184408
2,480,macro_roc_auc,0.0149959415410581
2,481,macro_roc_auc,-0.006848368431786822
2,482,macro_roc_auc,-0.0034365881666598153
2,483,macro_roc_auc,0.005495363790531949
2,484,macro_roc_auc,-0.02627884404537406
2,485,macro_roc_auc,0.012667952174055808
2,486,macro_roc_auc,0.012324124146294912
2,487,macro_roc_auc,0.0010700644388459413
2,488,macro_roc_auc,-0.00020089736060735497
2,489,macro_roc_auc,0.011738705049687548
2,490,macro_roc_auc,0.0017764078684917584
2,491,macro_roc_auc,-0.042279559829184965
2,492,macro_roc_auc,-0.00980438658942151
2,493,macro_roc_auc,0.00039683387950117943
2,494,macro_roc_auc,-0.013533916973836213
2,495,macro_roc_auc,0.0031966546591594147
2,496,macro_roc_auc,-0.0063370684012552525
2,497,macro_roc_auc,-0.004052819478280956
2,498,macro_roc_auc,0.003377432245963985
2,499,macro_roc_auc,-0.009340166343243639
2,500,macro_roc_auc,-0.02427056407722583
2,501,macro_roc_auc,-0.02620497527886423
2,502,macro_roc_auc,-0.016046853869644773
2,503,macro_roc_auc,0.004421877000667873
2,504,macro_roc_auc,-0.027605252376216582
2,505,macro_roc_auc,-0.013899305601765888
2,506,macro_roc_auc,0.008773052909594958
2,507,macro_roc_auc,0.0011735831189038093
2,508,macro_roc_auc,-0.015435943748693282
2,509,macro_roc_auc,-0.02050767670259468
2,510,macro_roc_auc,0.008999280283389144
2,511,macro_roc_auc,0.0010256063048500463
2,512,macro_roc_auc,0.014461694247583035
2,513,macro_roc_auc,-0.00032953009575165115
2,514,macro_roc_auc,0.012317296700620206
2,515,macro_roc_auc,-0.016120111815309146
2,516,macro_roc_auc,0.0020253802184259095
2,517,macro_roc_auc,0.008414423413577565
2,518,macro_roc_auc,-0.0022554874946721926
2,519,macro_roc_auc,-0.010263865928266336
2,520,macro_roc_auc,-0.014070374432599952
2,521,macro_roc_auc,-0.012476016963928749
2,522,macro_roc_auc,-9.551012236053147e-05
2,523,macro_roc_auc,0.0180553481873702
2,524,macro_roc_auc,-0.00020138120664592307
2,525,macro_roc_auc,0.008522145851298957
2,526,macro_roc_auc,0.011609443991675183
2,527,macro_roc_auc,-0.002306465488665199
2,528,macro_roc_auc,0.005427076537072861
2,529,macro_roc_auc,-0.02029837236844556
2,530,macro_roc_auc,-0.004503614253383859
2,531,macro_roc_auc,-0.009823430780222298
2,532,macro_roc_auc,-0.012275007422605233
2,533,macro_roc_auc,-0.006872514007500552
2,534,macro_roc_auc,0.006359299288500542
2,535,macro_roc_auc,-0.008293071368241756
2,536,macro_roc_auc,-0.0007963739362618627
2,537,macro_roc_auc,-0.01649285562286973
2,538,macro_roc_auc,0.034870043085364344
2,539,macro_roc_auc,-0.004090890604098618
2,540,macro_roc_auc,-0.007826420314460014
2,541,macro_roc_auc,0.02277136535479396
2,542,macro_roc_auc,-0.003922323364367819
2,543,macro_roc_auc,-0.0011027425615605102
2,544,macro_roc_auc,0.0012185428677787824
2,545,macro_roc_auc,-0.002224713227059638
2,546,macro_roc_auc,-0.0026258750949994525
2,547,macro_roc_auc,0.0199604629094422
2,548,macro_roc_auc,-0.0033420609627414777
2,549,macro_roc_auc,0.0085482506137734
2,550,macro_roc_auc,-0.01035803880718178
2,551,macro_roc_auc,-0.022465374401971716
2,552,macro_roc_auc,-0.027477068017698558
2,553,macro_roc_auc,-0.018681184830630526
2,554,macro_roc_auc,-0.0196603935669446
2,555,macro_roc_auc,-0.010171606046032178
2,556,macro_roc_auc,-0.0278036082038986
2,557,macro_roc_auc,-0.013380930202872787
2,558,macro_roc_auc,0.006757297649594873
2,559,macro_roc_auc,-0.016639185163714876
2,560,macro_roc_auc,0.025919953593429024
2,561,macro_roc_auc,-0.0069590368710601425
2,562,macro_roc_auc,0.010609281727645636
2,563,macro_roc_auc,-0.005938031701960611
2,564,macro_roc_auc,0.015101756921884535
2,565,macro_roc_auc,-0.004863852750813913
2,566,macro_roc_auc,0.02213263269303334
2,567,macro_roc_auc,0.00411898538358213
2,568,macro_roc_auc,0.006982121522281282
2,569,macro_roc_auc,0.015863189772497344
2,570,macro_roc_auc,-0.013187088823608528
2,571,macro_roc_auc,-0.007333521893635675
2,572,macro_roc_auc,-0.021171306223825903
2,573,macro_roc_auc,0.02740969108909108
2,574,macro_roc_auc,-0.0006930349364128174
2,575,macro_roc_auc,-1.9553111600401074e-05
2,576,macro_roc_auc,-0.020080457656073802
2,577,macro_roc_auc,0.008851203229337412
2,578,macro_roc_auc,0.006243878949537374
2,579,macro_roc_auc,-0.01224556184581338
2,580,macro_roc_auc,-0.013331797337211682
2,581,macro_roc_auc,-0.021542272541836494
2,582,macro_roc_auc,-0.0322157944486996
2,583,macro_roc_auc,-0.0004807722496730227
2,584,macro_roc_auc,-0.017246766767913924
2,585,macro_roc_auc,-0.00016605895922172653
2,586,macro_roc_auc,-0.03206788255024284
2,587,macro_roc_auc,0.004603004312618841
2,588,macro_roc_auc,-0.01516624243581377
2,589,macro_roc_auc,-0.014312727296231342
2,590,macro_roc_auc,0.012138293319338467
2,591,macro_roc_auc,0.001589565187504527
2,592,macro_roc_auc,0.009885563383427387
2,593,macro_roc_auc,-0.018083891511422756
2,594,macro_roc_auc,0.00958930125838342
2,595,macro_roc_auc,0.015904660986509445
2,596,macro_roc_auc,-0.01968998418179846
2,597,macro_roc_auc,0.006693442546523487
2,598,macro_roc_auc,-0.02350730271974133
2,599,macro_roc_auc,0.005284608763259535
2,600,macro_roc_auc,0.016627300413998958
2,601,macro_roc_auc,-0.02680907176786218
2,602,macro_roc_auc,-0.011518167100270538
2,603,macro_roc_auc,-0.018680214661408234
2,604,macro_roc_auc,-0.023081603255127647
2,605,macro_roc_auc,0.0035470185832430223
2,606,macro_roc_auc,-0.002398130173482227
2,607,macro_roc_auc,-0.012025059456000409
2,608,macro_roc_auc,0.0035157917376252845
2,609,macro_roc_auc,0.010838771136146286
2,610,macro_roc_auc,0.006178336324999978
2,611,macro_roc_auc,0.003970251275013714
2,612,macro_roc_auc,-0.017518449887333976
2,613,macro_roc_auc,-0.0007874878348699266
2,614,macro_roc_auc,0.0007778069862151016
2,615,macro_roc_auc,-0.0015694963779153692
2,616,macro_roc_auc,-0.03004174997712561
2,617,macro_roc_auc,0.0011652128135876128
2,618,macro_roc_auc,0.0021934380791296393
2,619,macro_roc_auc,-0.026562280056923182
2,620,macro_roc_auc,0.013789353311686181
2,621,macro_roc_auc,0.008322356654864471
2,622,macro_roc_auc,-0.0063389332851090385
2,623,macro_roc_auc,-0.02916851347844618
2,624,macro_roc_auc,-0.020714431467337868
2,625,macro_roc_auc,-0.00934657894805635
2,626,macro_roc_auc,-0.024151740548571055
2,627,macro_roc_auc,-0.01175234976277495
2,628,macro_roc_auc,0.013017750766627367
2,629,macro_roc_auc,-0.019871803595880366
2,630,macro_roc_auc,0.01360694245787275
2,631,macro_roc_auc,0.005341227757296396
2,632,macro_roc_auc,0.02674378637461794
2,633,macro_roc_auc,0.015343885986149108
2,634,macro_roc_auc,-0.0031618098324589505
2,635,macro_roc_auc,0.008988563201286714
2,636,macro_roc_auc,-0.022772052852230495
2,637,macro_roc_auc,-0.0059337267319391485
2,638,macro_roc_auc,0.013068747314024187
2,639,macro_roc_auc,0.022657988171382093
2,640,macro_roc_auc,-0.008592615038665152
2,641,macro_roc_auc,0.0006905151454559277
2,642,macro_roc_auc,-0.023176805905352205
2,643,macro_roc_auc,-0.024503103526248737
2,644,macro_roc_auc,-0.015399664761388654
2,645,macro_roc_auc,0.000816457821222083
2,646,macro_roc_auc,-0.01004610277532747
2,647,macro_roc_auc,-0.024729906149802083
2,648,macro_roc_auc,0.01180830910823083
2,649,macro_roc_auc,0.006530356352386413
2,650,macro_roc_auc,0.027623401934925074
2,651,macro_roc_auc,0.0010489403189790636
2,652,macro_roc_auc,-0.020041526130123555
2,653,macro_roc_auc,-0.0015612220580392133
2,654,macro_roc_auc,0.005362267631675133
2,655,macro_roc_auc,-0.014952175024793513
2,656,macro_roc_auc,-0.013889666546301194
2,657,macro_roc_auc,-0.02134403783655836
2,658,macro_roc_auc,-0.006356873875879021
2,659,macro_roc_auc,0.030964321078348234
2,660,macro_roc_auc,-0.0030911342415084198
2,661,macro_roc_auc,-0.02067824146226127
2,662,macro_roc_auc,-0.020823109315450616
2,663,macro_roc_auc,-0.011382961781780221
2,664,macro_roc_auc,0.0025109206740271395
2,665,macro_roc_auc,-0.004990980248313348
2,666,macro_roc_auc,-0.009940315871743599
2,667,macro_roc_auc,-0.025357858391965804
2,668,macro_roc_auc,0.0061594944930057904
2,669,macro_roc_auc,-0.01658344824390634
2,670,macro_roc_auc,0.009497719037841468
2,671,macro_roc_auc,-0.023429581003455824
2,672,macro_roc_auc,0.012238579921546089
2,673,macro_roc_auc,-0.022552700871687592
2,674,macro_roc_auc,0.007982114294746379
2,675,macro_roc_auc,-0.031116546727133265
2,676,macro_roc_auc,-0.009410250309436652
2,677,macro_roc_auc,-0.005846774274217537
2,678,macro_roc_auc,-0.001726434700978996
2,679,macro_roc_auc,-0.006123446575837965
2,680,macro_roc_auc,-0.006108942338360013
2,681,macro_roc_auc,0.006002313692989203
2,682,macro_roc_auc,0.004840491124545987
2,683,macro_roc_auc,0.007255999395561097
2,684,macro_roc_auc,0.00470686666019926
2,685,macro_roc_auc,-0.013453215241014616
2,686,macro_roc_auc,0.00048624916468953394
2,687,macro_roc_auc,-0.0019154845201388992
2,688,macro_roc_auc,-0.011164706349002906
2,689,macro_roc_auc,0.009940775601815943
2,690,macro_roc_auc,0.011725054356916842
2,691,macro_roc_auc,-0.023094747772658075
2,692,macro_roc_auc,-0.00798282584636345
2,693,macro_roc_auc,0.0021756350576808137
2,694,macro_roc_auc,-0.006563018117671016
2,695,macro_roc_auc,0.0005677483104338243
2,696,macro_roc_auc,0.012485395634087681
2,697,macro_roc_auc,0.018818136279605602
2,698,macro_roc_auc,0.011404041475262416
2,699,macro_roc_auc,0.0006803724425118451
2,700,macro_roc_auc,-0.011273100752506093
2,701,macro_roc_auc,-0.004410688945698071
2,702,macro_roc_auc,-0.004162732519622181
2,703,macro_roc_auc,0.004958775463809739
2,704,macro_roc_auc,-0.009186224066410675
2,705,macro_roc_auc,-0.0002090590105329193
2,706,macro_roc_auc,0.008074825496546367
2,707,macro_roc_auc,-0.017154704474381943
2,708,macro_roc_auc,-0.022698946573091794
2,709,macro_roc_auc,0.00887550547862459
2,710,macro_roc_auc,-0.004206226812967118
2,711,macro_roc_auc,-0.038451945825659806
2,712,macro_roc_auc,-0.0021115003159181134
2,713,macro_roc_auc,0.003653814274197864
2,714,macro_roc_auc,0.010861399919003256
2,715,macro_roc_auc,0.006940251820584331
2,716,macro_roc_auc,-0.03484600830451057
2,717,macro_roc_auc,-0.014057609634050006
2,718,macro_roc_auc,0.0006069467681877327
2,719,macro_roc_auc,-0.013289181549998585
2,720,macro_roc_auc,0.0069589062411806735
2,721,macro_roc_auc,0.001669437331865531
2,722,macro_roc_auc,0.0039242148071177985
2,723,macro_roc_auc,0.021292396347330822
2,724,macro_roc_auc,-0.017459695432345712
2,725,macro_roc_auc,-0.018440432812602214
2,726,macro_roc_auc,-0.01617517195295315
2,727,macro_roc_auc,0.01294653214489927
2,728,macro_roc_auc,0.007357800582632579
2,729,macro_roc_auc,-0.0028750607632180847
2,730,macro_roc_auc,-0.035794237400649354
2,731,macro_roc_auc,-0.01238869174477164
2,732,macro_roc_auc,-0.02048721643348783
2,733,macro_roc_auc,0.0005195865349172379
2,734,macro_roc_auc,-0.0043708928622390175
2,735,macro_roc_auc,0.017841154251269642
2,736,macro_roc_auc,0.009241853296858227
2,737,macro_roc_auc,-0.011749245651062612
2,738,macro_roc_auc,-0.019961334264900543
2,739,macro_roc_auc,-0.019718369648826006
2,740,macro_roc_auc,-0.011788538377095925
2,741,macro_roc_auc,-0.001257034345663377
2,742,macro_roc_auc,-0.0004297041442800076
2,743,macro_roc_auc,-0.022339763021519077
2,744,macro_roc_auc,-0.002633504253205965
2,745,macro_roc_auc,-0.02405701566656615
2,746,macro_roc_auc,0.010520035898212154
2,747,macro_roc_auc,-0.003679967076110624
2,748,macro_roc_auc,-0.0048966073782893416
2,749,macro_roc_auc,0.0015168593314704992
2,750,macro_roc_auc,0.026138548309819876
2,751,macro_roc_auc,-0.015528759576507456
2,752,macro_roc_auc,-0.03600464841491413
2,753,macro_roc_auc,-0.004543420744594351
2,754,macro_roc_auc,-0.0038253824113440027
2,755,macro_roc_auc,0.021250251419230648
2,756,macro_roc_auc,0.007225852134536193
2,757,macro_roc_auc,0.004486416920459035
2,758,macro_roc_auc,-0.005969745632532386
2,759,macro_roc_auc,0.015869457721228275
2,760,macro_roc_auc,-0.009638387795553705
2,761,macro_roc_auc,0.009833096973574151
2,762,macro_roc_auc,-0.005507452917240974
2,763,macro_roc_auc,0.008714824569685087
2,764,macro_roc_auc,0.014017202014896979
2,765,macro_roc_auc,0.006675457899434911
2,766,macro_roc_auc,-0.018479159009013868
2,767,macro_roc_auc,0.0007957956675544997
2,768,macro_roc_auc,0.007774746440991409
2,769,macro_roc_auc,-0.0030078897184686593
2,770,macro_roc_auc,0.008145446045452753
2,771,macro_roc_auc,0.018566901541450798
2,772,macro_roc_auc,-0.005669623916658928
2,773,macro_roc_auc,0.019479224009106844
2,774,macro_roc_auc,-0.026842639083834663
2,775,macro_roc_auc,-0.010311810741963412
2,776,macro_roc_auc,-0.0016697734749412385
2,777,macro_roc_auc,-0.00725979034447477
2,778,macro_roc_auc,0.007918886742813824
2,779,macro_roc_auc,-0.014253842695327146
2,780,macro_roc_auc,-0.007787184193267294
2,781,macro_roc_auc,-0.002354828671150444
2,782,macro_roc_auc,0.005418835601379457
2,783,macro_roc_auc,-0.010305635580572958
2,784,macro_roc_auc,-0.01892978980267379
2,785,macro_roc_auc,-0.014407136714400082
2,786,macro_roc_auc,-0.0042276091035230445
2,787,macro_roc_auc,-0.015567168437392809
2,788,macro_roc_auc,-0.003193794380345394
2,789,macro_roc_auc,0.013389857459917498
2,790,macro_roc_auc,-0.007145968190060081
2,791,macro_roc_auc,-0.021927595109925146
2,792,macro_roc_auc,0.0027392280701175054
2,793,macro_roc_auc,-0.008121360809049016
2,794,macro_roc_auc,-0.023978471892950215
2,795,macro_roc_auc,0.011427461286075191
2,796,macro_roc_auc,0.027490485607241988
2,797,macro_roc_auc,0.010289932525063383
2,798,macro_roc_auc,-0.015167875338549242
2,799,macro_roc_auc,0.002999218381598001
2,800,macro_roc_auc,0.0026924918958673993
2,801,macro_roc_auc,-0.006150544775707534
2,802,macro_roc_auc,-0.01374357510363955
2,803,macro_roc_auc,-0.010575372423993423
2,804,macro_roc_auc,0.0035710607972168074
2,805,macro_roc_auc,-0.000510598268951723
2,806,macro_roc_auc,-0.003122820260352932
2,807,macro_roc_auc,0.007705805119260445
2,808,macro_roc_auc,-0.0038450317053104754
2,809,macro_roc_auc,-0.03706394352892328
2,810,macro_roc_auc,-0.014059958926391669
2,811,macro_roc_auc,-8.907325770213248e-05
2,812,macro_roc_auc,0.0013279134298194162
2,813,macro_roc_auc,-0.0009348543377860619
2,814,macro_roc_auc,-0.01866137566614534
2,815,macro_roc_auc,0.010459451949692111
2,816,macro_roc_auc,0.009122324467641718
2,817,macro_roc_auc,0.004063380964816177
2,818,macro_roc_auc,-0.011021297897535143
2,819,macro_roc_auc,0.004788421597145209
2,820,macro_roc_auc,0.011381921264859818
2,821,macro_roc_auc,0.02848371826660756
2,822,macro_roc_auc,-0.01919401845257862
2,823,macro_roc_auc,-0.0004855788762295754
2,824,macro_roc_auc,-0.02888048528565279
2,825,macro_roc_auc,-0.020989956445800928
2,826,macro_roc_auc,-0.03016823437873628
2,827,macro_roc_auc,0.007306884407161873
2,828,macro_roc_auc,-0.01589065628504338
2,829,macro_roc_auc,0.0023339855684951782
2,830,macro_roc_auc,0.016530615648875813
2,831,macro_roc_auc,-0.005635609856530666
2,832,macro_roc_auc,-0.018190220617111286
2,833,macro_roc_auc,0.006269831543049276
2,834,macro_roc_auc,-0.032710848544089455
2,835,macro_roc_auc,0.0018987961153967836
2,836,macro_roc_auc,0.0037414400522467472
2,837,macro_roc_auc,-0.012690142922735292
2,838,macro_roc_auc,-0.009923576030090753
2,839,macro_roc_auc,0.005112174570147787
2,840,macro_roc_auc,0.006629783283946367
2,841,macro_roc_auc,-0.016298291978017243
2,842,macro_roc_auc,-0.009149239228989137
2,843,macro_roc_auc,0.015234436100495019
2,844,macro_roc_auc,0.015981114916520434
2,845,macro_roc_auc,0.031889313934231334
2,846,macro_roc_auc,0.012438650573847965
2,847,macro_roc_auc,-0.0069565422007891176
2,848,macro_roc_auc,-0.011249871121349009
2,849,macro_roc_auc,-0.013979863364688372
2,850,macro_roc_auc,-0.010380534950184317
2,851,macro_roc_auc,0.010204710269929862
2,852,macro_roc_auc,-0.00672676524128768
2,853,macro_roc_auc,-0.025380864243001233
2,854,macro_roc_auc,-0.017170910480118762
2,855,macro_roc_auc,0.014453064025692797
2,856,macro_roc_auc,0.0023524282202785907
2,857,macro_roc_auc,0.012286942648088717
2,858,macro_roc_auc,-0.009210948961398291
2,859,macro_roc_auc,0.005387451685505584
2,860,macro_roc_auc,-0.008726749303258341
2,861,macro_roc_auc,0.00784775223795342
2,862,macro_roc_auc,-0.008757373537293889
2,863,macro_roc_auc,-0.0086974002730279
2,864,macro_roc_auc,0.0009752808554810422
2,865,macro_roc_auc,-0.013682563606125409
2,866,macro_roc_auc,0.018063340052148602
2,867,macro_roc_auc,-0.017970372349883745
2,868,macro_roc_auc,-0.001692225118817836
2,869,macro_roc_auc,-0.03424343959411125
2,870,macro_roc_auc,-0.02074819031737085
2,871,macro_roc_auc,-0.012932170418046174
2,872,macro_roc_auc,-0.014386275907080748
2,873,macro_roc_auc,0.00026482252266246675
2,874,macro_roc_auc,-0.011262707648002745
2,875,macro_roc_auc,-0.011072695469465876
2,876,macro_roc_auc,-0.006428875438172943
2,877,macro_roc_auc,-0.010318478307959844
2,878,macro_roc_auc,-0.016591004950913257
2,879,macro_roc_auc,-0.044348128500844686
2,880,macro_roc_auc,-0.012478294779470267
2,881,macro_roc_auc,-0.007660715114833239
2,882,macro_roc_auc,-0.008748921207599958
2,883,macro_roc_auc,-0.022073502380090426
2,884,macro_roc_auc,-0.01611074644763366
2,885,macro_roc_auc,-0.008803617362890703
2,886,macro_roc_auc,-0.022582023085508385
2,887,macro_roc_auc,-0.010449554666913996
2,888,macro_roc_auc,-0.006667957386249701
2,889,macro_roc_auc,-0.005430492182866953
2,890,macro_roc_auc,0.0006109878127561474
2,891,macro_roc_auc,0.01678452518213014
2,892,macro_roc_auc,-0.022640167646232445
2,893,macro_roc_auc,0.0008522504834643785
2,894,macro_roc_auc,-0.014257019875474564
2,895,macro_roc_auc,-0.017208045654647286
2,896,macro_roc_auc,0.010195503933932315
2,897,macro_roc_auc,0.021965764440365576
2,898,macro_roc_auc,-0.014512851095331514
2,899,macro_roc_auc,0.0047601538275591215
2,900,macro_roc_auc,0.001218602776298261
2,901,macro_roc_auc,-0.014476324093267934
2,902,macro_roc_auc,-0.010661318738859782
2,903,macro_roc_auc,-0.006819263364741479
2,904,macro_roc_auc,-0.03663817231042599
2,905,macro_roc_auc,0.011190993588414577
2,906,macro_roc_auc,0.027349859044264457
2,907,macro_roc_auc,-0.006670852231208002
2,908,macro_roc_auc,0.014338149297165148
2,909,macro_roc_auc,-0.0090702494936864
2,910,macro_roc_auc,-6.463812795975965e-05
2,911,macro_roc_auc,0.030995102349577364
2,912,macro_roc_auc,0.014992157697413688
2,913,macro_roc_auc,0.008798097056921916
2,914,macro_roc_auc,-0.0015648352181051317
2,915,macro_roc_auc,-0.002264074409153105
2,916,macro_roc_auc,0.016582889210174367
2,917,macro_roc_auc,-0.007916803818798557
2,918,macro_roc_auc,-0.0012399348922491615
2,919,macro_roc_auc,-0.020949728456869265
2,920,macro_roc_auc,-0.01426211858232962
2,921,macro_roc_auc,-0.013889827039111236
2,922,macro_roc_auc,-0.034173895697060086
2,923,macro_roc_auc,0.0015418165269818207
2,924,macro_roc_auc,-0.01653868425598093
2,925,macro_roc_auc,0.009450517145304316
2,926,macro_roc_auc,-0.029713560921969417
2,927,macro_roc_auc,0.0009011164254256743
2,928,macro_roc_auc,0.012734145322930046
2,929,macro_roc_auc,-0.00534271039478984
2,930,macro_roc_auc,-0.006382967061739131
2,931,macro_roc_auc,-0.004530940939336814
2,932,macro_roc_auc,-0.030041886894568326
2,933,macro_roc_auc,0.0017631677719658345
2,934,macro_roc_auc,-0.005727413979853879
2,935,macro_roc_auc,0.0004811970677616184
2,936,macro_roc_auc,-0.011146028488668303
2,937,macro_roc_auc,-0.013863494919087782
2,938,macro_roc_auc,-0.035475770183207245
2,939,macro_roc_auc,0.026845542206834883
2,940,macro_roc_auc,-0.03406800651991049
2,941,macro_roc_auc,-9.96185111409309e-05
2,942,macro_roc_auc,-0.01805631031735555
2,943,macro_roc_auc,0.03168932630699128
2,944,macro_roc_auc,-0.013456354965578288
2,945,macro_roc_auc,0.011996574612277211
2,946,macro_roc_auc,-0.022608532711637652
2,947,macro_roc_auc,-0.0010264247165829854
2,948,macro_roc_auc,0.0011088652287076783
2,949,macro_roc_auc,-0.017089095594768677
2,950,macro_roc_auc,0.014137193711240559
2,951,macro_roc_auc,-0.01539987493052708
2,952,macro_roc_auc,-0.00378694329004714
2,953,macro_roc_auc,-0.022537554179264507
2,954,macro_roc_auc,0.0013997547289065215
2,955,macro_roc_auc,-0.025471321585907147
2,956,macro_roc_auc,-0.021834125647461677
2,957,macro_roc_auc,0.030918758814342584
2,958,macro_roc_auc,-0.00880779551857136
2,959,macro_roc_auc,0.007566074077478113
2,960,macro_roc_auc,0.0024399201782324687
2,961,macro_roc_auc,-0.02470385976944589
2,962,macro_roc_auc,-0.018027556669947487
2,963,macro_roc_auc,-0.012915729652189234
2,964,macro_roc_auc,0.013039472247020845
2,965,macro_roc_auc,-0.0008588380477624336
2,966,macro_roc_auc,0.0006950845739049916
2,967,macro_roc_auc,-0.0031732104444630593
2,968,macro_roc_auc,0.00173637856155906
2,969,macro_roc_auc,-0.008648881578259049
2,970,macro_roc_auc,0.009608281684713837
2,971,macro_roc_auc,-0.008000707892037884
2,972,macro_roc_auc,0.0013545451575797118
2,973,macro_roc_auc,-0.018474314926313906
2,974,macro_roc_auc,0.006263453477777348
2,975,macro_roc_auc,0.008412904638199215
2,976,macro_roc_auc,-0.01677202547592982
2,977,macro_roc_auc,-0.0011916576802717405
2,978,macro_roc_auc,0.008157089843475296
2,979,macro_roc_auc,-0.009405173580947945
2,980,macro_roc_auc,-0.005718942317476494
2,981,macro_roc_auc,-0.018261046057222563
2,982,macro_roc_auc,-0.010216922422443098
2,983,macro_roc_auc,-0.016150410888160938
2,984,macro_roc_auc,0.0018791880196056265
2,985,macro_roc_auc,-0.006056567097687093
2,986,macro_roc_auc,-0.016002470462583296
2,987,macro_roc_auc,-0.0011172849086601433
2,988,macro_roc_auc,-0.014742933154602955
2,989,macro_roc_auc,-0.0031223070606439807
2,990,macro_roc_auc,0.008509761830299944
2,991,macro_roc_auc,0.0053377342762012114
2,992,macro_roc_auc,-0.0157501014886543
2,993,macro_roc_auc,0.0053118920703110195
2,994,macro_roc_auc,-0.029951352028326106
2,995,macro_roc_auc,-0.0017684206092396515
2,996,macro_roc_auc,-0.007132677697186396
2,997,macro_roc_auc,0.015919161286770733
2,998,macro_roc_auc,-0.013571872950182584
2,999,macro_roc_auc,-0.002452305887619688
2,1000,macro_roc_auc,-0.007143226599457653
2,1001,macro_roc_auc,-0.0007136623773807971
2,1002,macro_roc_auc,0.011372166044667287
2,1003,macro_roc_auc,0.02991202500949819
2,1004,macro_roc_auc,-0.02293150010574041
2,1005,macro_roc_auc,0.02260812537631196
2,1006,macro_roc_auc,-0.028077469861612414
2,1007,macro_roc_auc,-0.011776270119376098
2,1008,macro_roc_auc,-0.003180062252148619
2,1009,macro_roc_auc,0.008737422914762538
2,1010,macro_roc_auc,-0.02223091330844429
2,1011,macro_roc_auc,0.012124149967312259
2,1012,macro_roc_auc,0.009237601197300216
2,1013,macro_roc_auc,0.02136961397540671
2,1014,macro_roc_auc,0.0003128500908949894
2,1015,macro_roc_auc,0.004297843205454899
2,1016,macro_roc_auc,-0.001895153880072109
2,1017,macro_roc_auc,-0.0006529486149385866
2,1018,macro_roc_auc,0.004977383671609492
2,1019,macro_roc_auc,0.0026698239654346922
2,1020,macro_roc_auc,-0.00815615591186103
2,1021,macro_roc_auc,-0.029266682461416615
2,1022,macro_roc_auc,0.0007514936074002332
2,1023,macro_roc_auc,-0.004631154759954126
2,1024,macro_roc_auc,-0.01902445371803252
2,1025,macro_roc_auc,0.010491348357996255
2,1026,macro_roc_auc,0.001306766484144628
2,1027,macro_roc_auc,0.0023223569460082416
2,1028,macro_roc_auc,0.007995073437778277
2,1029,macro_roc_auc,-0.01451741286459951
2,1030,macro_roc_auc,0.0038862501877442446
2,1031,macro_roc_auc,-0.02026886571338926
2,1032,macro_roc_auc,0.003029211654704378
2,1033,macro_roc_auc,0.005629320048170294
2,1034,macro_roc_auc,0.013722342142735822
2,1035,macro_roc_auc,0.008064553834826182
2,1036,macro_roc_auc,-0.031177356916150867
2,1037,macro_roc_auc,0.00779081327444564
2,1038,macro_roc_auc,0.01336653467117166
2,1039,macro_roc_auc,0.003115699771247038
2,1040,macro_roc_auc,-0.022567032011276744
2,1041,macro_roc_auc,-0.010615833119644646
2,1042,macro_roc_auc,-0.0028261638104011277
2,1043,macro_roc_auc,-0.011194022091610245
2,1044,macro_roc_auc,0.0026408470380818727
2,1045,macro_roc_auc,-0.00036850590445458575
2,1046,macro_roc_auc,-0.009601032922045505
2,1047,macro_roc_auc,-0.012342198174250196
2,1048,macro_roc_auc,-0.004646385551521526
2,1049,macro_roc_auc,-0.018742341182065858
2,1050,macro_roc_auc,-0.009435687112309687
2,1051,macro_roc_auc,0.0050176212916818175
2,1052,macro_roc_auc,-0.0008096122989119658
2,1053,macro_roc_auc,-0.0037913334112893438
2,1054,macro_roc_auc,0.029442251942923825
2,1055,macro_roc_auc,-0.00014650715678177217
2,1056,macro_roc_auc,-0.0014781183482013294
2,1057,macro_roc_auc,0.02370136837658754
2,1058,macro_roc_auc,0.011791882050750435
2,1059,macro_roc_auc,-0.0050502365341412725
2,1060,macro_roc_auc,0.00278239299753813
2,1061,macro_roc_auc,-0.004084697956810435
2,1062,macro_roc_auc,-0.016969382322304494
2,1063,macro_roc_auc,0.009256981993308488
2,1064,macro_roc_auc,-0.01202332390191696
2,1065,macro_roc_auc,-0.015219604505487538
2,1066,macro_roc_auc,-0.003495313572013048
2,1067,macro_roc_auc,-0.009030132369933441
2,1068,macro_roc_auc,-0.0015996466538146237
2,1069,macro_roc_auc,-0.018707851923830954
2,1070,macro_roc_auc,-0.004306010316133202
2,1071,macro_roc_auc,0.0020225339215015348
2,1072,macro_roc_auc,0.008952309659246982
2,1073,macro_roc_auc,-0.014069415890800241
2,1074,macro_roc_auc,-0.00871536188579658
2,1075,macro_roc_auc,-0.024005794614909037
2,1076,macro_roc_auc,0.01025172883264247
2,1077,macro_roc_auc,0.007018424684196334
2,1078,macro_roc_auc,-0.014034898612869662
2,1079,macro_roc_auc,0.0120614416205308
2,1080,macro_roc_auc,0.011069652846700806
2,1081,macro_roc_auc,0.004056572275825343
2,1082,macro_roc_auc,-0.02857682422007979
2,1083,macro_roc_auc,-0.021590025261479906
2,1084,macro_roc_auc,-0.01151637196560773
2,1085,macro_roc_auc,0.017392949799046376
2,1086,macro_roc_auc,0.00040728129132461266
2,1087,macro_roc_auc,-0.0002058009288508078
2,1088,macro_roc_auc,-0.017921627092928327
2,1089,macro_roc_auc,-0.011035482384332496
2,1090,macro_roc_auc,-0.010596421627252162
2,1091,macro_roc_auc,-0.016801064944655386
2,1092,macro_roc_auc,-0.02839669620445906
2,1093,macro_roc_auc,0.01556031095156396
2,1094,macro_roc_auc,-0.007752669119180933
2,1095,macro_roc_auc,0.0019262922250578018
2,1096,macro_roc_auc,0.022978169183414665
2,1097,macro_roc_auc,-0.008641781697403261
2,1098,macro_roc_auc,0.011308301649211816
2,1099,macro_roc_auc,0.015436791579719444
2,1100,macro_roc_auc,0.012302923820771694
2,1101,macro_roc_auc,-0.015549452042941891
2,1102,macro_roc_auc,-0.009958209115053407
2,1103,macro_roc_auc,0.013813949616254928
2,1104,macro_roc_auc,-0.01815450799881757
2,1105,macro_roc_auc,-0.025158277615981328
2,1106,macro_roc_auc,0.006376735812871792
2,1107,macro_roc_auc,0.0009841943537348685
2,1108,macro_roc_auc,-0.0038424102714351704
2,1109,macro_roc_auc,-0.006540249204423532
2,1110,macro_roc_auc,0.014411304719319062
2,1111,macro_roc_auc,-0.002899482183759794
2,1112,macro_roc_auc,-0.0035310970989603785
2,1113,macro_roc_auc,0.003953700209293753
2,1114,macro_roc_auc,-0.012893354705947213
2,1115,macro_roc_auc,0.0038138820062725287
2,1116,macro_roc_auc,-0.005301154663062357
2,1117,macro_roc_auc,-0.049884565846772255
2,1118,macro_roc_auc,0.005617662770108334
2,1119,macro_roc_auc,0.0003804674691271215
2,1120,macro_roc_auc,0.01409517802969984
2,1121,macro_roc_auc,-0.0012380654924134538
2,1122,macro_roc_auc,0.001944510667016508
2,1123,macro_roc_auc,-0.006233324459060774
2,1124,macro_roc_auc,0.0057504546175644045
2,1125,macro_roc_auc,0.003578217852734822
2,1126,macro_roc_auc,-0.00445055943198458
2,1127,macro_roc_auc,0.004965450971949559
2,1128,macro_roc_auc,0.004424770932523248
2,1129,macro_roc_auc,-0.0008662309448551619
2,1130,macro_roc_auc,0.014169333973743314
2,1131,macro_roc_auc,0.004768881692644555
2,1132,macro_roc_auc,-0.018122407639674654
2,1133,macro_roc_auc,-0.01700128996287331
2,1134,macro_roc_auc,-0.012302995779703285
2,1135,macro_roc_auc,-0.011833096365512219
2,1136,macro_roc_auc,-0.0113630714791082
2,1137,macro_roc_auc,0.02026576994174667
2,1138,macro_roc_auc,-0.022014347690382463
2,1139,macro_roc_auc,-0.011118962990328218
2,1140,macro_roc_auc,0.008605875376100913
2,1141,macro_roc_auc,0.0026402706476968962
2,1142,macro_roc_auc,0.007950657337700506
2,1143,macro_roc_auc,-0.021511610886638444
2,1144,macro_roc_auc,-0.011170367750761856
2,1145,macro_roc_auc,0.006451874797138379
2,1146,macro_roc_auc,-0.004124231272946255
2,1147,macro_roc_auc,-0.016743256016646058
2,1148,macro_roc_auc,0.014884127324550578
2,1149,macro_roc_auc,-0.02049233952507168
2,1150,macro_roc_auc,0.0016872466037171074
2,1151,macro_roc_auc,-0.0031450950728847404
2,1152,macro_roc_auc,0.016593507415218256
2,1153,macro_roc_auc,0.0046921935413324345
2,1154,macro_roc_auc,-0.017626150312414213
2,1155,macro_roc_auc,0.008443803021225604
2,1156,macro_roc_auc,-0.021407639218735564
2,1157,macro_roc_auc,0.003837937491308119
2,1158,macro_roc_auc,-0.0023125271961449423
2,1159,macro_roc_auc,-0.0006918738715278039
2,1160,macro_roc_auc,0.013149274475326989
2,1161,macro_roc_auc,-0.02943922596937487
2,1162,macro_roc_auc,-0.00709705180512854
2,1163,macro_roc_auc,-0.021090135966102874
2,1164,macro_roc_auc,-0.0017557527883594881
2,1165,macro_roc_auc,-0.008512543939683925
2,1166,macro_roc_auc,-0.015902588533430295
2,1167,macro_roc_auc,0.0005205207322570571
2,1168,macro_roc_auc,-0.006040917790463229
2,1169,macro_roc_auc,-0.021999262694499366
2,1170,macro_roc_auc,0.017768311608318377
2,1171,macro_roc_auc,0.004638154114652959
2,1172,macro_roc_auc,0.004027296162408489
2,1173,macro_roc_auc,0.015233283946883724
2,1174,macro_roc_auc,-0.001136799144162981
2,1175,macro_roc_auc,-0.024354223118350782
2,1176,macro_roc_auc,-0.0005894105706263364
2,1177,macro_roc_auc,-0.023105337276602245
2,1178,macro_roc_auc,-0.019587479790954765
2,1179,macro_roc_auc,4.485768708906157e-05
2,1180,macro_roc_auc,-0.011599376429327624
2,1181,macro_roc_auc,-0.03448213521295107
2,1182,macro_roc_auc,-0.016149279852867737
2,1183,macro_roc_auc,-0.005251797658167634
2,1184,macro_roc_auc,-0.011525920184255023
2,1185,macro_roc_auc,0.010881007379245355
2,1186,macro_roc_auc,0.0069426898591389286
2,1187,macro_roc_auc,-0.014867300925533677
2,1188,macro_roc_auc,-0.004641645918577408
2,1189,macro_roc_auc,0.020934248815970946
2,1190,macro_roc_auc,-0.015213783016817417
2,1191,macro_roc_auc,-0.02391587637028636
2,1192,macro_roc_auc,0.0022106883025103663
2,1193,macro_roc_auc,-0.024831151140969898
2,1194,macro_roc_auc,0.012257324584807994
2,1195,macro_roc_auc,-0.027547809202621787
2,1196,macro_roc_auc,0.021193914640448397
2,1197,macro_roc_auc,-0.010085205435471423
2,1198,macro_roc_auc,-0.022576864680486808
2,1199,macro_roc_auc,-0.01590534529663501
2,1200,macro_roc_auc,-0.016953158701071835
2,1201,macro_roc_auc,0.0026026835853962815
2,1202,macro_roc_auc,0.014386821501804148
2,1203,macro_roc_auc,0.005084395877429371
2,1204,macro_roc_auc,-0.008600731085302016
2,1205,macro_roc_auc,-0.006977537307653048
2,1206,macro_roc_auc,-0.02020395415781795
2,1207,macro_roc_auc,-0.023812663679825485
2,1208,macro_roc_auc,-0.010471360984421474
2,1209,macro_roc_auc,-0.024110318731385583
2,1210,macro_roc_auc,0.0029243460419070555
2,1211,macro_roc_auc,-0.0013301119299639064
2,1212,macro_roc_auc,-0.0044037560551946076
2,1213,macro_roc_auc,0.0003057976830794784
2,1214,macro_roc_auc,0.010437670605171312
2,1215,macro_roc_auc,0.01983834258017525
2,1216,macro_roc_auc,0.004026839833866203
2,1217,macro_roc_auc,-0.0037418724307538564
2,1218,macro_roc_auc,0.011588789468078287
2,1219,macro_roc_auc,-0.0056820988309013165
2,1220,macro_roc_auc,0.042949272411837436
2,1221,macro_roc_auc,-0.0408302090300261
2,1222,macro_roc_auc,-0.010138905663419018
2,1223,macro_roc_auc,0.00014501759623652966
2,1224,macro_roc_auc,-0.02119495970581231
2,1225,macro_roc_auc,-0.01036394242134231
2,1226,macro_roc_auc,0.009021139356174213
2,1227,macro_roc_auc,-0.0017758036367904184
2,1228,macro_roc_auc,-0.00560566570867671
2,1229,macro_roc_auc,0.02887652543070529
2,1230,macro_roc_auc,-0.015855918353711584
2,1231,macro_roc_auc,-0.026554956740291846
2,1232,macro_roc_auc,-0.02708662054469324
2,1233,macro_roc_auc,0.023602446211502315
2,1234,macro_roc_auc,0.0006919253102997125
2,1235,macro_roc_auc,-0.004554192095698073
2,1236,macro_roc_auc,0.011421616452319983
2,1237,macro_roc_auc,-0.0015932795892598106
2,1238,macro_roc_auc,-0.012482570852349606
2,1239,macro_roc_auc,-0.003547162030465789
2,1240,macro_roc_auc,0.002240024100485072
2,1241,macro_roc_auc,-0.008876061015357761
2,1242,macro_roc_auc,-0.029352202517499038
2,1243,macro_roc_auc,-0.01111439346315446
2,1244,macro_roc_auc,0.005098328853866074
2,1245,macro_roc_auc,-0.018205897649836822
2,1246,macro_roc_auc,0.0027191445010837922
2,1247,macro_roc_auc,0.01599352540649357
2,1248,macro_roc_auc,0.022899008420752653
2,1249,macro_roc_auc,0.02024451290456053
2,1250,macro_roc_auc,-0.005035359745193757
2,1251,macro_roc_auc,-0.014893555457098584
2,1252,macro_roc_auc,0.006812143873930254
2,1253,macro_roc_auc,-0.0009576788619398702
2,1254,macro_roc_auc,-0.004607787944632236
2,1255,macro_roc_auc,0.00331285622184474
2,1256,macro_roc_auc,0.010700998035716225
2,1257,macro_roc_auc,-0.013300794561395435
2,1258,macro_roc_auc,-0.0104471244677381
2,1259,macro_roc_auc,0.002730329310771995
2,1260,macro_roc_auc,-0.012682553180128231
2,1261,macro_roc_auc,-0.008549850346486587
2,1262,macro_roc_auc,-0.0006845947513609563
2,1263,macro_roc_auc,0.003984389635769414
2,1264,macro_roc_auc,-0.017914199890225135
2,1265,macro_roc_auc,-0.023466667248566164
2,1266,macro_roc_auc,-0.026142367495290753
2,1267,macro_roc_auc,0.027641927241826347
2,1268,macro_roc_auc,-0.014587044290148121
2,1269,macro_roc_auc,-0.004072995413874847
2,1270,macro_roc_auc,-0.041413830701982235
2,1271,macro_roc_auc,-0.026137269306316213
2,1272,macro_roc_auc,0.010283528381114015
2,1273,macro_roc_auc,-0.010092924759025013
2,1274,macro_roc_auc,0.01669638260497064
2,1275,macro_roc_auc,-0.019784155211144516
2,1276,macro_roc_auc,0.004423147373756153
2,1277,macro_roc_auc,-0.030205284710188685
2,1278,macro_roc_auc,-0.001476142455038243
2,1279,macro_roc_auc,-0.008742599397968398
2,1280,macro_roc_auc,0.006628425508594549
2,1281,macro_roc_auc,-0.013117103942506203
2,1282,macro_roc_auc,-0.021131943364951833
2,1283,macro_roc_auc,-0.015038388326852115
2,1284,macro_roc_auc,-0.010264318014278184
2,1285,macro_roc_auc,-0.01718310930774325
2,1286,macro_roc_auc,0.00151161295948532
2,1287,macro_roc_auc,0.008001989022197953
2,1288,macro_roc_auc,-0.0013622461217321913
2,1289,macro_roc_auc,-0.01243542874471315
2,1290,macro_roc_auc,-0.027970442938427098
2,1291,macro_roc_auc,-0.019083454991929316
2,1292,macro_roc_auc,0.008362883468049032
2,1293,macro_roc_auc,0.01004388522222699
2,1294,macro_roc_auc,0.003426361235811304
2,1295,macro_roc_auc,-0.0020404334083694575
2,1296,macro_roc_auc,-0.0062594532923652135
2,1297,macro_roc_auc,0.001720987141016983
2,1298,macro_roc_auc,0.0062748835044812434
2,1299,macro_roc_auc,-0.006652694184333896
2,1300,macro_roc_auc,-0.01316980189232031
2,1301,macro_roc_auc,-0.00568047317169762
2,1302,macro_roc_auc,-0.001681253633436186
2,1303,macro_roc_auc,0.0021147800548155793
2,1304,macro_roc_auc,-0.01595324575024859
2,1305,macro_roc_auc,-0.014300540906778902
2,1306,macro_roc_auc,0.014040317040910466
2,1307,macro_roc_auc,-0.028175744669923564
2,1308,macro_roc_auc,0.004372605623337189
2,1309,macro_roc_auc,-0.0022775973491323542
2,1310,macro_roc_auc,-0.007943887595428523
2,1311,macro_roc_auc,-0.018263764494564017
2,1312,macro_roc_auc,-0.012844509761019807
2,1313,macro_roc_auc,0.017713424001659206
2,1314,macro_roc_auc,0.009173470812273488
2,1315,macro_roc_auc,-0.007630196944454548
2,1316,macro_roc_auc,-0.00881815463759994
2,1317,macro_roc_auc,0.010960710996857359
2,1318,macro_roc_auc,-0.012377545222035047
2,1319,macro_roc_auc,0.005566409235858716
2,1320,macro_roc_auc,-0.004961071837340625
2,1321,macro_roc_auc,-0.013330693719552755
2,1322,macro_roc_auc,-0.0020041125110836777
2,1323,macro_roc_auc,0.007588488720606357
2,1324,macro_roc_auc,-0.01916797690171157
2,1325,macro_roc_auc,0.00859565931421824
2,1326,macro_roc_auc,0.015038976610532995
2,1327,macro_roc_auc,-0.00945246176170722
2,1328,macro_roc_auc,-0.005357041693441533
2,1329,macro_roc_auc,-0.009737752171942837
2,1330,macro_roc_auc,-0.007854677293033796
2,1331,macro_roc_auc,-0.009231570301432734
2,1332,macro_roc_auc,0.01167878226334873
2,1333,macro_roc_auc,-0.03809922329569482
2,1334,macro_roc_auc,-0.023347728226537412
2,1335,macro_roc_auc,-0.028090954564131132
2,1336,macro_roc_auc,-0.009247997897318228
2,1337,macro_roc_auc,0.004777787046535531
2,1338,macro_roc_auc,0.007954537825357266
2,1339,macro_roc_auc,-0.0019610399234374354
2,1340,macro_roc_auc,-0.021930717934316668
2,1341,macro_roc_auc,-0.023383530417086518
2,1342,macro_roc_auc,-0.005121666161277405
2,1343,macro_roc_auc,0.0005661417824079917
2,1344,macro_roc_auc,0.0005048960856667284
2,1345,macro_roc_auc,-0.009977615956244024
2,1346,macro_roc_auc,0.0029308637465250698
2,1347,macro_roc_auc,-0.008812222145651472
2,1348,macro_roc_auc,-0.002090484664155845
2,1349,macro_roc_auc,-0.016035744725747092
2,1350,macro_roc_auc,-0.012531855827916716
2,1351,macro_roc_auc,-0.008326090201732694
2,1352,macro_roc_auc,0.008865273717484912
2,1353,macro_roc_auc,-0.017408749376065957
2,1354,macro_roc_auc,0.0338085452865472
2,1355,macro_roc_auc,0.0005413050761184923
2,1356,macro_roc_auc,-0.01687634945946248
2,1357,macro_roc_auc,0.014454948059172579
2,1358,macro_roc_auc,0.00687740701739481
2,1359,macro_roc_auc,0.007038041887206581
2,1360,macro_roc_auc,-0.015354441474619396
2,1361,macro_roc_auc,0.007639811272648456
2,1362,macro_roc_auc,-0.00958757387400766
2,1363,macro_roc_auc,-0.02353374027183963
2,1364,macro_roc_auc,0.014208830791546667
2,1365,macro_roc_auc,0.005875493394252307
2,1366,macro_roc_auc,-0.012322551120306002
2,1367,macro_roc_auc,-0.013577704448627492
2,1368,macro_roc_auc,-0.012113241885402415
2,1369,macro_roc_auc,-0.012408490861715027
2,1370,macro_roc_auc,0.011605257645869727
2,1371,macro_roc_auc,-0.0002738586133906873
2,1372,macro_roc_auc,-0.00646527459331625
2,1373,macro_roc_auc,-0.007666347502976345
2,1374,macro_roc_auc,0.014117145117149676
2,1375,macro_roc_auc,0.026180821494053874
2,1376,macro_roc_auc,0.004997711936484461
2,1377,macro_roc_auc,-0.0030817260917693767
2,1378,macro_roc_auc,-0.016650926314994208
2,1379,macro_roc_auc,0.020972648018888318
2,1380,macro_roc_auc,-0.007373024665606631
2,1381,macro_roc_auc,-0.020040949063166558
2,1382,macro_roc_auc,-0.0014397506692842565
2,1383,macro_roc_auc,0.0071891185361541154
2,1384,macro_roc_auc,0.0001392703239037063
2,1385,macro_roc_auc,-0.010024512801100616
2,1386,macro_roc_auc,0.0021569341483446136
2,1387,macro_roc_auc,-0.012101897161431285
2,1388,macro_roc_auc,-0.00037680560673925
2,1389,macro_roc_auc,0.011311707411429728
2,1390,macro_roc_auc,-0.0477429828788265
2,1391,macro_roc_auc,0.00883665322746685
2,1392,macro_roc_auc,-0.0003312857175297168
2,1393,macro_roc_auc,0.04049288674311202
2,1394,macro_roc_auc,-0.02281734762918164
2,1395,macro_roc_auc,-0.015018405057632633
2,1396,macro_roc_auc,-0.012863421697450694
2,1397,macro_roc_auc,-0.0006917090319598085
2,1398,macro_roc_auc,-0.0022731329446982196
2,1399,macro_roc_auc,0.0074441085354276515
2,1400,macro_roc_auc,-0.0018103195483902823
2,1401,macro_roc_auc,0.010771710529953737
2,1402,macro_roc_auc,-0.01996241349599659
2,1403,macro_roc_auc,-0.008878333269251582
2,1404,macro_roc_auc,-0.0026797279501882265
2,1405,macro_roc_auc,0.006012228839292311
2,1406,macro_roc_auc,-0.020648713037567545
2,1407,macro_roc_auc,-0.011222395958960907
2,1408,macro_roc_auc,-0.006117477791790171
2,1409,macro_roc_auc,0.002420430035583232
2,1410,macro_roc_auc,0.01353739498787554
2,1411,macro_roc_auc,0.0014601558227704814
2,1412,macro_roc_auc,-0.02526899166594443
2,1413,macro_roc_auc,-0.01315659518664758
2,1414,macro_roc_auc,-0.0024503689501500503
2,1415,macro_roc_auc,-0.012572642108598209
2,1416,macro_roc_auc,-0.0005524608787981222
2,1417,macro_roc_auc,0.00809152607712027
2,1418,macro_roc_auc,-0.021475011712879355
2,1419,macro_roc_auc,-0.0003850626902043297
2,1420,macro_roc_auc,0.0012845409571562438
2,1421,macro_roc_auc,0.0067700437776456734
2,1422,macro_roc_auc,0.01602994556907189
2,1423,macro_roc_auc,-0.005276367963830575
2,1424,macro_roc_auc,0.007890315361551714
2,1425,macro_roc_auc,-0.00859380288043421
2,1426,macro_roc_auc,0.011020069638165708
2,1427,macro_roc_auc,-0.01102552950602198
2,1428,macro_roc_auc,-0.028296710914561873
2,1429,macro_roc_auc,0.007397300919316008
2,1430,macro_roc_auc,0.014434896480367554
2,1431,macro_roc_auc,0.0030103684699612776
2,1432,macro_roc_auc,-0.0012463511123008697
2,1433,macro_roc_auc,0.019216927925171046
2,1434,macro_roc_auc,0.006294760590582094
2,1435,macro_roc_auc,0.015193926462069074
2,1436,macro_roc_auc,-0.015583363581902043
2,1437,macro_roc_auc,-0.004299932893309766
2,1438,macro_roc_auc,0.009082268794465165
2,1439,macro_roc_auc,-0.02691867630676903
2,1440,macro_roc_auc,0.0016392769756208292
2,1441,macro_roc_auc,-0.007678940422403691
2,1442,macro_roc_auc,0.012776045271016612
2,1443,macro_roc_auc,-0.03187735944999959
2,1444,macro_roc_auc,-0.023477878102284078
2,1445,macro_roc_auc,-0.039747062320122484
2,1446,macro_roc_auc,0.0010102846376200958
2,1447,macro_roc_auc,-0.014291027834601788
2,1448,macro_roc_auc,-0.009691296390782922
2,1449,macro_roc_auc,0.006547381532305385
2,1450,macro_roc_auc,0.007109334625995722
2,1451,macro_roc_auc,0.0002901459577862031
2,1452,macro_roc_auc,-0.013537420328578409
2,1453,macro_roc_auc,0.01019217660975269
2,1454,macro_roc_auc,0.014604429495954085
2,1455,macro_roc_auc,-0.014063408880882644
2,1456,macro_roc_auc,-0.016939027898250192
2,1457,macro_roc_auc,0.005081841930223763
2,1458,macro_roc_auc,-0.03635188147883717
2,1459,macro_roc_auc,-0.00799349443353048
2,1460,macro_roc_auc,0.008771222335511308
2,1461,macro_roc_auc,0.013341673625916872
2,1462,macro_roc_auc,0.007235149710272393
2,1463,macro_roc_auc,-0.01028270125198727
2,1464,macro_roc_auc,0.011453339227047832
2,1465,macro_roc_auc,-0.0026803838730855567
2,1466,macro_roc_auc,-0.01351740810167612
2,1467,macro_roc_auc,0.003166879681465118
2,1468,macro_roc_auc,-0.0003017298735721319
2,1469,macro_roc_auc,0.009575230618510733
2,1470,macro_roc_auc,0.014364228319819317
2,1471,macro_roc_auc,-0.013149832409900863
2,1472,macro_roc_auc,-0.001389724716773899
2,1473,macro_roc_auc,-0.013188733160590327
2,1474,macro_roc_auc,-0.013243626580946466
2,1475,macro_roc_auc,0.023799387570982433
2,1476,macro_roc_auc,-0.013706002457618549
2,1477,macro_roc_auc,-0.020218344003788413
2,1478,macro_roc_auc,0.014593011367132203
2,1479,macro_roc_auc,0.007356712022895118
2,1480,macro_roc_auc,-0.00890595868166899
2,1481,macro_roc_auc,0.003283475691817861
2,1482,macro_roc_auc,-0.0011743751313477713
2,1483,macro_roc_auc,0.006983480364776695
2,1484,macro_roc_auc,-0.002459315802890716
2,1485,macro_roc_auc,-0.01703747994265281
2,1486,macro_roc_auc,-0.003258673328000561
2,1487,macro_roc_auc,-0.023443562504844362
2,1488,macro_roc_auc,-0.01801970301386102
2,1489,macro_roc_auc,0.0005003447097425839
2,1490,macro_roc_auc,-0.015262103796543025
2,1491,macro_roc_auc,-0.011379627617077004
2,1492,macro_roc_auc,0.005523749048720772
2,1493,macro_roc_auc,0.002124061919421938
2,1494,macro_roc_auc,0.002673542033408971
2,1495,macro_roc_auc,0.00871961642443797
2,1496,macro_roc_auc,-0.01006795304249597
2,1497,macro_roc_auc,-0.007486211084044236
2,1498,macro_roc_auc,0.0010129343382806466
2,1499,macro_roc_auc,0.0050611437133554205
2,1500,macro_roc_auc,-0.022158700216306504
2,1501,macro_roc_auc,-0.00695572008710954
2,1502,macro_roc_auc,0.0006473407269443898
2,1503,macro_roc_auc,0.01647082904819286
2,1504,macro_roc_auc,-0.0027450717729078367
2,1505,macro_roc_auc,-0.0049712809599608
2,1506,macro_roc_auc,-0.016352540732674115
2,1507,macro_roc_auc,0.017235247483396554
2,1508,macro_roc_auc,-0.008184904438344298
2,1509,macro_roc_auc,0.00937124086138863
2,1510,macro_roc_auc,0.016271005265949268
2,1511,macro_roc_auc,-0.025260396434498622
2,1512,macro_roc_auc,-0.025987395522303558
2,1513,macro_roc_auc,0.008528228938583293
2,1514,macro_roc_auc,0.007718698701209115
2,1515,macro_roc_auc,-0.017403871602200804
2,1516,macro_roc_auc,-0.009490014837063465
2,1517,macro_roc_auc,-0.008332443246966692
2,1518,macro_roc_auc,-0.009744121439320352
2,1519,macro_roc_auc,-0.016851590460730703
2,1520,macro_roc_auc,0.009907213751212507
2,1521,macro_roc_auc,-0.007354894774138643
2,1522,macro_roc_auc,-0.006862561646069132
2,1523,macro_roc_auc,-0.021863748409666983
2,1524,macro_roc_auc,-0.008130714729531419
2,1525,macro_roc_auc,-0.027846643892682876
2,1526,macro_roc_auc,-0.012750459220965515
2,1527,macro_roc_auc,-0.014317984617598034
2,1528,macro_roc_auc,0.0076238634280134665
2,1529,macro_roc_auc,-0.013804811139352946
2,1530,macro_roc_auc,-0.005290956199087482
2,1531,macro_roc_auc,0.013816516452241023
2,1532,macro_roc_auc,-0.018180593849584814
2,1533,macro_roc_auc,-0.004633153492595743
2,1534,macro_roc_auc,-0.008746161122457963
2,1535,macro_roc_auc,-0.015756167589257575
2,1536,macro_roc_auc,-0.017655439530289252
2,1537,macro_roc_auc,-0.003577089973241132
2,1538,macro_roc_auc,0.007464112668675749
2,1539,macro_roc_auc,-0.013698400717928494
2,1540,macro_roc_auc,0.013263386273922873
2,1541,macro_roc_auc,-0.01212921007774459
2,1542,macro_roc_auc,-0.014140158900326605
2,1543,macro_roc_auc,0.006903877802974412
2,1544,macro_roc_auc,0.02401920912103006
2,1545,macro_roc_auc,-0.028987163129033267
2,1546,macro_roc_auc,0.006802253493273791
2,1547,macro_roc_auc,-0.0012952829874283145
2,1548,macro_roc_auc,0.006423047194893283
2,1549,macro_roc_auc,0.0007756543992067932
2,1550,macro_roc_auc,-0.002138258633534229
2,1551,macro_roc_auc,-0.0006540134987486068
2,1552,macro_roc_auc,-0.023174435477065214
2,1553,macro_roc_auc,-0.01908449176684124
2,1554,macro_roc_auc,-0.021371751050793586
2,1555,macro_roc_auc,-0.013409382927523139
2,1556,macro_roc_auc,-0.012906285400593576
2,1557,macro_roc_auc,-0.022890996973397026
2,1558,macro_roc_auc,0.007592474057490861
2,1559,macro_roc_auc,0.018492840864446136
2,1560,macro_roc_auc,-0.004149966643134051
2,1561,macro_roc_auc,0.011493954951547258
2,1562,macro_roc_auc,0.012236999630819478
2,1563,macro_roc_auc,-0.0039659232655788745
2,1564,macro_roc_auc,-0.0212231756668384
2,1565,macro_roc_auc,0.003777013588483924
2,1566,macro_roc_auc,-0.006497598135349114
2,1567,macro_roc_auc,-0.008668840323436178
2,1568,macro_roc_auc,-0.006071711763072973
2,1569,macro_roc_auc,-0.03694877739059088
2,1570,macro_roc_auc,-0.0034424339864800313
2,1571,macro_roc_auc,0.00619497180553652
2,1572,macro_roc_auc,-0.04140854617711687
2,1573,macro_roc_auc,-0.012774883833330697
2,1574,macro_roc_auc,-0.03073660460647798
2,1575,macro_roc_auc,0.008716288360018809
2,1576,macro_roc_auc,0.00038867448208412814
2,1577,macro_roc_auc,0.008102227140621587
2,1578,macro_roc_auc,-0.017599374710408622
2,1579,macro_roc_auc,-0.004312078137741371
2,1580,macro_roc_auc,0.0071008572087934985
2,1581,macro_roc_auc,-0.0013607184788805293
2,1582,macro_roc_auc,-0.013169373993956124
2,1583,macro_roc_auc,-0.026010465243423764
2,1584,macro_roc_auc,0.021205408504693324
2,1585,macro_roc_auc,0.0015209607530092262
2,1586,macro_roc_auc,0.015178345254898362
2,1587,macro_roc_auc,-0.013662819969883389
2,1588,macro_roc_auc,-0.0034930468317782015
2,1589,macro_roc_auc,-0.010536073430104098
2,1590,macro_roc_auc,-0.005456065482409178
2,1591,macro_roc_auc,0.00016390637547625264
2,1592,macro_roc_auc,0.0034751212392925
2,1593,macro_roc_auc,-0.008298532800200431
2,1594,macro_roc_auc,0.021070662160946996
2,1595,macro_roc_auc,-0.006451038491142036
2,1596,macro_roc_auc,-0.0029676861867307114
2,1597,macro_roc_auc,-0.015158999165409304
2,1598,macro_roc_auc,0.006052448971333391
2,1599,macro_roc_auc,0.00432637444509576
2,1600,macro_roc_auc,0.015286377841174814
2,1601,macro_roc_auc,-0.0029029612052778875
2,1602,macro_roc_auc,-0.009522402235434324
2,1603,macro_roc_auc,0.0009184979273545446
2,1604,macro_roc_auc,0.0012025763731081662
2,1605,macro_roc_auc,-0.032215716649927395
2,1606,macro_roc_auc,-0.0032581365416100017
2,1607,macro_roc_auc,-0.021571667283756923
2,1608,macro_roc_auc,-0.012843741844114742
2,1609,macro_roc_auc,0.01445026961937379
2,1610,macro_roc_auc,-0.0034059415002729576
2,1611,macro_roc_auc,-0.024897925513508667
2,1612,macro_roc_auc,-0.023852101999658704
2,1613,macro_roc_auc,-0.05189648327190821
2,1614,macro_roc_auc,-0.004652732814490301
2,1615,macro_roc_auc,-0.012388154216765201
2,1616,macro_roc_auc,-0.02071152877839122
2,1617,macro_roc_auc,0.023667193192023372
2,1618,macro_roc_auc,0.011539188536856093
2,1619,macro_roc_auc,-0.0007309036520366519
2,1620,macro_roc_auc,-0.012319239322555187
2,1621,macro_roc_auc,-0.01887747801493944
2,1622,macro_roc_auc,0.0171207768639432
2,1623,macro_roc_auc,-0.018667318267263866
2,1624,macro_roc_auc,-0.007270656759460814
2,1625,macro_roc_auc,-0.021222301896931528
2,1626,macro_roc_auc,0.015917966369479175
2,1627,macro_roc_auc,-0.025083443012664075
2,1628,macro_roc_auc,0.02536425879963211
2,1629,macro_roc_auc,-0.03646312734089063
2,1630,macro_roc_auc,-0.005592884367923157
2,1631,macro_roc_auc,-0.008217441079180099
2,1632,macro_roc_auc,-0.014454591447585985
2,1633,macro_roc_auc,0.01970819729364659
2,1634,macro_roc_auc,-0.009360867488778069
2,1635,macro_roc_auc,-0.0020596710473405055
2,1636,macro_roc_auc,-0.02530863548206641
2,1637,macro_roc_auc,0.019801561930896217
2,1638,macro_roc_auc,-0.0009995635873375486
2,1639,macro_roc_auc,-0.0006085557129025254
2,1640,macro_roc_auc,0.0016361659242190019
2,1641,macro_roc_auc,-0.0027254973700984175
2,1642,macro_roc_auc,0.009610496180702532
2,1643,macro_roc_auc,0.010811562018736565
2,1644,macro_roc_auc,0.024062241593991507
2,1645,macro_roc_auc,-0.021074335000499933
2,1646,macro_roc_auc,0.004541200634475273
2,1647,macro_roc_auc,0.0019534112955924554
2,1648,macro_roc_auc,0.019756235687583668
2,1649,macro_roc_auc,-0.004696673228365533
2,1650,macro_roc_auc,-0.04948354798717214
2,1651,macro_roc_auc,0.001452447360601905
2,1652,macro_roc_auc,-0.007746297011676617
2,1653,macro_roc_auc,0.002380255383858887
2,1654,macro_roc_auc,-0.021216772967733277
2,1655,macro_roc_auc,-0.015934445047151358
2,1656,macro_roc_auc,0.0004088170395416535
2,1657,macro_roc_auc,-0.0011947325960859345
2,1658,macro_roc_auc,0.021963270497059373
2,1659,macro_roc_auc,-0.0076701477405789475
2,1660,macro_roc_auc,-0.015290151458755341
2,1661,macro_roc_auc,0.005119654176306887
2,1662,macro_roc_auc,-0.011357948144180674
2,1663,macro_roc_auc,-0.012704039427554381
2,1664,macro_roc_auc,-0.02510053534335388
2,1665,macro_roc_auc,-0.004785645523784687
2,1666,macro_roc_auc,-0.003014104558905051
2,1667,macro_roc_auc,-0.004123056337892228
2,1668,macro_roc_auc,-0.008570876002235384
2,1669,macro_roc_auc,0.003576970056073603
2,1670,macro_roc_auc,-0.018086917650197876
2,1671,macro_roc_auc,-0.010708615858641468
2,1672,macro_roc_auc,0.01593400489639174
2,1673,macro_roc_auc,-0.02080503061621175
2,1674,macro_roc_auc,-0.010835703377149564
2,1675,macro_roc_auc,0.015442446475722016
2,1676,macro_roc_auc,-0.03849919334536467
2,1677,macro_roc_auc,0.002862576706626929
2,1678,macro_roc_auc,-0.02600019626830119
2,1679,macro_roc_auc,-0.025367232651210436
2,1680,macro_roc_auc,-0.01253953139281827
2,1681,macro_roc_auc,-0.03413148064104077
2,1682,macro_roc_auc,0.0140523148533932
2,1683,macro_roc_auc,-0.00033055710126295157
2,1684,macro_roc_auc,-0.006037268060093193
2,1685,macro_roc_auc,-0.0017401483874021073
2,1686,macro_roc_auc,-0.001438302150505888
2,1687,macro_roc_auc,-0.025167239442123734
2,1688,macro_roc_auc,0.018170239404396438
2,1689,macro_roc_auc,-0.0049560727511842595
2,1690,macro_roc_auc,0.004126495131688057
2,1691,macro_roc_auc,-0.003388544447009867
2,1692,macro_roc_auc,-0.009207895204144112
2,1693,macro_roc_auc,0.0072231789963237425
2,1694,macro_roc_auc,0.012206425165666168
2,1695,macro_roc_auc,-0.01945708833494697
2,1696,macro_roc_auc,0.018601239569473793
2,1697,macro_roc_auc,-0.013426905840649539
2,1698,macro_roc_auc,-0.00241216070416983
2,1699,macro_roc_auc,-0.009278444714689194
2,1700,macro_roc_auc,0.0011034249653775197
2,1701,macro_roc_auc,0.026897840954752672
2,1702,macro_roc_auc,0.009290152259799234
2,1703,macro_roc_auc,-0.024673328163996477
2,1704,macro_roc_auc,-0.006580635416782221
2,1705,macro_roc_auc,0.009415664755004327
2,1706,macro_roc_auc,0.0038482477482231214
2,1707,macro_roc_auc,0.0021734935927540944
2,1708,macro_roc_auc,0.010013171353354
2,1709,macro_roc_auc,0.0007859616908653111
2,1710,macro_roc_auc,-0.0239735355514632
2,1711,macro_roc_auc,-0.01250318091047753
2,1712,macro_roc_auc,-0.008336039709983978
2,1713,macro_roc_auc,-0.0026728988743103255
2,1714,macro_roc_auc,-0.01233533518881591
2,1715,macro_roc_auc,-0.015252974488037307
2,1716,macro_roc_auc,-0.0104608562277958
2,1717,macro_roc_auc,0.004346254971954178
2,1718,macro_roc_auc,0.007077733581169254
2,1719,macro_roc_auc,0.014420902998807272
2,1720,macro_roc_auc,-0.011695516074021084
2,1721,macro_roc_auc,-0.007156333302946294
2,1722,macro_roc_auc,-0.011769094648068856
2,1723,macro_roc_auc,-0.007527754632211003
2,1724,macro_roc_auc,-0.0026485347550178062
2,1725,macro_roc_auc,0.017167688776581924
2,1726,macro_roc_auc,-0.01615662066112944
2,1727,macro_roc_auc,0.0060036188212388986
2,1728,macro_roc_auc,0.0033753693514358973
2,1729,macro_roc_auc,-0.006007895089780169
2,1730,macro_roc_auc,-0.010094089722995303
2,1731,macro_roc_auc,-0.007171571931495868
2,1732,macro_roc_auc,-0.02470869587297897
2,1733,macro_roc_auc,-0.018092627628149782
2,1734,macro_roc_auc,-0.003927923720402626
2,1735,macro_roc_auc,0.011265475095843525
2,1736,macro_roc_auc,0.006185825965754788
2,1737,macro_roc_auc,-0.005265767139332134
2,1738,macro_roc_auc,0.012037806314983635
2,1739,macro_roc_auc,0.007748824734518878
2,1740,macro_roc_auc,-0.0014084523027974027
2,1741,macro_roc_auc,-0.009984481337863116
2,1742,macro_roc_auc,0.0017254643390052227
2,1743,macro_roc_auc,-0.022864803335806982
2,1744,macro_roc_auc,-0.0026163677495221194
2,1745,macro_roc_auc,0.013213714644640606
2,1746,macro_roc_auc,-0.0007474691919111542
2,1747,macro_roc_auc,-0.024164310653484455
2,1748,macro_roc_auc,0.001540938013522064
2,1749,macro_roc_auc,-0.010401509368562212
2,1750,macro_roc_auc,0.015306733525961569
2,1751,macro_roc_auc,-0.011998846325639079
2,1752,macro_roc_auc,-0.007268199406205711
2,1753,macro_roc_auc,-0.01185698596827478
2,1754,macro_roc_auc,-0.005160819017543394
2,1755,macro_roc_auc,0.011781471612539063
2,1756,macro_roc_auc,0.002756750962330745
2,1757,macro_roc_auc,0.000861764329417869
2,1758,macro_roc_auc,-6.859218160126801e-05
2,1759,macro_roc_auc,0.00627376542023772
2,1760,macro_roc_auc,-0.013546573203774614
2,1761,macro_roc_auc,-0.00585361543965679
2,1762,macro_roc_auc,0.005082763775069776
2,1763,macro_roc_auc,0.007100221113054861
2,1764,macro_roc_auc,0.0019491357208413218
2,1765,macro_roc_auc,0.000575528228245914
2,1766,macro_roc_auc,0.012817347123872391
2,1767,macro_roc_auc,-0.010146285553006562
2,1768,macro_roc_auc,0.012105852683011786
2,1769,macro_roc_auc,0.004154246763667158
2,1770,macro_roc_auc,0.0009821671004921484
2,1771,macro_roc_auc,-0.026264687980842583
2,1772,macro_roc_auc,-0.0005779239218172139
2,1773,macro_roc_auc,-0.015605107664473983
2,1774,macro_roc_auc,0.003482335027321759
2,1775,macro_roc_auc,0.0012446737705511524
2,1776,macro_roc_auc,-0.003079351816049569
2,1777,macro_roc_auc,-0.004152913614088982
2,1778,macro_roc_auc,-0.02004156459627615
2,1779,macro_roc_auc,0.002056609757678407
2,1780,macro_roc_auc,-0.04075883268686409
2,1781,macro_roc_auc,0.020298227824777526
2,1782,macro_roc_auc,-0.012578706771244508
2,1783,macro_roc_auc,0.014935087118530976
2,1784,macro_roc_auc,0.005022674812588224
2,1785,macro_roc_auc,0.012817078040868846
2,1786,macro_roc_auc,0.005985294811793884
2,1787,macro_roc_auc,0.014795615224363123
2,1788,macro_roc_auc,0.005931954615787993
2,1789,macro_roc_auc,-0.010514989035163236
2,1790,macro_roc_auc,-0.029405380556764227
2,1791,macro_roc_auc,-0.022727109228595777
2,1792,macro_roc_auc,-0.010250541597732088
2,1793,macro_roc_auc,0.0009545313200867156
2,1794,macro_roc_auc,0.010806097695246875
2,1795,macro_roc_auc,0.0032331539401710963
2,1796,macro_roc_auc,-0.010114767760461718
2,1797,macro_roc_auc,-0.022726713272168575
2,1798,macro_roc_auc,-0.012993332423164028
2,1799,macro_roc_auc,-0.0002451605491007314
2,1800,macro_roc_auc,0.00779674927576568
2,1801,macro_roc_auc,0.008598546344047997
2,1802,macro_roc_auc,-0.018247143432829405
2,1803,macro_roc_auc,-0.012410012009046234
2,1804,macro_roc_auc,-0.012517677208020217
2,1805,macro_roc_auc,-0.015688853763720756
2,1806,macro_roc_auc,0.001969286115672375
2,1807,macro_roc_auc,-0.0014281778101286058
2,1808,macro_roc_auc,-0.0372643286160409
2,1809,macro_roc_auc,-0.003985861616779718
2,1810,macro_roc_auc,-0.0070347967520739685
2,1811,macro_roc_auc,-0.010933545115302978
2,1812,macro_roc_auc,-0.013079908613583657
2,1813,macro_roc_auc,0.013287180944218102
2,1814,macro_roc_auc,-0.009025117084441425
2,1815,macro_roc_auc,-0.015354311189173964
2,1816,macro_roc_auc,-0.01217581520279698
2,1817,macro_roc_auc,-0.04262412394235682
2,1818,macro_roc_auc,-0.019869517361008948
2,1819,macro_roc_auc,0.009458759963985597
2,1820,macro_roc_auc,-0.005764144078490685
2,1821,macro_roc_auc,-0.0028364672788728784
2,1822,macro_roc_auc,-0.012630042759559812
2,1823,macro_roc_auc,-0.013992938429566726
2,1824,macro_roc_auc,0.012887095445935692
2,1825,macro_roc_auc,-0.02634885012370347
2,1826,macro_roc_auc,0.00161052641374404
2,1827,macro_roc_auc,-0.009557112661762845
2,1828,macro_roc_auc,-0.008685453267900156
2,1829,macro_roc_auc,-0.021558629306194343
2,1830,macro_roc_auc,0.003556076029293309
2,1831,macro_roc_auc,-0.00942417996948719
2,1832,macro_roc_auc,0.00041846142912971285
2,1833,macro_roc_auc,0.013465363591189772
2,1834,macro_roc_auc,0.01757548398574249
2,1835,macro_roc_auc,7.915915802358953e-05
2,1836,macro_roc_auc,-0.01227235099307078
2,1837,macro_roc_auc,0.007129674661983887
2,1838,macro_roc_auc,0.006458603793441542
2,1839,macro_roc_auc,-0.030301757190466794
2,1840,macro_roc_auc,-0.012726618657100786
2,1841,macro_roc_auc,-9.402423728599452e-06
2,1842,macro_roc_auc,0.015395270587624466
2,1843,macro_roc_auc,0.003153313945871483
2,1844,macro_roc_auc,0.017154567832284418
2,1845,macro_roc_auc,0.0012502131025956542
2,1846,macro_roc_auc,0.014317229210001448
2,1847,macro_roc_auc,0.004223564378724953
2,1848,macro_roc_auc,-0.00135156142823889
2,1849,macro_roc_auc,-0.004862051210960283
2,1850,macro_roc_auc,-0.00033069213690406496
2,1851,macro_roc_auc,-0.0062751508852098015
2,1852,macro_roc_auc,0.006354020972661467
2,1853,macro_roc_auc,-0.042924187534071345
2,1854,macro_roc_auc,0.013868217981078512
2,1855,macro_roc_auc,-0.017598708272351327
2,1856,macro_roc_auc,-0.021287183125107467
2,1857,macro_roc_auc,-0.014642527472512046
2,1858,macro_roc_auc,0.011496880357291905
2,1859,macro_roc_auc,-0.015462013917835304
2,1860,macro_roc_auc,0.02494758551943521
2,1861,macro_roc_auc,-0.009911353263817091
2,1862,macro_roc_auc,-0.027572984362429054
2,1863,macro_roc_auc,-0.02287852832127768
2,1864,macro_roc_auc,0.007313472549163591
2,1865,macro_roc_auc,-0.021785871575483284
2,1866,macro_roc_auc,-0.0005871426215409148
2,1867,macro_roc_auc,0.00857347427654398
2,1868,macro_roc_auc,-0.012300103130764128
2,1869,macro_roc_auc,-0.016207002451959163
2,1870,macro_roc_auc,0.003597286825429147
2,1871,macro_roc_auc,0.01180585118225208
2,1872,macro_roc_auc,0.010306089984353561
2,1873,macro_roc_auc,0.009138812058206436
2,1874,macro_roc_auc,0.0014569865419273853
2,1875,macro_roc_auc,-0.006640155594142549
2,1876,macro_roc_auc,0.0037331428506777176
2,1877,macro_roc_auc,-0.02019284072788785
2,1878,macro_roc_auc,-0.01453909704822609
2,1879,macro_roc_auc,-0.03262463600966137
2,1880,macro_roc_auc,-0.0013137448415220243
2,1881,macro_roc_auc,0.002938658475274747
2,1882,macro_roc_auc,0.035976117242992545
2,1883,macro_roc_auc,-0.006486791636880707
2,1884,macro_roc_auc,-0.008893555831736677
2,1885,macro_roc_auc,0.00016681347326541474
2,1886,macro_roc_auc,0.012270916076253413
2,1887,macro_roc_auc,-0.0030441319206914175
2,1888,macro_roc_auc,-0.001488365057958907
2,1889,macro_roc_auc,0.008458508592019132
2,1890,macro_roc_auc,-0.0036699949472268623
2,1891,macro_roc_auc,0.003304942265222488
2,1892,macro_roc_auc,-0.009240994756564147
2,1893,macro_roc_auc,-0.008603913562513998
2,1894,macro_roc_auc,0.015412441061491089
2,1895,macro_roc_auc,-0.0012900835543305789
2,1896,macro_roc_auc,-0.014053851653072602
2,1897,macro_roc_auc,0.006929103234839751
2,1898,macro_roc_auc,-0.016407139610373322
2,1899,macro_roc_auc,0.01405927029332621
2,1900,macro_roc_auc,0.013500152275154886
2,1901,macro_roc_auc,0.005561287441617546
2,1902,macro_roc_auc,0.008476679933204445
2,1903,macro_roc_auc,-0.0022328374909321713
2,1904,macro_roc_auc,-0.007632179551773199
2,1905,macro_roc_auc,-0.010539003296175853
2,1906,macro_roc_auc,-0.02772624401170043
2,1907,macro_roc_auc,0.0002863974182515383
2,1908,macro_roc_auc,-0.011571733959773622
2,1909,macro_roc_auc,-0.007989209643209372
2,1910,macro_roc_auc,-0.01575342541126923
2,1911,macro_roc_auc,0.02229209406694488
2,1912,macro_roc_auc,-0.00016780008503114452
2,1913,macro_roc_auc,0.011024094366775317
2,1914,macro_roc_auc,7.474198837842394e-05
2,1915,macro_roc_auc,-0.04788045242054684
2,1916,macro_roc_auc,0.006538536631401581
2,1917,macro_roc_auc,-0.0031660419798478223
2,1918,macro_roc_auc,0.015593740273466827
2,1919,macro_roc_auc,-0.01864427846687633
2,1920,macro_roc_auc,-0.0031811834571419118
2,1921,macro_roc_auc,-0.010195420809633982
2,1922,macro_roc_auc,-0.009806603823783733
2,1923,macro_roc_auc,-0.011985197027881478
2,1924,macro_roc_auc,0.012147346247877167
2,1925,macro_roc_auc,-0.008355890840310964
2,1926,macro_roc_auc,0.023184869927483143
2,1927,macro_roc_auc,-0.007042820518444515
2,1928,macro_roc_auc,-0.0036794871976494337
2,1929,macro_roc_auc,0.007231971059101783
2,1930,macro_roc_auc,-0.013348973312589218
2,1931,macro_roc_auc,-0.00020908549897613593
2,1932,macro_roc_auc,0.0016750319251664925
2,1933,macro_roc_auc,-0.026255264312431303
2,1934,macro_roc_auc,0.0015926437336993837
2,1935,macro_roc_auc,-0.006467460985081885
2,1936,macro_roc_auc,0.0075908295703617235
2,1937,macro_roc_auc,-0.0004540223527641496
2,1938,macro_roc_auc,-0.0027874920674690884
2,1939,macro_roc_auc,0.005731063154188254
2,1940,macro_roc_auc,0.013121646265229603
2,1941,macro_roc_auc,-0.012296927161461468
2,1942,macro_roc_auc,0.0003676798733203146
2,1943,macro_roc_auc,-0.022754720059425693
2,1944,macro_roc_auc,-0.006041968579630241
2,1945,macro_roc_auc,0.01522206651442426
2,1946,macro_roc_auc,0.0022089333868995364
2,1947,macro_roc_auc,0.012049496204510568
2,1948,macro_roc_auc,-0.017097017653824764
2,1949,macro_roc_auc,-0.008153921302866185
2,1950,macro_roc_auc,0.012572183063456088
2,1951,macro_roc_auc,0.022925277187827442
2,1952,macro_roc_auc,-0.021317525960366512
2,1953,macro_roc_auc,0.008115370828744362
2,1954,macro_roc_auc,-0.008985097197299008
2,1955,macro_roc_auc,-0.00860377999501849
2,1956,macro_roc_auc,-0.013728582185790095
2,1957,macro_roc_auc,-0.011105723764348818
2,1958,macro_roc_auc,-0.021778106303955602
2,1959,macro_roc_auc,-0.010773861947890429
2,1960,macro_roc_auc,-0.008290704509286706
2,1961,macro_roc_auc,-0.01740348101413669
2,1962,macro_roc_auc,-0.015708283168251236
2,1963,macro_roc_auc,-0.012700020871503459
2,1964,macro_roc_auc,-0.007685437351344859
2,1965,macro_roc_auc,0.018087269841153497
2,1966,macro_roc_auc,-0.01358388906050556
2,1967,macro_roc_auc,-0.014207340093372434
2,1968,macro_roc_auc,-0.016806360231581108
2,1969,macro_roc_auc,0.009859167373766464
2,1970,macro_roc_auc,-0.02851296278842652
2,1971,macro_roc_auc,-0.011571653944379867
2,1972,macro_roc_auc,0.0016758202820701396
2,1973,macro_roc_auc,-0.003774552288573041
2,1974,macro_roc_auc,-0.0047532589371811484
2,1975,macro_roc_auc,-0.016746280149215864
2,1976,macro_roc_auc,0.018351955778216467
2,1977,macro_roc_auc,-0.0004022125158080758
2,1978,macro_roc_auc,-0.018116396269017843
2,1979,macro_roc_auc,0.007675756814068513
2,1980,macro_roc_auc,0.018139797724919804
2,1981,macro_roc_auc,0.01784804481755542
2,1982,macro_roc_auc,-0.008070614226822315
2,1983,macro_roc_auc,-0.0021183553227013263
2,1984,macro_roc_auc,-0.0026007038960664808
2,1985,macro_roc_auc,0.005406584955655824
2,1986,macro_roc_auc,-0.002720924801808966
2,1987,macro_roc_auc,-0.01195644588505862
2,1988,macro_roc_auc,-0.016610908232621235
2,1989,macro_roc_auc,-0.01801922724381122
2,1990,macro_roc_auc,0.004741264336731499
2,1991,macro_roc_auc,0.019096667248520105
2,1992,macro_roc_auc,0.014359465654619652
2,1993,macro_roc_auc,0.004914926124053864
2,1994,macro_roc_auc,-0.00604018654106897
2,1995,macro_roc_auc,0.0037398404960536924
2,1996,macro_roc_auc,0.006370508552154042
2,1997,macro_roc_auc,0.016857018291614456
2,1998,macro_roc_auc,0.011105759245277125
2,1999,macro_roc_auc,-0.007770624702826079
2,0,micro_roc_auc,0.004162968020940072
2,1,micro_roc_auc,-0.02175100322991086
2,2,micro_roc_auc,-0.0367250688705234
2,3,micro_roc_auc,-0.01537236567200595
2,4,micro_roc_auc,-0.006651017214397537
2,5,micro_roc_auc,-0.03787280701754381
2,6,micro_roc_auc,-0.0055561193423989685
2,7,micro_roc_auc,-0.006464474584188307
2,8,micro_roc_auc,-0.01757850886562695
2,9,micro_roc_auc,-0.020317370218783215
2,10,micro_roc_auc,-0.0045620606306622236
2,11,micro_roc_auc,-0.028875393086861934
2,12,micro_roc_auc,-0.028538059036618657
2,13,micro_roc_auc,-0.008933866792186329
2,14,micro_roc_auc,-0.02567998814800576
2,15,micro_roc_auc,-0.01961325010922077
2,16,micro_roc_auc,-0.019916756469724683
2,17,micro_roc_auc,-0.016169341072038157
2,18,micro_roc_auc,-0.018891663279329562
2,19,micro_roc_auc,-0.013421226735379599
2,20,micro_roc_auc,-0.01790691597468208
2,21,micro_roc_auc,-0.006029915065732361
2,22,micro_roc_auc,-0.026218407062802984
2,23,micro_roc_auc,-0.003351592424932326
2,24,micro_roc_auc,-0.01988569193137224
2,25,micro_roc_auc,-0.03875195879244453
2,26,micro_roc_auc,-0.01874671372867509
2,27,micro_roc_auc,-0.013582989696214187
2,28,micro_roc_auc,-0.019148253905236
2,29,micro_roc_auc,-0.023268129869593035
2,30,micro_roc_auc,-0.007831691766159166
2,31,micro_roc_auc,-0.0335607321131447
2,32,micro_roc_auc,-0.026454251280352614
2,33,micro_roc_auc,-0.022160927384574536
2,34,micro_roc_auc,-0.02802926725058752
2,35,micro_roc_auc,-0.012739861702175781
2,36,micro_roc_auc,-0.015216653720122486
2,37,micro_roc_auc,-0.021225208899627535
2,38,micro_roc_auc,-0.022421732872404676
2,39,micro_roc_auc,-0.011998117204047976
2,40,micro_roc_auc,-0.01707086035513683
2,41,micro_roc_auc,-0.006693085175566327
2,42,micro_roc_auc,-0.02698353403992182
2,43,micro_roc_auc,-0.0069428571428571395
2,44,micro_roc_auc,-0.014833057851239673
2,45,micro_roc_auc,-0.03170665487763269
2,46,micro_roc_auc,-0.0030873158740297724
2,47,micro_roc_auc,-0.0024718657540687694
2,48,micro_roc_auc,-0.023686862788353857
2,49,micro_roc_auc,0.0013474450893365963
2,50,micro_roc_auc,-0.003992446393762172
2,51,micro_roc_auc,-0.028426593094581176
2,52,micro_roc_auc,-0.0121479891185865
2,53,micro_roc_auc,-0.02607162534435259
2,54,micro_roc_auc,-0.01627859337657911
2,55,micro_roc_auc,-0.02247752361443045
2,56,micro_roc_auc,-0.037182717498675744
2,57,micro_roc_auc,-0.020396939847970086
2,58,micro_roc_auc,-0.024894530756599753
2,59,micro_roc_auc,-0.020528733176671587
2,60,micro_roc_auc,-0.00652921931407946
2,61,micro_roc_auc,-0.019957665194639262
2,62,micro_roc_auc,-0.018409799633600565
2,63,micro_roc_auc,-0.018396745054549246
2,64,micro_roc_auc,-0.015250390126259061
2,65,micro_roc_auc,-0.021172196920407726
2,66,micro_roc_auc,-0.00913492052130016
2,67,micro_roc_auc,-0.025656659504868062
2,68,micro_roc_auc,-0.021768655006849102
2,69,micro_roc_auc,-0.010512605115169715
2,70,micro_roc_auc,-0.03895054720720181
2,71,micro_roc_auc,-0.010255847953216324
2,72,micro_roc_auc,-0.01750422028283849
2,73,micro_roc_auc,-0.00606611570247928
2,74,micro_roc_auc,-0.03751025236268024
2,75,micro_roc_auc,-0.02006622516556289
2,76,micro_roc_auc,-0.014408904923225885
2,77,micro_roc_auc,-0.0009490799160191132
2,78,micro_roc_auc,-0.018056951509681674
2,79,micro_roc_auc,-0.006955183126454045
2,80,micro_roc_auc,-0.018072263098930286
2,81,micro_roc_auc,-0.01899205675590898
2,82,micro_roc_auc,-0.017657007651946666
2,83,micro_roc_auc,-0.027356218978910274
2,84,micro_roc_auc,-0.021046935660402277
2,85,micro_roc_auc,-0.02413542865722429
2,86,micro_roc_auc,-0.01645607361108692
2,87,micro_roc_auc,-0.02550685836005373
2,88,micro_roc_auc,-0.03241086235489221
2,89,micro_roc_auc,-0.007326180141805749
2,90,micro_roc_auc,-0.0237330178140277
2,91,micro_roc_auc,0.0020607764181233
2,92,micro_roc_auc,-0.028915161243746934
2,93,micro_roc_auc,-0.012082115009746541
2,94,micro_roc_auc,-0.01121398328384482
2,95,micro_roc_auc,-0.02563372704068867
2,96,micro_roc_auc,-0.008446210630778106
2,97,micro_roc_auc,-0.007846185737976796
2,98,micro_roc_auc,-0.02515374842241669
2,99,micro_roc_auc,-0.005836829917997166
2,100,micro_roc_auc,-0.013790633608815384
2,101,micro_roc_auc,0.007855204231088986
2,102,micro_roc_auc,-0.019183337255824995
2,103,micro_roc_auc,-0.02948485821187463
2,104,micro_roc_auc,-0.0009670398009949954
2,105,micro_roc_auc,-0.028882089903506714
2,106,micro_roc_auc,-0.012747705342433524
2,107,micro_roc_auc,-0.02588577071373832
2,108,micro_roc_auc,-0.025396230432448985
2,109,micro_roc_auc,0.001773342131309752
2,110,micro_roc_auc,-0.030685997231210904
2,111,micro_roc_auc,-0.012513067677070056
2,112,micro_roc_auc,-0.018370006408886974
2,113,micro_roc_auc,-0.00921174463937613
2,114,micro_roc_auc,-0.01980212962575989
2,115,micro_roc_auc,-0.022342442740473367
2,116,micro_roc_auc,-0.020881574594773356
2,117,micro_roc_auc,-0.00686758578040414
2,118,micro_roc_auc,-0.024159743076779816
2,119,micro_roc_auc,-0.023705775675321283
2,120,micro_roc_auc,-0.023186844468875645
2,121,micro_roc_auc,-0.006835018543461802
2,122,micro_roc_auc,-0.020506195056695153
2,123,micro_roc_auc,-0.015075838496047878
2,124,micro_roc_auc,-0.035536210211493224
2,125,micro_roc_auc,-0.008866236049932974
2,126,micro_roc_auc,-0.011339745611268826
2,127,micro_roc_auc,-0.015589810319803887
2,128,micro_roc_auc,0.00027630415561452626
2,129,micro_roc_auc,-0.017082206395886756
2,130,micro_roc_auc,0.003484406110768834
2,131,micro_roc_auc,-0.029279307972583934
2,132,micro_roc_auc,-0.03209503674619951
2,133,micro_roc_auc,-0.020853186345808572
2,134,micro_roc_auc,-0.015502908300921492
2,135,micro_roc_auc,-0.022715604603612438
2,136,micro_roc_auc,-0.00954026375235495
2,137,micro_roc_auc,-0.004903752436647091
2,138,micro_roc_auc,-0.017236281929990493
2,139,micro_roc_auc,-0.02449251119877527
2,140,micro_roc_auc,-0.01110946360049958
2,141,micro_roc_auc,-0.030933892786879524
2,142,micro_roc_auc,-0.026479727169382294
2,143,micro_roc_auc,0.00031488247168143246
2,144,micro_roc_auc,-0.02543914322261065
2,145,micro_roc_auc,-0.017390882203567104
2,146,micro_roc_auc,-0.02036594403843983
2,147,micro_roc_auc,-0.00010222054475683695
2,148,micro_roc_auc,-0.02815226532113957
2,149,micro_roc_auc,-0.0030123554901655414
2,150,micro_roc_auc,-0.004133558251966152
2,151,micro_roc_auc,-0.019819118547712233
2,152,micro_roc_auc,-0.011531549280884956
2,153,micro_roc_auc,-0.031475306302892525
2,154,micro_roc_auc,-0.02600074237191996
2,155,micro_roc_auc,-0.014273996864293648
2,156,micro_roc_auc,-0.016543841649567126
2,157,micro_roc_auc,-0.011796538345907659
2,158,micro_roc_auc,-0.022070895522388057
2,159,micro_roc_auc,-0.03273634832238148
2,160,micro_roc_auc,-0.021513294376613312
2,161,micro_roc_auc,-0.014638880651335784
2,162,micro_roc_auc,-0.021132693500121258
2,163,micro_roc_auc,-0.01873691328754512
2,164,micro_roc_auc,-0.012034824172072356
2,165,micro_roc_auc,-0.023167086536358572
2,166,micro_roc_auc,-0.01445391745932878
2,167,micro_roc_auc,-0.01352101164835251
2,168,micro_roc_auc,-0.014227642276422814
2,169,micro_roc_auc,-0.0262778837544283
2,170,micro_roc_auc,-0.040399476194744044
2,171,micro_roc_auc,-0.00665041089657914
2,172,micro_roc_auc,-0.005032434277910558
2,173,micro_roc_auc,-0.0178040394658584
2,174,micro_roc_auc,-0.019356424651885695
2,175,micro_roc_auc,-0.015249660024122647
2,176,micro_roc_auc,-0.022752017885140252
2,177,micro_roc_auc,-0.03374983817803412
2,178,micro_roc_auc,-0.03356895676103422
2,179,micro_roc_auc,-0.009996469757590054
2,180,micro_roc_auc,-0.022820419103313894
2,181,micro_roc_auc,-0.02661679405865447
2,182,micro_roc_auc,-0.02888404424200741
2,183,micro_roc_auc,-0.0077240044709140365
2,184,micro_roc_auc,-0.006223691460055081
2,185,micro_roc_auc,-0.00781487603305786
2,186,micro_roc_auc,-0.011674754098360718
2,187,micro_roc_auc,-0.02303679262109204
2,188,micro_roc_auc,-0.011745454545454503
2,189,micro_roc_auc,-0.03244723876755651
2,190,micro_roc_auc,-0.020181112237689924
2,191,micro_roc_auc,-0.016546931584613844
2,192,micro_roc_auc,-0.02249624756145563
2,193,micro_roc_auc,-0.011011265315603036
2,194,micro_roc_auc,-0.008339016678033384
2,195,micro_roc_auc,-0.04010911564291353
2,196,micro_roc_auc,0.0010655781031508882
2,197,micro_roc_auc,-0.021725400792535265
2,198,micro_roc_auc,-0.027217630853994534
2,199,micro_roc_auc,-0.02563609352921814
2,200,micro_roc_auc,-0.02482361422750723
2,201,micro_roc_auc,-0.005727408673360412
2,202,micro_roc_auc,-0.02810650134628212
2,203,micro_roc_auc,-0.02033129598629657
2,204,micro_roc_auc,-0.027268606117943794
2,205,micro_roc_auc,-0.03298028960846133
2,206,micro_roc_auc,-0.022144903711752817
2,207,micro_roc_auc,-0.019425413850827744
2,208,micro_roc_auc,0.00018614877886402592
2,209,micro_roc_auc,0.004327067615352731
2,210,micro_roc_auc,-0.013011337338818207
2,211,micro_roc_auc,-0.020748122728596607
2,212,micro_roc_auc,-0.016720272904483524
2,213,micro_roc_auc,-0.012435737976782768
2,214,micro_roc_auc,-0.02011984450007931
2,215,micro_roc_auc,-0.021918002553553695
2,216,micro_roc_auc,-0.017677150435771116
2,217,micro_roc_auc,-0.036804436439472954
2,218,micro_roc_auc,-0.025365508602263498
2,219,micro_roc_auc,-0.041793477839989546
2,220,micro_roc_auc,-0.018061238515135192
2,221,micro_roc_auc,-0.004669333960931943
2,222,micro_roc_auc,-0.015747091699078508
2,223,micro_roc_auc,-0.02381087104131485
2,224,micro_roc_auc,-0.020438655400938144
2,225,micro_roc_auc,-0.015823894898199464
2,226,micro_roc_auc,-0.018801194468078042
2,227,micro_roc_auc,-0.014531626785383112
2,228,micro_roc_auc,-0.009438335322063285
2,229,micro_roc_auc,-0.0050578512396693975
2,230,micro_roc_auc,-0.015689097255841222
2,231,micro_roc_auc,-0.007374281959478535
2,232,micro_roc_auc,-0.014890140009149788
2,233,micro_roc_auc,-0.018557444489516683
2,234,micro_roc_auc,-0.00810885245901638
2,235,micro_roc_auc,-0.020611093972408456
2,236,micro_roc_auc,-0.02252779229417068
2,237,micro_roc_auc,-0.001527508909322961
2,238,micro_roc_auc,-0.005460871416681168
2,239,micro_roc_auc,-0.02370585389453317
2,240,micro_roc_auc,-0.028578590806598525
2,241,micro_roc_auc,-0.028607651799293143
2,242,micro_roc_auc,-0.013054011657535947
2,243,micro_roc_auc,-0.013213225867980904
2,244,micro_roc_auc,-0.026861184792219328
2,245,micro_roc_auc,-0.02403858668207637
2,246,micro_roc_auc,-0.011067079683828251
2,247,micro_roc_auc,-0.03838770038314787
2,248,micro_roc_auc,-0.007428908199834883
2,249,micro_roc_auc,-0.02025216007563957
2,250,micro_roc_auc,-0.010751456672059012
2,251,micro_roc_auc,-0.0026042972785907947
2,252,micro_roc_auc,-0.011024706377166904
2,253,micro_roc_auc,0.0009942534776972156
2,254,micro_roc_auc,0.00441217034367003
2,255,micro_roc_auc,-0.025129855733447393
2,256,micro_roc_auc,-0.004099366958633555
2,257,micro_roc_auc,-0.027880510294303495
2,258,micro_roc_auc,-0.01847438234057075
2,259,micro_roc_auc,-0.00422562204536181
2,260,micro_roc_auc,-0.0002030244638472345
2,261,micro_roc_auc,-0.009542910447761233
2,262,micro_roc_auc,-0.013999764650506008
2,263,micro_roc_auc,-0.024542064961713628
2,264,micro_roc_auc,-0.018906201120897914
2,265,micro_roc_auc,-0.022925890240794944
2,266,micro_roc_auc,-0.005988196721311456
2,267,micro_roc_auc,-0.018334791614143864
2,268,micro_roc_auc,-0.000988467874794119
2,269,micro_roc_auc,-0.036433457711442796
2,270,micro_roc_auc,-0.016893134351470107
2,271,micro_roc_auc,-0.01309209284770707
2,272,micro_roc_auc,-0.014734361379954874
2,273,micro_roc_auc,-0.01564282067066569
2,274,micro_roc_auc,-0.026658761650856677
2,275,micro_roc_auc,-0.009535813790431225
2,276,micro_roc_auc,-0.01885052571753343
2,277,micro_roc_auc,-0.010806530214424903
2,278,micro_roc_auc,0.00052550936419693
2,279,micro_roc_auc,-0.007893656475450594
2,280,micro_roc_auc,-0.00197769622943067
2,281,micro_roc_auc,-0.015800600109110774
2,282,micro_roc_auc,-0.021994266663072137
2,283,micro_roc_auc,-0.01709283787098348
2,284,micro_roc_auc,9.456242965477646e-05
2,285,micro_roc_auc,-0.019107077502900527
2,286,micro_roc_auc,-0.007968033290774112
2,287,micro_roc_auc,-0.013525535420098822
2,288,micro_roc_auc,-0.024893998984279908
2,289,micro_roc_auc,-0.023938353068787777
2,290,micro_roc_auc,-0.014924849505448812
2,291,micro_roc_auc,-0.019130005296989272
2,292,micro_roc_auc,-0.020432844224338997
2,293,micro_roc_auc,-0.01918193322631878
2,294,micro_roc_auc,-0.0009689732798277007
2,295,micro_roc_auc,-0.022084462072115674
2,296,micro_roc_auc,-0.02104080060074509
2,297,micro_roc_auc,-0.006868943917001102
2,298,micro_roc_auc,-0.01982846884248024
2,299,micro_roc_auc,-0.010495276491318761
2,300,micro_roc_auc,-0.017920149141684605
2,301,micro_roc_auc,-0.024653229061777693
2,302,micro_roc_auc,-0.02321015769557344
2,303,micro_roc_auc,-0.02205332193192744
2,304,micro_roc_auc,-0.02094611759346854
2,305,micro_roc_auc,-0.00731019283746559
2,306,micro_roc_auc,-0.0089428707271908
2,307,micro_roc_auc,-0.008677302089318273
2,308,micro_roc_auc,-0.006470885436402729
2,309,micro_roc_auc,-0.011475173210161671
2,310,micro_roc_auc,-0.022373553719008288
2,311,micro_roc_auc,0.0007261707988980293
2,312,micro_roc_auc,-0.023682755698844704
2,313,micro_roc_auc,-0.03150011613853165
2,314,micro_roc_auc,-0.036414851830052
2,315,micro_roc_auc,-0.032295305689970855
2,316,micro_roc_auc,-0.023982018891544388
2,317,micro_roc_auc,-0.036784868638682355
2,318,micro_roc_auc,-0.022544190515349727
2,319,micro_roc_auc,-0.01996545056444965
2,320,micro_roc_auc,-0.024648117839607298
2,321,micro_roc_auc,-0.024855928689883955
2,322,micro_roc_auc,-0.02850746268656723
2,323,micro_roc_auc,-0.02512010007230403
2,324,micro_roc_auc,-0.008854109388173992
2,325,micro_roc_auc,-0.01222408222057847
2,326,micro_roc_auc,-0.020775869423038662
2,327,micro_roc_auc,-0.0030781443649706697
2,328,micro_roc_auc,-0.016172366434831997
2,329,micro_roc_auc,-0.014082128021620566
2,330,micro_roc_auc,-0.0026782221419758834
2,331,micro_roc_auc,0.003532073848628081
2,332,micro_roc_auc,-0.004362027416354608
2,333,micro_roc_auc,-0.005604281469086314
2,334,micro_roc_auc,-0.0203351116016679
2,335,micro_roc_auc,-0.009427132669438065
2,336,micro_roc_auc,-0.018425444129086532
2,337,micro_roc_auc,-0.03234026645862653
2,338,micro_roc_auc,-0.015946932353439136
2,339,micro_roc_auc,-0.02575655572541924
2,340,micro_roc_auc,-0.013358099390488043
2,341,micro_roc_auc,-0.02098292011019287
2,342,micro_roc_auc,-0.030830259423928363
2,343,micro_roc_auc,-0.015244155580567131
2,344,micro_roc_auc,-0.013304355487679609
2,345,micro_roc_auc,-0.0284718228284907
2,346,micro_roc_auc,-0.009994970273023873
2,347,micro_roc_auc,-0.01638111174766199
2,348,micro_roc_auc,-0.00106982773430786
2,349,micro_roc_auc,0.007881967213114849
2,350,micro_roc_auc,-0.015207388518173603
2,351,micro_roc_auc,-0.027454241009649993
2,352,micro_roc_auc,-0.018577174796203577
2,353,micro_roc_auc,-0.006196945508486373
2,354,micro_roc_auc,-0.020859225802540182
2,355,micro_roc_auc,-0.023732269286860674
2,356,micro_roc_auc,-0.022092710852088415
2,357,micro_roc_auc,-0.02304083885209718
2,358,micro_roc_auc,-0.03158938491566998
2,359,micro_roc_auc,-0.016462080121800282
2,360,micro_roc_auc,-0.017488269364712816
2,361,micro_roc_auc,-0.021702909430625694
2,362,micro_roc_auc,-0.002516763542531608
2,363,micro_roc_auc,-0.019992366003267925
2,364,micro_roc_auc,-0.01376560171877439
2,365,micro_roc_auc,-0.016373092856927896
2,366,micro_roc_auc,-0.0088132877590259
2,367,micro_roc_auc,-0.010962051828683927
2,368,micro_roc_auc,-0.016893645072160846
2,369,micro_roc_auc,-0.02082760548407192
2,370,micro_roc_auc,-0.019067145940661723
2,371,micro_roc_auc,-0.011636944849345854
2,372,micro_roc_auc,-0.026366332036861784
2,373,micro_roc_auc,-0.009118396982019217
2,374,micro_roc_auc,-0.00308561359867332
2,375,micro_roc_auc,-0.028278142312496812
2,376,micro_roc_auc,-0.012259083865800768
2,377,micro_roc_auc,-0.021738842975206674
2,378,micro_roc_auc,-0.021143013703719182
2,379,micro_roc_auc,-0.028873025652014772
2,380,micro_roc_auc,-0.01751760646818512
2,381,micro_roc_auc,-0.014894605423610763
2,382,micro_roc_auc,-0.022655548302551676
2,383,micro_roc_auc,-0.0277631804072056
2,384,micro_roc_auc,-0.01504553659337049
2,385,micro_roc_auc,-0.01665416655505847
2,386,micro_roc_auc,-0.02288458578707342
2,387,micro_roc_auc,-0.006233691969841915
2,388,micro_roc_auc,-0.01230711005233509
2,389,micro_roc_auc,0.00015500031000070802
2,390,micro_roc_auc,-0.006107679146408085
2,391,micro_roc_auc,-0.018745942008329797
2,392,micro_roc_auc,-0.02547058154091275
2,393,micro_roc_auc,-0.00954737983872156
2,394,micro_roc_auc,-0.011203617676093125
2,395,micro_roc_auc,-0.0200202415049191
2,396,micro_roc_auc,-0.01372006950019411
2,397,micro_roc_auc,-0.015241807483111658
2,398,micro_roc_auc,-0.019852185873217576
2,399,micro_roc_auc,-0.01631002889995703
2,400,micro_roc_auc,-0.023572120851042433
2,401,micro_roc_auc,-0.013320178662780346
2,402,micro_roc_auc,-0.025748264481620597
2,403,micro_roc_auc,-0.009677657434913334
2,404,micro_roc_auc,-0.022049513835109558
2,405,micro_roc_auc,-0.015504824664626993
2,406,micro_roc_auc,-0.025977569410825407
2,407,micro_roc_auc,-0.01649594840660229
2,408,micro_roc_auc,-0.016544047815020724
2,409,micro_roc_auc,-0.015104460756634741
2,410,micro_roc_auc,-0.011606305859718224
2,411,micro_roc_auc,-0.01776159197003524
2,412,micro_roc_auc,-0.007383363046183811
2,413,micro_roc_auc,-0.01605824065992212
2,414,micro_roc_auc,0.004149921153969727
2,415,micro_roc_auc,-0.02179553710430726
2,416,micro_roc_auc,-0.025636012928787477
2,417,micro_roc_auc,-0.011921980942129595
2,418,micro_roc_auc,-0.012557072252294632
2,419,micro_roc_auc,-0.011447819990036301
2,420,micro_roc_auc,-0.013164902697166303
2,421,micro_roc_auc,-0.02057961432506894
2,422,micro_roc_auc,-0.01731500175353784
2,423,micro_roc_auc,-0.01446759259259267
2,424,micro_roc_auc,-0.0052824193927982765
2,425,micro_roc_auc,-0.006141544973927826
2,426,micro_roc_auc,-0.014484043088694332
2,427,micro_roc_auc,-0.026017329537491918
2,428,micro_roc_auc,0.0027745533174007297
2,429,micro_roc_auc,-0.010087419782287221
2,430,micro_roc_auc,-0.012374993080797814
2,431,micro_roc_auc,-0.021404614398632726
2,432,micro_roc_auc,-0.023299579174124174
2,433,micro_roc_auc,-0.01978870787058995
2,434,micro_roc_auc,-0.018082587278874573
2,435,micro_roc_auc,-0.012676656920078022
2,436,micro_roc_auc,-0.013741194117804612
2,437,micro_roc_auc,-0.003367493112947706
2,438,micro_roc_auc,-0.03504818122792852
2,439,micro_roc_auc,-0.031413764510779485
2,440,micro_roc_auc,-0.018473142196042014
2,441,micro_roc_auc,-0.040299648027272705
2,442,micro_roc_auc,-0.01858919988690977
2,443,micro_roc_auc,-0.020920396642105654
2,444,micro_roc_auc,-0.0216800010191861
2,445,micro_roc_auc,-0.02996009846175407
2,446,micro_roc_auc,-0.012115206848083537
2,447,micro_roc_auc,-0.027573413025034466
2,448,micro_roc_auc,-0.016642767725048357
2,449,micro_roc_auc,-0.019760727765014696
2,450,micro_roc_auc,-0.008248957579978455
2,451,micro_roc_auc,-0.030680174454282505
2,452,micro_roc_auc,-0.02930253125114557
2,453,micro_roc_auc,-0.004455096418732762
2,454,micro_roc_auc,-0.01812062392316427
2,455,micro_roc_auc,-0.03223303106592046
2,456,micro_roc_auc,-0.022204651410371867
2,457,micro_roc_auc,-0.01950826269834649
2,458,micro_roc_auc,-0.01976094081357238
2,459,micro_roc_auc,-0.02272272228702754
2,460,micro_roc_auc,-0.03198325000927349
2,461,micro_roc_auc,-0.01890301217688528
2,462,micro_roc_auc,-0.01899046042257957
2,463,micro_roc_auc,-0.02258058792478601
2,464,micro_roc_auc,-0.020544542377693098
2,465,micro_roc_auc,-0.02224876441515644
2,466,micro_roc_auc,-0.021175878385180757
2,467,micro_roc_auc,-0.001695867768594983
2,468,micro_roc_auc,-0.031566289835591954
2,469,micro_roc_auc,-0.013666569147824603
2,470,micro_roc_auc,-0.01716533108801266
2,471,micro_roc_auc,-0.011743579631035894
2,472,micro_roc_auc,-0.00976456095059064
2,473,micro_roc_auc,-0.014579912172260512
2,474,micro_roc_auc,-0.02138244042613513
2,475,micro_roc_auc,-0.02976632562839454
2,476,micro_roc_auc,-0.02446940679314069
2,477,micro_roc_auc,-0.015492872977500571
2,478,micro_roc_auc,-0.04300275189266434
2,479,micro_roc_auc,-0.025095026744053728
2,480,micro_roc_auc,0.009496477712300888
2,481,micro_roc_auc,-0.003035772891368582
2,482,micro_roc_auc,-0.012900341374787128
2,483,micro_roc_auc,-0.011025258830823614
2,484,micro_roc_auc,-0.032533681263765324
2,485,micro_roc_auc,-0.016253493334762004
2,486,micro_roc_auc,0.0034723673395465893
2,487,micro_roc_auc,-0.02416055852280119
2,488,micro_roc_auc,-0.01656155145330651
2,489,micro_roc_auc,-0.004093072918983753
2,490,micro_roc_auc,-0.007639344262295067
2,491,micro_roc_auc,-0.04780577550496723
2,492,micro_roc_auc,-0.017634461071351137
2,493,micro_roc_auc,-0.011591842909924877
2,494,micro_roc_auc,-0.018690975552724143
2,495,micro_roc_auc,-0.007842545811024726
2,496,micro_roc_auc,-0.019955766658173002
2,497,micro_roc_auc,-0.014292613947559651
2,498,micro_roc_auc,-0.010828074281495126
2,499,micro_roc_auc,-0.014303118908382095
2,500,micro_roc_auc,-0.03021567156849614
2,501,micro_roc_auc,-0.023773578123455374
2,502,micro_roc_auc,-0.025276453156491185
2,503,micro_roc_auc,-0.017955517459977255
2,504,micro_roc_auc,-0.04307423626316331
2,505,micro_roc_auc,-0.014332801287291863
2,506,micro_roc_auc,-0.008715796019900579
2,507,micro_roc_auc,-0.007613007147890927
2,508,micro_roc_auc,-0.015158375243216615
2,509,micro_roc_auc,-0.02435217978444204
2,510,micro_roc_auc,-0.018959728886566274
2,511,micro_roc_auc,-0.015670486151663443
2,512,micro_roc_auc,-0.005804879602497204
2,513,micro_roc_auc,-0.030462003134067883
2,514,micro_roc_auc,-0.01605364387444419
2,515,micro_roc_auc,-0.004368342574487372
2,516,micro_roc_auc,-0.015050787728026482
2,517,micro_roc_auc,-0.009086257309941503
2,518,micro_roc_auc,-0.016655429233000785
2,519,micro_roc_auc,-0.023641989908546268
2,520,micro_roc_auc,-0.03181038626679378
2,521,micro_roc_auc,-0.025053500652138183
2,522,micro_roc_auc,-0.015187370269531208
2,523,micro_roc_auc,-0.016818926997227313
2,524,micro_roc_auc,-0.01502872362428398
2,525,micro_roc_auc,-0.00016639118457295599
2,526,micro_roc_auc,-0.0076998050682260955
2,527,micro_roc_auc,-0.01411890187349285
2,528,micro_roc_auc,-0.009927272727272674
2,529,micro_roc_auc,-0.03156405990016642
2,530,micro_roc_auc,-0.021548209366391124
2,531,micro_roc_auc,-0.02156723520998438
2,532,micro_roc_auc,-0.021883289124668415
2,533,micro_roc_auc,-0.014826626435236356
2,534,micro_roc_auc,-0.025237649542887874
2,535,micro_roc_auc,-0.009127280265339932
2,536,micro_roc_auc,-0.00899510304428075
2,537,micro_roc_auc,-0.01979929700905958
2,538,micro_roc_auc,0.01737905772388537
2,539,micro_roc_auc,-0.0160424119357625
2,540,micro_roc_auc,-0.034470356550580394
2,541,micro_roc_auc,-0.001950948971027766
2,542,micro_roc_auc,-0.024054212848166223
2,543,micro_roc_auc,-0.028588962248180194
2,544,micro_roc_auc,-0.011448576135561273
2,545,micro_roc_auc,-0.00909551976144507
2,546,micro_roc_auc,-0.017264589225503446
2,547,micro_roc_auc,0.00022630117250077575
2,548,micro_roc_auc,-0.02664810970623388
2,549,micro_roc_auc,-0.007447757023026358
2,550,micro_roc_auc,-0.013637678325552627
2,551,micro_roc_auc,-0.03474902534113056
2,552,micro_roc_auc,-0.027308378704760772
2,553,micro_roc_auc,-0.02977972446336663
2,554,micro_roc_auc,-0.034466928420416876
2,555,micro_roc_auc,-0.021092922635990385
2,556,micro_roc_auc,-0.022785439471685764
2,557,micro_roc_auc,-0.02926675732690065
2,558,micro_roc_auc,-0.015882439452727937
2,559,micro_roc_auc,-0.02878939175893569
2,560,micro_roc_auc,-0.0013690453017739523
2,561,micro_roc_auc,-0.007294381914497494
2,562,micro_roc_auc,-0.020725228437065923
2,563,micro_roc_auc,-0.015363844213181932
2,564,micro_roc_auc,-0.006618667945024526
2,565,micro_roc_auc,-0.02595790941910081
2,566,micro_roc_auc,-0.001089576764592981
2,567,micro_roc_auc,-0.01893504353965636
2,568,micro_roc_auc,-0.0076712236757806584
2,569,micro_roc_auc,-0.0036645525017617864
2,570,micro_roc_auc,-0.0299765233540068
2,571,micro_roc_auc,-0.01986306736076049
2,572,micro_roc_auc,-0.027014925373134324
2,573,micro_roc_auc,0.00342532298272058
2,574,micro_roc_auc,-0.015264356208829488
2,575,micro_roc_auc,-0.011293686299572725
2,576,micro_roc_auc,-0.031027759448660208
2,577,micro_roc_auc,-0.015026160696358759
2,578,micro_roc_auc,-0.01432549740337219
2,579,micro_roc_auc,-0.026831948696843688
2,580,micro_roc_auc,-0.02372581276143282
2,581,micro_roc_auc,-0.03542392205638467
2,582,micro_roc_auc,-0.035525207693183125
2,583,micro_roc_auc,-0.019120485605093385
2,584,micro_roc_auc,-0.018435995205323796
2,585,micro_roc_auc,-0.019009826960051268
2,586,micro_roc_auc,-0.03133978941098137
2,587,micro_roc_auc,-0.004155306987370544
2,588,micro_roc_auc,-0.022370509730142873
2,589,micro_roc_auc,-0.025276814184098995
2,590,micro_roc_auc,-0.012295812603648426
2,591,micro_roc_auc,-0.001697238866112949
2,592,micro_roc_auc,-0.013062735734800546
2,593,micro_roc_auc,-0.026375209249815068
2,594,micro_roc_auc,-0.0012616341706426226
2,595,micro_roc_auc,-0.008966739651756872
2,596,micro_roc_auc,-0.020888214098787494
2,597,micro_roc_auc,-0.005773425583199265
2,598,micro_roc_auc,-0.027804421793054757
2,599,micro_roc_auc,-0.014316773160158114
2,600,micro_roc_auc,-0.0007319117979746048
2,601,micro_roc_auc,-0.020220726854952797
2,602,micro_roc_auc,-0.0230784112894048
2,603,micro_roc_auc,-0.03586647109006391
2,604,micro_roc_auc,-0.02374813074129467
2,605,micro_roc_auc,-0.010021833137733749
2,606,micro_roc_auc,-0.022801618179354666
2,607,micro_roc_auc,-0.033818141290870796
2,608,micro_roc_auc,-0.0054765133311626135
2,609,micro_roc_auc,-0.016096701319373352
2,610,micro_roc_auc,-0.020388179402671236
2,611,micro_roc_auc,-0.006887756255737898
2,612,micro_roc_auc,-0.026641369890096023
2,613,micro_roc_auc,-0.012452454832090454
2,614,micro_roc_auc,-0.02562264113364998
2,615,micro_roc_auc,-0.012075281040798358
2,616,micro_roc_auc,-0.04097666845028314
2,617,micro_roc_auc,-0.013261139443644154
2,618,micro_roc_auc,-0.011316194243023547
2,619,micro_roc_auc,-0.03289610844714941
2,620,micro_roc_auc,-0.010223121205970798
2,621,micro_roc_auc,-0.010619077880706262
2,622,micro_roc_auc,-0.015159228650137746
2,623,micro_roc_auc,-0.028532483347786686
2,624,micro_roc_auc,-0.03189039858513465
2,625,micro_roc_auc,-0.013709230193837962
2,626,micro_roc_auc,-0.03543781640907506
2,627,micro_roc_auc,-0.017713094521017214
2,628,micro_roc_auc,-0.00789962410378664
2,629,micro_roc_auc,-0.013603444706332013
2,630,micro_roc_auc,-0.010186189029200876
2,631,micro_roc_auc,-0.007723338923513845
2,632,micro_roc_auc,0.0007039468310570118
2,633,micro_roc_auc,-0.008405214424951346
2,634,micro_roc_auc,-0.016135965987008727
2,635,micro_roc_auc,-0.015968984683082277
2,636,micro_roc_auc,-0.027672356796659914
2,637,micro_roc_auc,-0.013658814157277765
2,638,micro_roc_auc,-0.001662326947218129
2,639,micro_roc_auc,-0.009453811818140534
2,640,micro_roc_auc,-0.029918820764793908
2,641,micro_roc_auc,-0.018696937016948523
2,642,micro_roc_auc,-0.026024634837584437
2,643,micro_roc_auc,-0.028799441146244664
2,644,micro_roc_auc,-0.032979617281942875
2,645,micro_roc_auc,-0.014707711442786153
2,646,micro_roc_auc,-0.024259811469867
2,647,micro_roc_auc,-0.022209739304110077
2,648,micro_roc_auc,0.008109707522476417
2,649,micro_roc_auc,-0.007568590350047311
2,650,micro_roc_auc,-0.011434031046742121
2,651,micro_roc_auc,-0.025435132940686667
2,652,micro_roc_auc,-0.02380330216983151
2,653,micro_roc_auc,-0.005388851507733161
2,654,micro_roc_auc,-0.014216905887733278
2,655,micro_roc_auc,-0.029106382630002536
2,656,micro_roc_auc,-0.029772484511856434
2,657,micro_roc_auc,-0.017874958430329158
2,658,micro_roc_auc,-0.009904329961523017
2,659,micro_roc_auc,0.002925913657944146
2,660,micro_roc_auc,-0.02374706259346293
2,661,micro_roc_auc,-0.027309637353001293
2,662,micro_roc_auc,-0.02929449643828308
2,663,micro_roc_auc,-0.027904062954964948
2,664,micro_roc_auc,-0.011503052211234932
2,665,micro_roc_auc,-0.022856677686473703
2,666,micro_roc_auc,-0.027510290270448823
2,667,micro_roc_auc,-0.034989489936771756
2,668,micro_roc_auc,0.00028466676809968394
2,669,micro_roc_auc,-0.027122143441260294
2,670,micro_roc_auc,-0.009345227023787372
2,671,micro_roc_auc,-0.021897810218978075
2,672,micro_roc_auc,-0.009058707392137433
2,673,micro_roc_auc,-0.03543094378252343
2,674,micro_roc_auc,-0.01549541068486704
2,675,micro_roc_auc,-0.030837810415661804
2,676,micro_roc_auc,-0.013235783498091402
2,677,micro_roc_auc,-0.015674951267056536
2,678,micro_roc_auc,-0.01287014908387396
2,679,micro_roc_auc,-0.02129566331980348
2,680,micro_roc_auc,-0.018382838283828362
2,681,micro_roc_auc,-0.010406611570247914
2,682,micro_roc_auc,-0.010670983173869941
2,683,micro_roc_auc,-0.02718572969483868
2,684,micro_roc_auc,-0.0151644410397479
2,685,micro_roc_auc,-0.029306500966419957
2,686,micro_roc_auc,-0.014220052613250656
2,687,micro_roc_auc,-0.027571031830805448
2,688,micro_roc_auc,-0.02242742361908201
2,689,micro_roc_auc,0.007029889385737786
2,690,micro_roc_auc,-0.001196522875691275
2,691,micro_roc_auc,-0.036890307999579486
2,692,micro_roc_auc,-0.01683282121315588
2,693,micro_roc_auc,-0.02112167757784511
2,694,micro_roc_auc,-0.019894214876033045
2,695,micro_roc_auc,-0.01897969623888196
2,696,micro_roc_auc,-0.014755217057260017
2,697,micro_roc_auc,-0.004462721710295825
2,698,micro_roc_auc,-0.01845460199004978
2,699,micro_roc_auc,-0.01623161677779361
2,700,micro_roc_auc,-0.01969696969696977
2,701,micro_roc_auc,-0.02900895764054534
2,702,micro_roc_auc,-0.002309875697367181
2,703,micro_roc_auc,-0.009685649165179444
2,704,micro_roc_auc,-0.02817955531635774
2,705,micro_roc_auc,-0.022063638010058395
2,706,micro_roc_auc,-0.005834280661866864
2,707,micro_roc_auc,-0.030899380474257665
2,708,micro_roc_auc,-0.027444052663007867
2,709,micro_roc_auc,-0.018128524590163897
2,710,micro_roc_auc,-0.016541116415566104
2,711,micro_roc_auc,-0.04525619834710737
2,712,micro_roc_auc,-0.008306515651774093
2,713,micro_roc_auc,-0.021400888809795626
2,714,micro_roc_auc,-0.0036817738791422583
2,715,micro_roc_auc,-0.017019218040663198
2,716,micro_roc_auc,-0.023101798281654373
2,717,micro_roc_auc,-0.02239406382649356
2,718,micro_roc_auc,-0.014465838696225974
2,719,micro_roc_auc,-0.023433007475560652
2,720,micro_roc_auc,-0.01249403789576764
2,721,micro_roc_auc,-0.008362460142261496
2,722,micro_roc_auc,-0.011931950191059415
2,723,micro_roc_auc,-0.0079617834394905
2,724,micro_roc_auc,-0.013922162597600929
2,725,micro_roc_auc,-0.019367773581967507
2,726,micro_roc_auc,-0.029433276215154458
2,727,micro_roc_auc,-0.01622399193249402
2,728,micro_roc_auc,-0.004930439621591454
2,729,micro_roc_auc,-0.021195822647010032
2,730,micro_roc_auc,-0.03242744964151589
2,731,micro_roc_auc,-0.01035324151628525
2,732,micro_roc_auc,-0.02048196517412937
2,733,micro_roc_auc,-0.02205886067955032
2,734,micro_roc_auc,-0.00984915145145393
2,735,micro_roc_auc,-0.0009777936222539196
2,736,micro_roc_auc,-0.015198059507401496
2,737,micro_roc_auc,-0.011528936051674044
2,738,micro_roc_auc,-0.030259031500753375
2,739,micro_roc_auc,-0.021570501877773984
2,740,micro_roc_auc,-0.026351515151515237
2,741,micro_roc_auc,-0.007848905624852853
2,742,micro_roc_auc,-0.0036715766503000458
2,743,micro_roc_auc,-0.0209640145262463
2,744,micro_roc_auc,-0.014968661190485455
2,745,micro_roc_auc,-0.03137791070284124
2,746,micro_roc_auc,-0.008210145355549203
2,747,micro_roc_auc,-0.014956559991202045
2,748,micro_roc_auc,-0.01384017408483773
2,749,micro_roc_auc,-0.0182678957550928
2,750,micro_roc_auc,-0.004942663669811442
2,751,micro_roc_auc,-0.019412003678604295
2,752,micro_roc_auc,-0.037498963515754546
2,753,micro_roc_auc,-0.010669610007358332
2,754,micro_roc_auc,-0.008418848084628006
2,755,micro_roc_auc,-0.007061453665575423
2,756,micro_roc_auc,-0.01716772289639079
2,757,micro_roc_auc,-0.009825549456491167
2,758,micro_roc_auc,-0.019615009746588696
2,759,micro_roc_auc,-0.01637576746448499
2,760,micro_roc_auc,-0.01049849847185691
2,761,micro_roc_auc,-0.0012343264976901747
2,762,micro_roc_auc,-0.023368664717348886
2,763,micro_roc_auc,-0.011615987952017015
2,764,micro_roc_auc,-0.003365497034163223
2,765,micro_roc_auc,-0.020051828983985054
2,766,micro_roc_auc,-0.02237471382364198
2,767,micro_roc_auc,-0.02355629910674273
2,768,micro_roc_auc,-0.00983448413966792
2,769,micro_roc_auc,-0.010624684436861265
2,770,micro_roc_auc,-0.02700441418308752
2,771,micro_roc_auc,-0.01404844503843572
2,772,micro_roc_auc,-0.022184535094167734
2,773,micro_roc_auc,-0.009649577565187806
2,774,micro_roc_auc,-0.028197549576859937
2,775,micro_roc_auc,-0.019025499566396764
2,776,micro_roc_auc,-0.017330511879570354
2,777,micro_roc_auc,-0.014824223912596524
2,778,micro_roc_auc,-0.010640881792818191
2,779,micro_roc_auc,-0.023826443226246385
2,780,micro_roc_auc,-0.017528579597603122
2,781,micro_roc_auc,-0.024820776583524773
2,782,micro_roc_auc,-0.01962963955035313
2,783,micro_roc_auc,-0.02534632735531439
2,784,micro_roc_auc,-0.026339523234840012
2,785,micro_roc_auc,-0.02611318407960206
2,786,micro_roc_auc,-0.017857931650527403
2,787,micro_roc_auc,-0.01915580433792352
2,788,micro_roc_auc,-0.017806397149405906
2,789,micro_roc_auc,-0.001111402560635355
2,790,micro_roc_auc,-0.006223789954978298
2,791,micro_roc_auc,-0.02206714070893412
2,792,micro_roc_auc,-0.013933783594379578
2,793,micro_roc_auc,-0.009329811113316655
2,794,micro_roc_auc,-0.03593916970205335
2,795,micro_roc_auc,-0.01832798976838712
2,796,micro_roc_auc,-0.0043342257090092096
2,797,micro_roc_auc,-0.008385132124766992
2,798,micro_roc_auc,-0.019491871036328323
2,799,micro_roc_auc,-0.019758341631719856
2,800,micro_roc_auc,-0.011432240492909362
2,801,micro_roc_auc,-0.013822905284494924
2,802,micro_roc_auc,-0.013660279766606331
2,803,micro_roc_auc,-0.012652723670865673
2,804,micro_roc_auc,-0.019382920110192825
2,805,micro_roc_auc,-0.016420808101029305
2,806,micro_roc_auc,-0.008717554149004103
2,807,micro_roc_auc,-0.025170137703425466
2,808,micro_roc_auc,-0.017318881969694888
2,809,micro_roc_auc,-0.031441625750136426
2,810,micro_roc_auc,-0.02435092237978309
2,811,micro_roc_auc,-0.017296504062110807
2,812,micro_roc_auc,-0.009558854945524442
2,813,micro_roc_auc,-0.01628605027036023
2,814,micro_roc_auc,-0.02892604142177191
2,815,micro_roc_auc,-0.018685220770622957
2,816,micro_roc_auc,-0.013602684915258845
2,817,micro_roc_auc,0.0013518358079646076
2,818,micro_roc_auc,-0.022663110062158598
2,819,micro_roc_auc,-0.018761142318947877
2,820,micro_roc_auc,-0.020445923791974407
2,821,micro_roc_auc,-0.01773205941175915
2,822,micro_roc_auc,-0.03064527142369411
2,823,micro_roc_auc,-0.02227983258290367
2,824,micro_roc_auc,-0.02449812624510661
2,825,micro_roc_auc,-0.032263963348400426
2,826,micro_roc_auc,-0.02488371176285087
2,827,micro_roc_auc,-0.016451077943615333
2,828,micro_roc_auc,-0.027045673773590573
2,829,micro_roc_auc,-0.013206054406546763
2,830,micro_roc_auc,0.005224763855695924
2,831,micro_roc_auc,-0.024008348486997955
2,832,micro_roc_auc,-0.029271293681646826
2,833,micro_roc_auc,-0.020637329619117684
2,834,micro_roc_auc,-0.03924454255580079
2,835,micro_roc_auc,-0.02149088491613038
2,836,micro_roc_auc,-0.026360052939320533
2,837,micro_roc_auc,-0.023596960843924375
2,838,micro_roc_auc,-0.020619174464197698
2,839,micro_roc_auc,-0.00458401305057099
2,840,micro_roc_auc,-0.013957655341834352
2,841,micro_roc_auc,-0.022340311899166854
2,842,micro_roc_auc,-0.027300388140070186
2,843,micro_roc_auc,-0.013919708629094751
2,844,micro_roc_auc,-0.022527037658410798
2,845,micro_roc_auc,-0.01226058929962448
2,846,micro_roc_auc,-0.011349068697684928
2,847,micro_roc_auc,-0.01765114291817982
2,848,micro_roc_auc,-0.02813088160607058
2,849,micro_roc_auc,-0.018303030303030265
2,850,micro_roc_auc,-0.014316492779410273
2,851,micro_roc_auc,-0.002440707256993302
2,852,micro_roc_auc,-0.025055903808790636
2,853,micro_roc_auc,-0.03640193305645445
2,854,micro_roc_auc,-0.0191094054580897
2,855,micro_roc_auc,-0.003181194839586121
2,856,micro_roc_auc,-0.027808807102122413
2,857,micro_roc_auc,-0.00237965001846685
2,858,micro_roc_auc,-0.015018908427039457
2,859,micro_roc_auc,-0.01594013141298989
2,860,micro_roc_auc,-0.016819251588609085
2,861,micro_roc_auc,-0.010951943834529576
2,862,micro_roc_auc,-0.019921904858970052
2,863,micro_roc_auc,-0.018727310641605266
2,864,micro_roc_auc,-0.026249705813132573
2,865,micro_roc_auc,-0.022665977634549805
2,866,micro_roc_auc,-0.011659411276948584
2,867,micro_roc_auc,-0.02233772165866943
2,868,micro_roc_auc,-0.010119964074929433
2,869,micro_roc_auc,-0.03807264447141667
2,870,micro_roc_auc,-0.023053165673946663
2,871,micro_roc_auc,-0.0333400549132713
2,872,micro_roc_auc,-0.0261274654237984
2,873,micro_roc_auc,-0.020275792572779228
2,874,micro_roc_auc,-0.024883005919772994
2,875,micro_roc_auc,-0.02387374268191278
2,876,micro_roc_auc,-0.02043526170798904
2,877,micro_roc_auc,-0.02355088030318797
2,878,micro_roc_auc,-0.026381904761904718
2,879,micro_roc_auc,-0.038206814346556595
2,880,micro_roc_auc,-0.012595254349871743
2,881,micro_roc_auc,-0.012350927337111073
2,882,micro_roc_auc,-0.026278477827458735
2,883,micro_roc_auc,-0.026274300363170244
2,884,micro_roc_auc,-0.027162072875650756
2,885,micro_roc_auc,-0.011616003639775885
2,886,micro_roc_auc,-0.012382616873006569
2,887,micro_roc_auc,-0.018909895193594206
2,888,micro_roc_auc,-0.03124019310712467
2,889,micro_roc_auc,-0.016945097201452763
2,890,micro_roc_auc,-0.00438065911507024
2,891,micro_roc_auc,-0.009552287886447353
2,892,micro_roc_auc,-0.0329603787799152
2,893,micro_roc_auc,-0.01885275391391572
2,894,micro_roc_auc,-0.02023754423858215
2,895,micro_roc_auc,-0.024874172662734728
2,896,micro_roc_auc,-0.02354581260364841
2,897,micro_roc_auc,-0.014569250028451108
2,898,micro_roc_auc,-0.01675073099415203
2,899,micro_roc_auc,-0.007746164159094349
2,900,micro_roc_auc,-0.013918732070152817
2,901,micro_roc_auc,-0.01569505618088618
2,902,micro_roc_auc,-0.020071996968548667
2,903,micro_roc_auc,-0.019761337154796
2,904,micro_roc_auc,-0.03297940636566987
2,905,micro_roc_auc,0.00021104605221178296
2,906,micro_roc_auc,0.0009096384801662305
2,907,micro_roc_auc,-0.020263844491580363
2,908,micro_roc_auc,-0.010363805970149298
2,909,micro_roc_auc,-0.016252834611562683
2,910,micro_roc_auc,-0.013567038668454101
2,911,micro_roc_auc,-0.0022491128703735486
2,912,micro_roc_auc,-0.0004888436503897031
2,913,micro_roc_auc,-0.011406060606060642
2,914,micro_roc_auc,-0.03451103160405489
2,915,micro_roc_auc,-0.008842451913044003
2,916,micro_roc_auc,-0.003786653366762871
2,917,micro_roc_auc,-0.0225895431938814
2,918,micro_roc_auc,-0.016715244371649618
2,919,micro_roc_auc,-0.030285430184390894
2,920,micro_roc_auc,-0.02256883972699464
2,921,micro_roc_auc,-0.022440303039989784
2,922,micro_roc_auc,-0.03085196516827493
2,923,micro_roc_auc,-0.0024533766773396914
2,924,micro_roc_auc,-0.025794796363503014
2,925,micro_roc_auc,-0.02419316354335188
2,926,micro_roc_auc,-0.03488523429487678
2,927,micro_roc_auc,-0.012647289247934013
2,928,micro_roc_auc,-0.006911377581634848
2,929,micro_roc_auc,-0.009520977582004098
2,930,micro_roc_auc,-0.005539285819176509
2,931,micro_roc_auc,-0.018085131512123653
2,932,micro_roc_auc,-0.019719683823013145
2,933,micro_roc_auc,-0.016978567907487863
2,934,micro_roc_auc,-0.011641909075387091
2,935,micro_roc_auc,-0.008827276283716712
2,936,micro_roc_auc,-0.021313957360469038
2,937,micro_roc_auc,-0.01990073812318094
2,938,micro_roc_auc,-0.03441375989378059
2,939,micro_roc_auc,-0.006338797077615643
2,940,micro_roc_auc,-0.036880239429522566
2,941,micro_roc_auc,-0.016141169154228807
2,942,micro_roc_auc,-0.020591753898739573
2,943,micro_roc_auc,-0.0079871770155171
2,944,micro_roc_auc,-0.016074931129476555
2,945,micro_roc_auc,-0.013220149354325583
2,946,micro_roc_auc,-0.022395888082974214
2,947,micro_roc_auc,-0.022242094954784353
2,948,micro_roc_auc,-0.012122431147619017
2,949,micro_roc_auc,-0.02911703500384122
2,950,micro_roc_auc,-0.019359016065261914
2,951,micro_roc_auc,-0.029838344352995594
2,952,micro_roc_auc,-0.006437467869922164
2,953,micro_roc_auc,-0.02102653541502464
2,954,micro_roc_auc,-0.02023693342008237
2,955,micro_roc_auc,-0.03132104889511944
2,956,micro_roc_auc,-0.02880475350110978
2,957,micro_roc_auc,-0.008227752033500346
2,958,micro_roc_auc,-0.03193469785575054
2,959,micro_roc_auc,-0.012077770769823748
2,960,micro_roc_auc,-0.017575558475689923
2,961,micro_roc_auc,-0.018309065975401606
2,962,micro_roc_auc,-0.033565056677022254
2,963,micro_roc_auc,-0.014035617926346444
2,964,micro_roc_auc,0.003240764032130916
2,965,micro_roc_auc,-0.006628477905073704
2,966,micro_roc_auc,-0.02262809749617134
2,967,micro_roc_auc,-0.018875611699100903
2,968,micro_roc_auc,-0.017560544596688543
2,969,micro_roc_auc,-0.0064893196380270135
2,970,micro_roc_auc,-0.014018732782369092
2,971,micro_roc_auc,-0.005367019127624273
2,972,micro_roc_auc,-0.0124429810052753
2,973,micro_roc_auc,-0.01591555707294867
2,974,micro_roc_auc,-0.021113366727127825
2,975,micro_roc_auc,0.004338201042886847
2,976,micro_roc_auc,-0.021732422614622937
2,977,micro_roc_auc,-0.01447024012746101
2,978,micro_roc_auc,-0.01035922865013772
2,979,micro_roc_auc,-0.03195947859925785
2,980,micro_roc_auc,-0.015125375943317865
2,981,micro_roc_auc,-0.015057370138201631
2,982,micro_roc_auc,-0.036894191080237615
2,983,micro_roc_auc,-0.025988523350000903
2,984,micro_roc_auc,-0.023400322038070187
2,985,micro_roc_auc,-0.015623910972748178
2,986,micro_roc_auc,-0.02308552366289085
2,987,micro_roc_auc,-0.008238266476532918
2,988,micro_roc_auc,-0.012262994385700998
2,989,micro_roc_auc,-0.01048973518609142
2,990,micro_roc_auc,-0.007591184573002785
2,991,micro_roc_auc,-0.00504587568184478
2,992,micro_roc_auc,-0.027494254574577326
2,993,micro_roc_auc,-0.009744543408045314
2,994,micro_roc_auc,-0.027605863905532768
2,995,micro_roc_auc,-0.01706238151123951
2,996,micro_roc_auc,-0.02281881394615104
2,997,micro_roc_auc,0.00016492848420190942
2,998,micro_roc_auc,-0.019193567108165
2,999,micro_roc_auc,-0.023362728298574886
2,1000,micro_roc_auc,-0.02094139797599437
2,1001,micro_roc_auc,-0.011132244349966403
2,1002,micro_roc_auc,-0.008236055542480636
2,1003,micro_roc_auc,0.0049743085164535294
2,1004,micro_roc_auc,-0.026355865396865852
2,1005,micro_roc_auc,-0.010393388429752126
2,1006,micro_roc_auc,-0.03898103463534752
2,1007,micro_roc_auc,-0.031794019933554796
2,1008,micro_roc_auc,-0.016867338101233087
2,1009,micro_roc_auc,-0.01551165602331206
2,1010,micro_roc_auc,-0.03376331303202229
2,1011,micro_roc_auc,-0.00814860910222337
2,1012,micro_roc_auc,-0.01679817205902845
2,1013,micro_roc_auc,-0.004742824666098322
2,1014,micro_roc_auc,-0.021893386759046063
2,1015,micro_roc_auc,-0.019616686875637224
2,1016,micro_roc_auc,0.005704918032786943
2,1017,micro_roc_auc,-0.018462673884859337
2,1018,micro_roc_auc,-0.012165758074053623
2,1019,micro_roc_auc,-0.02210685865858275
2,1020,micro_roc_auc,-0.01887710169933232
2,1021,micro_roc_auc,-0.02660511391130982
2,1022,micro_roc_auc,-0.023259179529389384
2,1023,micro_roc_auc,-0.013032201233238783
2,1024,micro_roc_auc,-0.014026357271160972
2,1025,micro_roc_auc,-0.00580459016393442
2,1026,micro_roc_auc,-0.009850891145250174
2,1027,micro_roc_auc,-0.019334744360072653
2,1028,micro_roc_auc,-0.019626235213279775
2,1029,micro_roc_auc,-0.020812621832358658
2,1030,micro_roc_auc,-0.014200464798881485
2,1031,micro_roc_auc,-0.02642434307449182
2,1032,micro_roc_auc,0.003975190622510505
2,1033,micro_roc_auc,-0.01148282274640311
2,1034,micro_roc_auc,-0.015903547993728617
2,1035,micro_roc_auc,-0.002695111307789655
2,1036,micro_roc_auc,-0.03518660884815439
2,1037,micro_roc_auc,0.008840469874952683
2,1038,micro_roc_auc,-0.002424025807397645
2,1039,micro_roc_auc,-0.016472291516295035
2,1040,micro_roc_auc,-0.02919510473052489
2,1041,micro_roc_auc,-0.025332084830263057
2,1042,micro_roc_auc,-0.01899046042257968
2,1043,micro_roc_auc,-0.01454646936177273
2,1044,micro_roc_auc,-0.022661606459573047
2,1045,micro_roc_auc,-0.008812883421976059
2,1046,micro_roc_auc,-0.007368719020697689
2,1047,micro_roc_auc,-0.00648230340275413
2,1048,micro_roc_auc,-0.013039363737038179
2,1049,micro_roc_auc,-0.028093323586744656
2,1050,micro_roc_auc,-0.027769126622632312
2,1051,micro_roc_auc,-0.01106980028625315
2,1052,micro_roc_auc,-0.020022322063298015
2,1053,micro_roc_auc,-0.02380299801753305
2,1054,micro_roc_auc,0.002847505682790352
2,1055,micro_roc_auc,-0.012005588949941193
2,1056,micro_roc_auc,-0.027161716171617223
2,1057,micro_roc_auc,-0.01817715835506939
2,1058,micro_roc_auc,0.002098554683054532
2,1059,micro_roc_auc,-0.02417827010949858
2,1060,micro_roc_auc,-0.009238567493112915
2,1061,micro_roc_auc,-0.02409476584022041
2,1062,micro_roc_auc,-0.01654849522371704
2,1063,micro_roc_auc,-0.022037662195401264
2,1064,micro_roc_auc,-0.016873388771303288
2,1065,micro_roc_auc,-0.029160753705455678
2,1066,micro_roc_auc,-0.01863015526983136
2,1067,micro_roc_auc,-0.018556389898401582
2,1068,micro_roc_auc,-0.007197239469962202
2,1069,micro_roc_auc,-0.012192784377527466
2,1070,micro_roc_auc,-0.02027645032579095
2,1071,micro_roc_auc,-0.016429053926484083
2,1072,micro_roc_auc,-0.010205538110191315
2,1073,micro_roc_auc,-0.01707700209572871
2,1074,micro_roc_auc,-0.028523489932885893
2,1075,micro_roc_auc,-0.030185680949449623
2,1076,micro_roc_auc,-0.004224303096568405
2,1077,micro_roc_auc,-0.00526601746980393
2,1078,micro_roc_auc,-0.016882895186070335
2,1079,micro_roc_auc,-0.008426414521558234
2,1080,micro_roc_auc,-0.004407405423262678
2,1081,micro_roc_auc,-0.020733202379459748
2,1082,micro_roc_auc,-0.037249170812603705
2,1083,micro_roc_auc,-0.03219077120273439
2,1084,micro_roc_auc,-0.02962344080960222
2,1085,micro_roc_auc,0.0005004889569533155
2,1086,micro_roc_auc,-0.016308325607597762
2,1087,micro_roc_auc,-0.01789481834194684
2,1088,micro_roc_auc,-0.02416466882667445
2,1089,micro_roc_auc,-0.00694216683065485
2,1090,micro_roc_auc,-0.01784462239607365
2,1091,micro_roc_auc,-0.031385925418420224
2,1092,micro_roc_auc,-0.036184491142264075
2,1093,micro_roc_auc,-0.0018852531826065722
2,1094,micro_roc_auc,-0.016979636350306082
2,1095,micro_roc_auc,-0.011095272904483422
2,1096,micro_roc_auc,0.001572018307877232
2,1097,micro_roc_auc,-0.018754497481410448
2,1098,micro_roc_auc,-0.011070900193467681
2,1099,micro_roc_auc,0.0016672224074690822
2,1100,micro_roc_auc,-0.004276111067605837
2,1101,micro_roc_auc,-0.027990205269689872
2,1102,micro_roc_auc,-0.03274354227276732
2,1103,micro_roc_auc,-0.011076245897464143
2,1104,micro_roc_auc,-0.03264559665015099
2,1105,micro_roc_auc,-0.023082076434217225
2,1106,micro_roc_auc,-0.0030811310328173747
2,1107,micro_roc_auc,-0.008966698598775746
2,1108,micro_roc_auc,-0.02588373072794936
2,1109,micro_roc_auc,-0.019991283857177855
2,1110,micro_roc_auc,-0.0010759730538921763
2,1111,micro_roc_auc,-0.020945337647888196
2,1112,micro_roc_auc,-0.0026231978843802572
2,1113,micro_roc_auc,-0.007527813082159551
2,1114,micro_roc_auc,-0.01941157024793394
2,1115,micro_roc_auc,-0.020882132718310964
2,1116,micro_roc_auc,-0.01130235007346636
2,1117,micro_roc_auc,-0.040653115628124015
2,1118,micro_roc_auc,-0.014576916238593363
2,1119,micro_roc_auc,-0.01390271785226982
2,1120,micro_roc_auc,-0.013128465432727054
2,1121,micro_roc_auc,-0.011087962962962994
2,1122,micro_roc_auc,-0.004433590626953254
2,1123,micro_roc_auc,-0.018087495222321226
2,1124,micro_roc_auc,-0.017451548682300144
2,1125,micro_roc_auc,-0.014272448861150533
2,1126,micro_roc_auc,-0.023746478108874536
2,1127,micro_roc_auc,-0.014241733495533593
2,1128,micro_roc_auc,-0.01368384805423084
2,1129,micro_roc_auc,-0.007172667757774143
2,1130,micro_roc_auc,-0.01107688782250027
2,1131,micro_roc_auc,-0.01268538111947426
2,1132,micro_roc_auc,-0.019715952543974513
2,1133,micro_roc_auc,-0.019979182254526218
2,1134,micro_roc_auc,-0.007931680440771305
2,1135,micro_roc_auc,-0.0190388572866399
2,1136,micro_roc_auc,-0.020475474011228623
2,1137,micro_roc_auc,-0.005385465704606407
2,1138,micro_roc_auc,-0.03668510237702993
2,1139,micro_roc_auc,-0.030235346919311623
2,1140,micro_roc_auc,-0.007525899604624353
2,1141,micro_roc_auc,-0.021220760233918057
2,1142,micro_roc_auc,-0.024907757058261204
2,1143,micro_roc_auc,-0.02978155779384517
2,1144,micro_roc_auc,-0.027259595842285544
2,1145,micro_roc_auc,-0.017938596491228087
2,1146,micro_roc_auc,-0.011100235796592028
2,1147,micro_roc_auc,-0.016650627023422127
2,1148,micro_roc_auc,-0.007773681360682794
2,1149,micro_roc_auc,-0.0316662168985149
2,1150,micro_roc_auc,-0.020028907918420047
2,1151,micro_roc_auc,-0.022246702139452457
2,1152,micro_roc_auc,-0.00870439658544897
2,1153,micro_roc_auc,-0.0025807664980983525
2,1154,micro_roc_auc,-0.021682748882089875
2,1155,micro_roc_auc,-0.00647330269669244
2,1156,micro_roc_auc,-0.029783478465521318
2,1157,micro_roc_auc,-0.015423879272081664
2,1158,micro_roc_auc,-0.028049391146011127
2,1159,micro_roc_auc,0.0006202447899438246
2,1160,micro_roc_auc,-0.014977790234497745
2,1161,micro_roc_auc,-0.0375980174582039
2,1162,micro_roc_auc,-0.009025372024853096
2,1163,micro_roc_auc,-0.032744445531956545
2,1164,micro_roc_auc,-0.010771529060859986
2,1165,micro_roc_auc,-0.011054261909848373
2,1166,micro_roc_auc,-0.016466982206803427
2,1167,micro_roc_auc,-0.02060174644416468
2,1168,micro_roc_auc,-0.019267203903401198
2,1169,micro_roc_auc,-0.036751297936042815
2,1170,micro_roc_auc,-0.004992939515180095
2,1171,micro_roc_auc,-0.0039922303576839235
2,1172,micro_roc_auc,-0.019389038770499245
2,1173,micro_roc_auc,0.00019116704900068449
2,1174,micro_roc_auc,-0.0029741037326789233
2,1175,micro_roc_auc,-0.01983956135796683
2,1176,micro_roc_auc,-0.011355920399742314
2,1177,micro_roc_auc,-0.02045591595111307
2,1178,micro_roc_auc,-0.03036317026276436
2,1179,micro_roc_auc,-0.005029051651453509
2,1180,micro_roc_auc,-0.01139758839906957
2,1181,micro_roc_auc,-0.04603743743204025
2,1182,micro_roc_auc,-0.026135358119163787
2,1183,micro_roc_auc,-0.025095973209180777
2,1184,micro_roc_auc,-0.013879020910825934
2,1185,micro_roc_auc,-0.0038542288698685256
2,1186,micro_roc_auc,-0.00873618454580205
2,1187,micro_roc_auc,-0.018454535108683334
2,1188,micro_roc_auc,-0.015992175033009093
2,1189,micro_roc_auc,-0.008471480296806222
2,1190,micro_roc_auc,-0.018876670644126792
2,1191,micro_roc_auc,-0.03446972592384978
2,1192,micro_roc_auc,-0.018723901145106026
2,1193,micro_roc_auc,-0.024551770411326612
2,1194,micro_roc_auc,-0.007267310643676139
2,1195,micro_roc_auc,-0.032082522468577235
2,1196,micro_roc_auc,0.009977393579207794
2,1197,micro_roc_auc,-0.002896160678383608
2,1198,micro_roc_auc,-0.03310491783173897
2,1199,micro_roc_auc,-0.02192730545367383
2,1200,micro_roc_auc,-0.03815929188322431
2,1201,micro_roc_auc,-0.0027466763096098967
2,1202,micro_roc_auc,-0.008822623416280484
2,1203,micro_roc_auc,-0.020748590515310195
2,1204,micro_roc_auc,-0.026766431858527118
2,1205,micro_roc_auc,-0.022194460794323856
2,1206,micro_roc_auc,-0.027752700791429774
2,1207,micro_roc_auc,-0.035996097409951244
2,1208,micro_roc_auc,-0.021324309923093976
2,1209,micro_roc_auc,-0.034506578947368416
2,1210,micro_roc_auc,-0.0197211108496117
2,1211,micro_roc_auc,-0.024224731703125446
2,1212,micro_roc_auc,-0.01998263362835062
2,1213,micro_roc_auc,-0.025678918782367055
2,1214,micro_roc_auc,-0.00889461532292446
2,1215,micro_roc_auc,-0.0013772444396824568
2,1216,micro_roc_auc,-0.01572544179111779
2,1217,micro_roc_auc,-0.01713619402985067
2,1218,micro_roc_auc,-0.013508905811102534
2,1219,micro_roc_auc,-0.01663428788934862
2,1220,micro_roc_auc,0.010308068000375648
2,1221,micro_roc_auc,-0.029579040961491332
2,1222,micro_roc_auc,-0.032268154747009614
2,1223,micro_roc_auc,-0.004197403265657318
2,1224,micro_roc_auc,-0.013112562189054766
2,1225,micro_roc_auc,-0.01729350616205394
2,1226,micro_roc_auc,-0.023738329400954772
2,1227,micro_roc_auc,-0.01825691549829478
2,1228,micro_roc_auc,-0.02446831955922857
2,1229,micro_roc_auc,0.004083180666882513
2,1230,micro_roc_auc,-0.029609298253650773
2,1231,micro_roc_auc,-0.03559540876549527
2,1232,micro_roc_auc,-0.02691456813367854
2,1233,micro_roc_auc,-0.01160009844759291
2,1234,micro_roc_auc,-0.011427238805970075
2,1235,micro_roc_auc,-0.02156259182377418
2,1236,micro_roc_auc,0.005490279854731939
2,1237,micro_roc_auc,-0.01075120334569557
2,1238,micro_roc_auc,-0.02205202862410205
2,1239,micro_roc_auc,-0.018192332206337314
2,1240,micro_roc_auc,-0.005024598433914562
2,1241,micro_roc_auc,-0.02572664162968019
2,1242,micro_roc_auc,-0.02739900726145217
2,1243,micro_roc_auc,-0.028069374238860245
2,1244,micro_roc_auc,-0.010134627896501658
2,1245,micro_roc_auc,-0.01368009687850702
2,1246,micro_roc_auc,-0.002402574202797658
2,1247,micro_roc_auc,0.0017310822979368368
2,1248,micro_roc_auc,-0.009837271973466066
2,1249,micro_roc_auc,-0.0010696634502236346
2,1250,micro_roc_auc,-0.029519433637225867
2,1251,micro_roc_auc,-0.021997421825385555
2,1252,micro_roc_auc,-0.012490185728163627
2,1253,micro_roc_auc,-0.005451525218967079
2,1254,micro_roc_auc,-0.015305077175859383
2,1255,micro_roc_auc,-0.0023941215183013176
2,1256,micro_roc_auc,-0.00781974703922017
2,1257,micro_roc_auc,-0.015531972148407291
2,1258,micro_roc_auc,-0.010510900106125876
2,1259,micro_roc_auc,-0.011067921440261808
2,1260,micro_roc_auc,-0.022008828901968758
2,1261,micro_roc_auc,-0.019011887012278184
2,1262,micro_roc_auc,-0.01415348314250875
2,1263,micro_roc_auc,-0.023708397468028775
2,1264,micro_roc_auc,-0.02021329593888954
2,1265,micro_roc_auc,-0.028115035565366764
2,1266,micro_roc_auc,-0.042094922865493656
2,1267,micro_roc_auc,-0.005680118662749423
2,1268,micro_roc_auc,-0.023210118681192715
2,1269,micro_roc_auc,-0.015828029352655593
2,1270,micro_roc_auc,-0.03298092868988389
2,1271,micro_roc_auc,-0.02058512396694212
2,1272,micro_roc_auc,-0.0020440685974206785
2,1273,micro_roc_auc,-0.02666318449271865
2,1274,micro_roc_auc,-0.014526370883672257
2,1275,micro_roc_auc,-0.015999786370433644
2,1276,micro_roc_auc,-0.006687127816273786
2,1277,micro_roc_auc,-0.02708135978856585
2,1278,micro_roc_auc,-0.026940269212749057
2,1279,micro_roc_auc,-0.008264140914256424
2,1280,micro_roc_auc,-0.011542761831445425
2,1281,micro_roc_auc,-0.02265714581475342
2,1282,micro_roc_auc,-0.023124249177359557
2,1283,micro_roc_auc,-0.015132972464109162
2,1284,micro_roc_auc,-0.021614310940153647
2,1285,micro_roc_auc,-0.039085633215187876
2,1286,micro_roc_auc,-0.008989009775694168
2,1287,micro_roc_auc,-0.021709238682891097
2,1288,micro_roc_auc,-0.013287811539774652
2,1289,micro_roc_auc,-0.021708232593994237
2,1290,micro_roc_auc,-0.023467979826815033
2,1291,micro_roc_auc,-0.018167025824310623
2,1292,micro_roc_auc,-0.010507975582575102
2,1293,micro_roc_auc,-0.0031519482871511517
2,1294,micro_roc_auc,-0.015071352186845632
2,1295,micro_roc_auc,-0.011369560478099672
2,1296,micro_roc_auc,-0.023157974998660458
2,1297,micro_roc_auc,-0.019544401257528654
2,1298,micro_roc_auc,-0.018122088234932554
2,1299,micro_roc_auc,-0.012806711340994203
2,1300,micro_roc_auc,-0.023447820343461045
2,1301,micro_roc_auc,-0.022617189923312964
2,1302,micro_roc_auc,-0.018005418812174878
2,1303,micro_roc_auc,-0.010764874382424128
2,1304,micro_roc_auc,-0.01833192382313431
2,1305,micro_roc_auc,-0.022282479196451432
2,1306,micro_roc_auc,-0.015199032868456142
2,1307,micro_roc_auc,-0.02004469440899126
2,1308,micro_roc_auc,-0.018639118457300263
2,1309,micro_roc_auc,-0.037498029012929646
2,1310,micro_roc_auc,-0.026670547038995407
2,1311,micro_roc_auc,-0.02682238296976125
2,1312,micro_roc_auc,-0.029213611016274066
2,1313,micro_roc_auc,-0.015777043098850196
2,1314,micro_roc_auc,-0.00406711592131237
2,1315,micro_roc_auc,-0.017069778655940504
2,1316,micro_roc_auc,-0.02484556384742942
2,1317,micro_roc_auc,-0.01454882768394572
2,1318,micro_roc_auc,-0.0251811464989532
2,1319,micro_roc_auc,-0.016892640547764293
2,1320,micro_roc_auc,-0.013709674015355833
2,1321,micro_roc_auc,-0.023357730474899974
2,1322,micro_roc_auc,-0.012843974052577645
2,1323,micro_roc_auc,-0.018150592063635562
2,1324,micro_roc_auc,-0.020945984909309434
2,1325,micro_roc_auc,-0.0038374871969955038
2,1326,micro_roc_auc,-0.006302511629568186
2,1327,micro_roc_auc,-0.02125538398754412
2,1328,micro_roc_auc,-0.011098400280458387
2,1329,micro_roc_auc,-0.025500922279486526
2,1330,micro_roc_auc,-0.012804846000210257
2,1331,micro_roc_auc,-0.015385080036242837
2,1332,micro_roc_auc,-0.009757688896318895
2,1333,micro_roc_auc,-0.039108776654183997
2,1334,micro_roc_auc,-0.028077917079071812
2,1335,micro_roc_auc,-0.03152951904395329
2,1336,micro_roc_auc,-0.019376308539944875
2,1337,micro_roc_auc,-0.011485210179756011
2,1338,micro_roc_auc,-0.0013626229508196808
2,1339,micro_roc_auc,-0.021062447303786813
2,1340,micro_roc_auc,-0.02636143250688705
2,1341,micro_roc_auc,-0.030793521597576423
2,1342,micro_roc_auc,-0.01972782955563923
2,1343,micro_roc_auc,-0.021575662597602574
2,1344,micro_roc_auc,-0.01856486543419167
2,1345,micro_roc_auc,-0.012771996215704795
2,1346,micro_roc_auc,-0.023604375831096536
2,1347,micro_roc_auc,-0.02588844433984472
2,1348,micro_roc_auc,-0.02352907704563567
2,1349,micro_roc_auc,-0.037300930305897206
2,1350,micro_roc_auc,-0.026698108093456963
2,1351,micro_roc_auc,-0.029378138861395175
2,1352,micro_roc_auc,-0.010542619098483197
2,1353,micro_roc_auc,-0.03081021054687827
2,1354,micro_roc_auc,0.0005758506885171766
2,1355,micro_roc_auc,-0.023605758804197352
2,1356,micro_roc_auc,-0.023111279184153677
2,1357,micro_roc_auc,-0.01116875881400492
2,1358,micro_roc_auc,-0.004836432101670951
2,1359,micro_roc_auc,-0.01110627910217532
2,1360,micro_roc_auc,-0.021624643680547506
2,1361,micro_roc_auc,-0.015402451142762508
2,1362,micro_roc_auc,-0.0210896588204178
2,1363,micro_roc_auc,-0.030142063661610763
2,1364,micro_roc_auc,-0.015907432157041157
2,1365,micro_roc_auc,-0.0129577910697527
2,1366,micro_roc_auc,-0.02695535115210501
2,1367,micro_roc_auc,-0.013780800093422085
2,1368,micro_roc_auc,-0.023603705002121944
2,1369,micro_roc_auc,-0.01596831180302527
2,1370,micro_roc_auc,5.30826135336504e-06
2,1371,micro_roc_auc,-0.014319769480858002
2,1372,micro_roc_auc,-0.011283970165008594
2,1373,micro_roc_auc,-0.01103648424543946
2,1374,micro_roc_auc,-0.009930000663500804
2,1375,micro_roc_auc,0.0003612479474548458
2,1376,micro_roc_auc,-0.008401049602166921
2,1377,micro_roc_auc,-0.018782162506858824
2,1378,micro_roc_auc,-0.023805850479436397
2,1379,micro_roc_auc,0.004189784827968279
2,1380,micro_roc_auc,-0.02087503360917753
2,1381,micro_roc_auc,-0.007276047142145692
2,1382,micro_roc_auc,-0.005979755772802076
2,1383,micro_roc_auc,-0.010578446038101097
2,1384,micro_roc_auc,-0.004433459882283941
2,1385,micro_roc_auc,-0.00881542405468927
2,1386,micro_roc_auc,-0.018621886069333904
2,1387,micro_roc_auc,-0.019516353691577337
2,1388,micro_roc_auc,-0.00974052577671558
2,1389,micro_roc_auc,-0.013601196594823395
2,1390,micro_roc_auc,-0.038644982431545905
2,1391,micro_roc_auc,-0.01990924055701382
2,1392,micro_roc_auc,-0.009399869204440248
2,1393,micro_roc_auc,-0.009841811767383635
2,1394,micro_roc_auc,-0.032330978949861366
2,1395,micro_roc_auc,-0.01760310452363434
2,1396,micro_roc_auc,-0.03765742676382933
2,1397,micro_roc_auc,-0.021401535980057895
2,1398,micro_roc_auc,-0.01943942133815546
2,1399,micro_roc_auc,-0.004019574371230128
2,1400,micro_roc_auc,-0.015070076023100953
2,1401,micro_roc_auc,-0.0063922087417978
2,1402,micro_roc_auc,-0.018914477528904072
2,1403,micro_roc_auc,-0.013410468319559277
2,1404,micro_roc_auc,-0.03350219032955748
2,1405,micro_roc_auc,-0.006791136375507101
2,1406,micro_roc_auc,-0.022400006247169202
2,1407,micro_roc_auc,-0.03171089635675617
2,1408,micro_roc_auc,-0.0345694199506974
2,1409,micro_roc_auc,0.0016062602965404293
2,1410,micro_roc_auc,-0.012319764182346926
2,1411,micro_roc_auc,-0.016512710863393787
2,1412,micro_roc_auc,-0.025398429194618655
2,1413,micro_roc_auc,-0.026324115170137663
2,1414,micro_roc_auc,-0.018638421496389168
2,1415,micro_roc_auc,-0.01573311253390408
2,1416,micro_roc_auc,-0.015944217673121153
2,1417,micro_roc_auc,-0.01595013536544021
2,1418,micro_roc_auc,-0.02861510271960488
2,1419,micro_roc_auc,-0.025605658709107026
2,1420,micro_roc_auc,-0.014536361496822803
2,1421,micro_roc_auc,0.0010930002909204095
2,1422,micro_roc_auc,-0.011553719008264407
2,1423,micro_roc_auc,-0.013969314366533814
2,1424,micro_roc_auc,-0.009855019493177464
2,1425,micro_roc_auc,-0.010064287828403295
2,1426,micro_roc_auc,-0.014756027345955491
2,1427,micro_roc_auc,-0.03417005755342928
2,1428,micro_roc_auc,-0.041347624361915414
2,1429,micro_roc_auc,-0.02597567835427106
2,1430,micro_roc_auc,-0.007263791061777547
2,1431,micro_roc_auc,-0.014893223760912178
2,1432,micro_roc_auc,-0.005915302836851932
2,1433,micro_roc_auc,-0.023220738342144664
2,1434,micro_roc_auc,-0.008271575738463155
2,1435,micro_roc_auc,-0.007497162135882807
2,1436,micro_roc_auc,-0.021889255305702737
2,1437,micro_roc_auc,-0.011094124742282552
2,1438,micro_roc_auc,-0.00620041421805817
2,1439,micro_roc_auc,-0.03025905441055632
2,1440,micro_roc_auc,-0.012679938675000058
2,1441,micro_roc_auc,-0.029793792801721453
2,1442,micro_roc_auc,-0.007253316749585403
2,1443,micro_roc_auc,-0.027619257843192746
2,1444,micro_roc_auc,-0.022870819672131226
2,1445,micro_roc_auc,-0.035878849832338244
2,1446,micro_roc_auc,-0.013421179352679058
2,1447,micro_roc_auc,-0.017682077518549222
2,1448,micro_roc_auc,-0.013685739547808495
2,1449,micro_roc_auc,-0.018629508196721267
2,1450,micro_roc_auc,-0.011396397792795554
2,1451,micro_roc_auc,-0.0022870109232508984
2,1452,micro_roc_auc,-0.028364427860696484
2,1453,micro_roc_auc,-0.018720092982231984
2,1454,micro_roc_auc,-0.008670155949583425
2,1455,micro_roc_auc,-0.02092380576391628
2,1456,micro_roc_auc,-0.016248529065662543
2,1457,micro_roc_auc,-0.015814026058602493
2,1458,micro_roc_auc,-0.046093386144163695
2,1459,micro_roc_auc,-0.020872483755892568
2,1460,micro_roc_auc,-0.013175145100717045
2,1461,micro_roc_auc,-0.010546891689809823
2,1462,micro_roc_auc,-0.0117516404389989
2,1463,micro_roc_auc,-0.016320662768031236
2,1464,micro_roc_auc,-0.007577330513056757
2,1465,micro_roc_auc,-0.00849876117202153
2,1466,micro_roc_auc,-0.02968310199677293
2,1467,micro_roc_auc,-0.010179109606534675
2,1468,micro_roc_auc,-0.017267592374676344
2,1469,micro_roc_auc,-0.00498955104559673
2,1470,micro_roc_auc,0.00019754892096568444
2,1471,micro_roc_auc,-0.012699724517906352
2,1472,micro_roc_auc,-0.027729053891844546
2,1473,micro_roc_auc,-0.04125458973743934
2,1474,micro_roc_auc,-0.014477995024352652
2,1475,micro_roc_auc,-0.028437873027655436
2,1476,micro_roc_auc,-0.027364977716944017
2,1477,micro_roc_auc,-0.022868099260065944
2,1478,micro_roc_auc,-0.0034113463446906467
2,1479,micro_roc_auc,-0.021186176715646154
2,1480,micro_roc_auc,-0.012437857631416471
2,1481,micro_roc_auc,-0.01204688204010429
2,1482,micro_roc_auc,-0.009029780396855314
2,1483,micro_roc_auc,0.0010587019703054423
2,1484,micro_roc_auc,-0.009341165774152005
2,1485,micro_roc_auc,-0.023912625507370167
2,1486,micro_roc_auc,-0.023700634767141238
2,1487,micro_roc_auc,-0.030977955160313875
2,1488,micro_roc_auc,-0.02810247933884291
2,1489,micro_roc_auc,-0.019277004218473448
2,1490,micro_roc_auc,-0.014451363638474435
2,1491,micro_roc_auc,-0.022543259987182207
2,1492,micro_roc_auc,-0.013350404005917804
2,1493,micro_roc_auc,-0.01230675304134754
2,1494,micro_roc_auc,-0.017655708690232697
2,1495,micro_roc_auc,-0.020967249335490323
2,1496,micro_roc_auc,-0.024677622818697897
2,1497,micro_roc_auc,-0.006657556326430392
2,1498,micro_roc_auc,-0.011220287126382678
2,1499,micro_roc_auc,-0.008733356094230094
2,1500,micro_roc_auc,-0.019219834710743844
2,1501,micro_roc_auc,-0.03177463919550072
2,1502,micro_roc_auc,-0.01906563257161853
2,1503,micro_roc_auc,-0.004966755106607379
2,1504,micro_roc_auc,-0.02130669969804655
2,1505,micro_roc_auc,-0.021476493798062157
2,1506,micro_roc_auc,-0.031893806076210396
2,1507,micro_roc_auc,-0.005015880474777967
2,1508,micro_roc_auc,-0.009539273391516168
2,1509,micro_roc_auc,-0.0045058734640986975
2,1510,micro_roc_auc,-0.012167397660818757
2,1511,micro_roc_auc,-0.02897812555421464
2,1512,micro_roc_auc,-0.028146956251189903
2,1513,micro_roc_auc,-0.008962064876035236
2,1514,micro_roc_auc,-0.016682671303685837
2,1515,micro_roc_auc,-0.03261351052048722
2,1516,micro_roc_auc,-0.02191692162861847
2,1517,micro_roc_auc,-0.011722709551656996
2,1518,micro_roc_auc,-0.016434455165921347
2,1519,micro_roc_auc,-0.030460548078764638
2,1520,micro_roc_auc,-0.025610305419725754
2,1521,micro_roc_auc,-0.02370858505841189
2,1522,micro_roc_auc,-0.01517691058027848
2,1523,micro_roc_auc,-0.016190636854786056
2,1524,micro_roc_auc,-0.010804228981318609
2,1525,micro_roc_auc,-0.036254031059675174
2,1526,micro_roc_auc,-0.011251517447592008
2,1527,micro_roc_auc,-0.023979068147659377
2,1528,micro_roc_auc,-0.019580661550860134
2,1529,micro_roc_auc,-0.02354718831335456
2,1530,micro_roc_auc,-0.02423921702515075
2,1531,micro_roc_auc,-0.007031979059974991
2,1532,micro_roc_auc,-0.013922588909615397
2,1533,micro_roc_auc,-0.014598830898535087
2,1534,micro_roc_auc,-0.02211504969583067
2,1535,micro_roc_auc,-0.015325487055382503
2,1536,micro_roc_auc,-0.03558636378026114
2,1537,micro_roc_auc,-0.0017833271092781988
2,1538,micro_roc_auc,-0.01217529641172066
2,1539,micro_roc_auc,-0.02956680084339658
2,1540,micro_roc_auc,-0.01389074902454479
2,1541,micro_roc_auc,-0.028265474229230425
2,1542,micro_roc_auc,-0.02333199292903554
2,1543,micro_roc_auc,0.00043006925598010337
2,1544,micro_roc_auc,-0.01419641416329065
2,1545,micro_roc_auc,-0.03789895321512493
2,1546,micro_roc_auc,0.002665069915139928
2,1547,micro_roc_auc,-0.01289098676545275
2,1548,micro_roc_auc,0.0040598321188434205
2,1549,micro_roc_auc,-0.020921914742332515
2,1550,micro_roc_auc,-0.010442057518370684
2,1551,micro_roc_auc,-0.01379030169912232
2,1552,micro_roc_auc,-0.03201313126733629
2,1553,micro_roc_auc,-0.031616141114821805
2,1554,micro_roc_auc,-0.029414325127902874
2,1555,micro_roc_auc,-0.02420567559089981
2,1556,micro_roc_auc,-0.025741411373201517
2,1557,micro_roc_auc,-0.03264660998473945
2,1558,micro_roc_auc,-0.013922527966561571
2,1559,micro_roc_auc,-0.02203234942784904
2,1560,micro_roc_auc,-0.012559752438294991
2,1561,micro_roc_auc,0.004864617253706904
2,1562,micro_roc_auc,0.003032998132515896
2,1563,micro_roc_auc,-0.02746052702616486
2,1564,micro_roc_auc,-0.024743217529932582
2,1565,micro_roc_auc,-0.019298220497916962
2,1566,micro_roc_auc,-0.030325927375941975
2,1567,micro_roc_auc,-0.01933319317425286
2,1568,micro_roc_auc,-0.016964795698025892
2,1569,micro_roc_auc,-0.040048456606433525
2,1570,micro_roc_auc,-0.021245551739980217
2,1571,micro_roc_auc,-0.007505647371851554
2,1572,micro_roc_auc,-0.037267421606944295
2,1573,micro_roc_auc,-0.02923390836579487
2,1574,micro_roc_auc,-0.03920821756838844
2,1575,micro_roc_auc,-0.012386558744174714
2,1576,micro_roc_auc,-0.0021271929824561164
2,1577,micro_roc_auc,-0.002422228933856796
2,1578,micro_roc_auc,-0.02087407974611133
2,1579,micro_roc_auc,-0.01655037098545531
2,1580,micro_roc_auc,-0.012146686159844045
2,1581,micro_roc_auc,-0.005600215727741498
2,1582,micro_roc_auc,-0.009017747844781043
2,1583,micro_roc_auc,-0.032154505113190957
2,1584,micro_roc_auc,-0.002027563246423947
2,1585,micro_roc_auc,-0.006253590890889171
2,1586,micro_roc_auc,-0.017446831955922892
2,1587,micro_roc_auc,-0.03007291026967318
2,1588,micro_roc_auc,-0.014390115190130781
2,1589,micro_roc_auc,-0.011072965463281514
2,1590,micro_roc_auc,-0.014703719564154838
2,1591,micro_roc_auc,-0.009524551022526695
2,1592,micro_roc_auc,-0.001848779931873823
2,1593,micro_roc_auc,-0.02665313976017647
2,1594,micro_roc_auc,-0.004463793120743076
2,1595,micro_roc_auc,-0.020517975402081334
2,1596,micro_roc_auc,-0.017660527501126122
2,1597,micro_roc_auc,-0.016715238095238116
2,1598,micro_roc_auc,-0.004533708119871305
2,1599,micro_roc_auc,-0.0002987015091008294
2,1600,micro_roc_auc,-0.0004854954062089023
2,1601,micro_roc_auc,-0.022065215803161786
2,1602,micro_roc_auc,-0.017131822625376047
2,1603,micro_roc_auc,-0.008785366947741124
2,1604,micro_roc_auc,-0.00626433951158567
2,1605,micro_roc_auc,-0.03084266169154226
2,1606,micro_roc_auc,-0.021256091617933737
2,1607,micro_roc_auc,-0.011181364671922434
2,1608,micro_roc_auc,-0.02192107305176816
2,1609,micro_roc_auc,-0.00522880890145716
2,1610,micro_roc_auc,-0.006527457018219107
2,1611,micro_roc_auc,-0.03829834187639802
2,1612,micro_roc_auc,-0.02755798488483896
2,1613,micro_roc_auc,-0.03876798899573064
2,1614,micro_roc_auc,-0.011222038567493153
2,1615,micro_roc_auc,-0.02900468308955606
2,1616,micro_roc_auc,-0.0434919309961046
2,1617,micro_roc_auc,0.00347950166012978
2,1618,micro_roc_auc,-0.010955992309335527
2,1619,micro_roc_auc,-0.01498622589531684
2,1620,micro_roc_auc,-0.02502567200241612
2,1621,micro_roc_auc,-0.02331864053415289
2,1622,micro_roc_auc,-0.008700896728601193
2,1623,micro_roc_auc,-0.026143986327707758
2,1624,micro_roc_auc,-0.010954907161803695
2,1625,micro_roc_auc,-0.034879698138273296
2,1626,micro_roc_auc,0.001566972869045058
2,1627,micro_roc_auc,-0.02838959241767791
2,1628,micro_roc_auc,0.006208519651682787
2,1629,micro_roc_auc,-0.035057645792709646
2,1630,micro_roc_auc,-0.007766804435669905
2,1631,micro_roc_auc,-0.009749482221318884
2,1632,micro_roc_auc,-0.027130126381062714
2,1633,micro_roc_auc,-0.005623081738917901
2,1634,micro_roc_auc,-0.03282177592522417
2,1635,micro_roc_auc,-0.016893509410310426
2,1636,micro_roc_auc,-0.030925716856343266
2,1637,micro_roc_auc,-0.015616615674276302
2,1638,micro_roc_auc,-0.010558941733030847
2,1639,micro_roc_auc,-0.016371913053374376
2,1640,micro_roc_auc,-0.019264615055980427
2,1641,micro_roc_auc,-0.016300952380952305
2,1642,micro_roc_auc,-0.020822185729837517
2,1643,micro_roc_auc,-0.009808055724749742
2,1644,micro_roc_auc,0.008151614486832326
2,1645,micro_roc_auc,-0.016973256047941754
2,1646,micro_roc_auc,-0.022510985900304648
2,1647,micro_roc_auc,-0.02085304320403658
2,1648,micro_roc_auc,-0.009820906432748577
2,1649,micro_roc_auc,-0.01196460738373517
2,1650,micro_roc_auc,-0.04662097212354244
2,1651,micro_roc_auc,-0.01862024324195921
2,1652,micro_roc_auc,-0.0106058384050709
2,1653,micro_roc_auc,-0.029831549528662182
2,1654,micro_roc_auc,-0.02500927471712111
2,1655,micro_roc_auc,-0.03688362533033185
2,1656,micro_roc_auc,-0.014641904761904856
2,1657,micro_roc_auc,-0.01581314461115524
2,1658,micro_roc_auc,-7.700961615730861e-05
2,1659,micro_roc_auc,-0.026441977137736994
2,1660,micro_roc_auc,-0.025678666552923723
2,1661,micro_roc_auc,-0.011502219187435991
2,1662,micro_roc_auc,-0.019764689601198704
2,1663,micro_roc_auc,-0.03446284894131291
2,1664,micro_roc_auc,-0.024542410096499823
2,1665,micro_roc_auc,-0.02179924688161916
2,1666,micro_roc_auc,-0.02108132150820452
2,1667,micro_roc_auc,-0.02190576864995475
2,1668,micro_roc_auc,-0.028745625642007777
2,1669,micro_roc_auc,-0.015153204229838235
2,1670,micro_roc_auc,-0.032406795677225375
2,1671,micro_roc_auc,-0.009946171135703175
2,1672,micro_roc_auc,-0.017688060443107
2,1673,micro_roc_auc,-0.02948947333299967
2,1674,micro_roc_auc,-0.019647668536236673
2,1675,micro_roc_auc,-0.017690735161379423
2,1676,micro_roc_auc,-0.03734851145484985
2,1677,micro_roc_auc,-0.014157840839898905
2,1678,micro_roc_auc,-0.038455083639964194
2,1679,micro_roc_auc,-0.026476394047702412
2,1680,micro_roc_auc,-0.020057692826139673
2,1681,micro_roc_auc,-0.029301895632573904
2,1682,micro_roc_auc,-0.007905062807348373
2,1683,micro_roc_auc,-0.01563603042585915
2,1684,micro_roc_auc,-0.006617175817133059
2,1685,micro_roc_auc,-0.01197137295422257
2,1686,micro_roc_auc,-0.026777081380339296
2,1687,micro_roc_auc,-0.021724657486246968
2,1688,micro_roc_auc,-0.009597162058860964
2,1689,micro_roc_auc,-0.02160691931262093
2,1690,micro_roc_auc,-0.006996335939528531
2,1691,micro_roc_auc,-0.015443268464777504
2,1692,micro_roc_auc,-0.0091229680609628
2,1693,micro_roc_auc,-0.009604730362802405
2,1694,micro_roc_auc,0.00527713498622584
2,1695,micro_roc_auc,-0.01314797964000336
2,1696,micro_roc_auc,-0.005367235421744887
2,1697,micro_roc_auc,-0.019100179906753945
2,1698,micro_roc_auc,-0.017132630456186404
2,1699,micro_roc_auc,-0.012881504953253131
2,1700,micro_roc_auc,-0.009628434182448076
2,1701,micro_roc_auc,0.0003539810843505853
2,1702,micro_roc_auc,-0.020941722859134315
2,1703,micro_roc_auc,-0.024393436021342918
2,1704,micro_roc_auc,-0.019279222133012697
2,1705,micro_roc_auc,-0.01475672131147543
2,1706,micro_roc_auc,-0.010112118970685535
2,1707,micro_roc_auc,-0.01157134986225894
2,1708,micro_roc_auc,-0.006682732322939033
2,1709,micro_roc_auc,-0.025697791456167907
2,1710,micro_roc_auc,-0.03140510544864106
2,1711,micro_roc_auc,-0.02428854857709717
2,1712,micro_roc_auc,-0.008058310441627192
2,1713,micro_roc_auc,-0.029085965000083425
2,1714,micro_roc_auc,-0.021748869972542217
2,1715,micro_roc_auc,-0.01898992888023998
2,1716,micro_roc_auc,-0.01841303729593169
2,1717,micro_roc_auc,-0.014334082547135973
2,1718,micro_roc_auc,-0.013682822288163532
2,1719,micro_roc_auc,-0.015340019331991028
2,1720,micro_roc_auc,-0.009126690742267796
2,1721,micro_roc_auc,-0.016052750112606984
2,1722,micro_roc_auc,-0.02534772663745488
2,1723,micro_roc_auc,-0.0072674756086800185
2,1724,micro_roc_auc,-0.014597245179063356
2,1725,micro_roc_auc,-0.004519046720405373
2,1726,micro_roc_auc,-0.017573620311087335
2,1727,micro_roc_auc,-0.006524387386965258
2,1728,micro_roc_auc,-0.007062738572966576
2,1729,micro_roc_auc,-0.012656544807587489
2,1730,micro_roc_auc,-0.0210980046110657
2,1731,micro_roc_auc,-0.011414164412182237
2,1732,micro_roc_auc,-0.0348752647681807
2,1733,micro_roc_auc,-0.022747252747252755
2,1734,micro_roc_auc,-0.022431987650651908
2,1735,micro_roc_auc,-0.008990194803287777
2,1736,micro_roc_auc,-0.010684153861211687
2,1737,micro_roc_auc,-0.011804867393365948
2,1738,micro_roc_auc,-0.0018211195092561194
2,1739,micro_roc_auc,-0.004840014680613236
2,1740,micro_roc_auc,-0.019474698730218676
2,1741,micro_roc_auc,-0.024862058429712675
2,1742,micro_roc_auc,-0.01821615534017651
2,1743,micro_roc_auc,-0.029436161765814872
2,1744,micro_roc_auc,-0.02564574581812218
2,1745,micro_roc_auc,-0.0029803229476216275
2,1746,micro_roc_auc,-0.015822473830378048
2,1747,micro_roc_auc,-0.03875006528892522
2,1748,micro_roc_auc,-0.015279299479365682
2,1749,micro_roc_auc,-0.016323851009372947
2,1750,micro_roc_auc,0.0007404875825928192
2,1751,micro_roc_auc,-0.020811806926582688
2,1752,micro_roc_auc,-0.016630764372812967
2,1753,micro_roc_auc,-0.01659047212134157
2,1754,micro_roc_auc,-0.020295891658131393
2,1755,micro_roc_auc,-0.021352757994858473
2,1756,micro_roc_auc,-0.009290012550524196
2,1757,micro_roc_auc,0.0009190899880631154
2,1758,micro_roc_auc,-0.015289416915026943
2,1759,micro_roc_auc,-0.02183746972993572
2,1760,micro_roc_auc,-0.02454428330170455
2,1761,micro_roc_auc,-0.003082093663911767
2,1762,micro_roc_auc,-0.010334585182656175
2,1763,micro_roc_auc,-0.01450694281007292
2,1764,micro_roc_auc,-0.018390716227155712
2,1765,micro_roc_auc,-0.024847296583968004
2,1766,micro_roc_auc,-0.02494644600525109
2,1767,micro_roc_auc,-0.019198940748096693
2,1768,micro_roc_auc,-0.009713352760038818
2,1769,micro_roc_auc,0.0034832900293753077
2,1770,micro_roc_auc,-0.026133894489576148
2,1771,micro_roc_auc,-0.025114754098360614
2,1772,micro_roc_auc,-0.020998209816040392
2,1773,micro_roc_auc,-0.017240909109980107
2,1774,micro_roc_auc,-0.016582602339181296
2,1775,micro_roc_auc,-0.0116488105607494
2,1776,micro_roc_auc,-0.018460814309249285
2,1777,micro_roc_auc,-0.01759584778374268
2,1778,micro_roc_auc,-0.03286263618884855
2,1779,micro_roc_auc,-0.024158826518097976
2,1780,micro_roc_auc,-0.031144254556828788
2,1781,micro_roc_auc,-0.016629405957842125
2,1782,micro_roc_auc,-0.015030504212701912
2,1783,micro_roc_auc,0.001535602052504248
2,1784,micro_roc_auc,-0.024696378225981253
2,1785,micro_roc_auc,-0.011767256490211597
2,1786,micro_roc_auc,-0.009004112161507538
2,1787,micro_roc_auc,-0.019383291873963482
2,1788,micro_roc_auc,-0.019156858819228018
2,1789,micro_roc_auc,-0.01789190082054304
2,1790,micro_roc_auc,-0.029174939333774574
2,1791,micro_roc_auc,-0.021526791150801694
2,1792,micro_roc_auc,-0.030959044129466262
2,1793,micro_roc_auc,-0.008757024793388357
2,1794,micro_roc_auc,0.0021557981534173765
2,1795,micro_roc_auc,-0.017457205338963888
2,1796,micro_roc_auc,-0.02739802247894918
2,1797,micro_roc_auc,-0.020930990455271914
2,1798,micro_roc_auc,-0.024622311906006278
2,1799,micro_roc_auc,-0.023527574834425136
2,1800,micro_roc_auc,-0.017985068999321396
2,1801,micro_roc_auc,-0.012496870376692892
2,1802,micro_roc_auc,-0.019052336918915613
2,1803,micro_roc_auc,-0.03531219069613989
2,1804,micro_roc_auc,-0.012117906336088224
2,1805,micro_roc_auc,-0.035924113576258576
2,1806,micro_roc_auc,-0.019567090899594408
2,1807,micro_roc_auc,-0.011511443315468606
2,1808,micro_roc_auc,-0.019121819608717283
2,1809,micro_roc_auc,-0.016174336650082943
2,1810,micro_roc_auc,-0.01660274386891014
2,1811,micro_roc_auc,-0.009239452416593963
2,1812,micro_roc_auc,-0.01864822544657707
2,1813,micro_roc_auc,-0.0015924626392296304
2,1814,micro_roc_auc,-0.028494427735852534
2,1815,micro_roc_auc,-0.022466915942666477
2,1816,micro_roc_auc,-0.022193605407215378
2,1817,micro_roc_auc,-0.048722800378429465
2,1818,micro_roc_auc,-0.022657472633977105
2,1819,micro_roc_auc,-0.00404790196274929
2,1820,micro_roc_auc,-0.01672549417711766
2,1821,micro_roc_auc,-0.018788542629572857
2,1822,micro_roc_auc,-0.0167313652914447
2,1823,micro_roc_auc,-0.02469264048102071
2,1824,micro_roc_auc,-0.0175459435024079
2,1825,micro_roc_auc,-0.02837087726511789
2,1826,micro_roc_auc,-0.00784870499440693
2,1827,micro_roc_auc,-0.02194595426525503
2,1828,micro_roc_auc,-0.015573086937814118
2,1829,micro_roc_auc,-0.02379424149311482
2,1830,micro_roc_auc,-0.011583880112116196
2,1831,micro_roc_auc,-0.031203358208955256
2,1832,micro_roc_auc,-0.016988971442412737
2,1833,micro_roc_auc,-0.003076929815340357
2,1834,micro_roc_auc,-0.006269379535210895
2,1835,micro_roc_auc,-0.014802118335541792
2,1836,micro_roc_auc,-0.01838855704068787
2,1837,micro_roc_auc,-0.022162285194036735
2,1838,micro_roc_auc,-0.006707920376985088
2,1839,micro_roc_auc,-0.029265776462802262
2,1840,micro_roc_auc,-0.024060458505241078
2,1841,micro_roc_auc,-0.021900164612715267
2,1842,micro_roc_auc,-0.007444319002694821
2,1843,micro_roc_auc,-0.004443398446693392
2,1844,micro_roc_auc,-0.008524887844477691
2,1845,micro_roc_auc,-0.015288742690058421
2,1846,micro_roc_auc,-0.0017028902421416525
2,1847,micro_roc_auc,-0.00040262295081960886
2,1848,micro_roc_auc,-0.015088695968129229
2,1849,micro_roc_auc,-0.0183564814814815
2,1850,micro_roc_auc,-0.024152502858937885
2,1851,micro_roc_auc,-0.01822883488342464
2,1852,micro_roc_auc,-0.008043731293648215
2,1853,micro_roc_auc,-0.04394385647593668
2,1854,micro_roc_auc,-0.008557975753784364
2,1855,micro_roc_auc,-0.026317317024467934
2,1856,micro_roc_auc,-0.022781536778949008
2,1857,micro_roc_auc,-0.025148549766375705
2,1858,micro_roc_auc,-0.00656637046277464
2,1859,micro_roc_auc,-0.020069065612331682
2,1860,micro_roc_auc,-0.0006560945273631491
2,1861,micro_roc_auc,-0.026390698295896575
2,1862,micro_roc_auc,-0.04384809570848425
2,1863,micro_roc_auc,-0.021985714285714275
2,1864,micro_roc_auc,0.0013443526170798803
2,1865,micro_roc_auc,-0.006184207001848296
2,1866,micro_roc_auc,-0.02665126244420868
2,1867,micro_roc_auc,-0.008556688499605003
2,1868,micro_roc_auc,-0.01952360062772207
2,1869,micro_roc_auc,-0.02713225316546697
2,1870,micro_roc_auc,-0.011618164249525553
2,1871,micro_roc_auc,-0.0033112934321943843
2,1872,micro_roc_auc,-0.00956078016653994
2,1873,micro_roc_auc,-0.01197552997420892
2,1874,micro_roc_auc,-0.006707903205583676
2,1875,micro_roc_auc,-0.015971825008764262
2,1876,micro_roc_auc,-0.018371400198609722
2,1877,micro_roc_auc,-0.021104492977424782
2,1878,micro_roc_auc,-0.03175780283037477
2,1879,micro_roc_auc,-0.03518576192189349
2,1880,micro_roc_auc,-0.0199169234459472
2,1881,micro_roc_auc,-0.013956028852807001
2,1882,micro_roc_auc,-0.0043421672969475855
2,1883,micro_roc_auc,-0.02432110281923716
2,1884,micro_roc_auc,-0.021330586553592212
2,1885,micro_roc_auc,-0.018434169477568152
2,1886,micro_roc_auc,-0.0033319694489907237
2,1887,micro_roc_auc,-0.00117433665008293
2,1888,micro_roc_auc,-0.013692993366500872
2,1889,micro_roc_auc,-0.01755561854594556
2,1890,micro_roc_auc,-0.011559468758463698
2,1891,micro_roc_auc,-0.00665838222748405
2,1892,micro_roc_auc,-0.022340191774545715
2,1893,micro_roc_auc,-0.01844405900697299
2,1894,micro_roc_auc,-0.008525278899812028
2,1895,micro_roc_auc,-0.0031089986781386303
2,1896,micro_roc_auc,-0.04368921348404586
2,1897,micro_roc_auc,-0.018857067631496305
2,1898,micro_roc_auc,-0.01530604568115479
2,1899,micro_roc_auc,-0.021842374449982938
2,1900,micro_roc_auc,-0.007822406205713395
2,1901,micro_roc_auc,-0.00718604952572266
2,1902,micro_roc_auc,-0.016264375291072164
2,1903,micro_roc_auc,-0.011796721311475467
2,1904,micro_roc_auc,-0.017429164532391628
2,1905,micro_roc_auc,-0.016922174980275262
2,1906,micro_roc_auc,-0.03813969480360202
2,1907,micro_roc_auc,-0.011468187539741326
2,1908,micro_roc_auc,-0.014181251970987074
2,1909,micro_roc_auc,-0.022243209857831348
2,1910,micro_roc_auc,-0.027706405747827456
2,1911,micro_roc_auc,-0.021783608656345876
2,1912,micro_roc_auc,-0.011593783944777392
2,1913,micro_roc_auc,-0.009003167344798002
2,1914,micro_roc_auc,-0.005327135796658
2,1915,micro_roc_auc,-0.048682003014189346
2,1916,micro_roc_auc,-0.011903259223148832
2,1917,micro_roc_auc,-0.01728500798069066
2,1918,micro_roc_auc,0.007077726303404752
2,1919,micro_roc_auc,-0.026040411075098913
2,1920,micro_roc_auc,-0.016890425033424084
2,1921,micro_roc_auc,-0.022867807857627653
2,1922,micro_roc_auc,-0.016053849902534112
2,1923,micro_roc_auc,-0.01605447868538945
2,1924,micro_roc_auc,-0.010728648424543907
2,1925,micro_roc_auc,-0.02234912025454705
2,1926,micro_roc_auc,-0.009527950368635407
2,1927,micro_roc_auc,-0.009718902924775175
2,1928,micro_roc_auc,-0.024626594516032774
2,1929,micro_roc_auc,-0.020626947786270167
2,1930,micro_roc_auc,-0.024887475979829543
2,1931,micro_roc_auc,-0.026130446092457738
2,1932,micro_roc_auc,-0.017026014841038606
2,1933,micro_roc_auc,-0.03285450375844057
2,1934,micro_roc_auc,-0.007238997512176382
2,1935,micro_roc_auc,-0.01729103259980269
2,1936,micro_roc_auc,-0.011245854063018257
2,1937,micro_roc_auc,-0.0056136832213635746
2,1938,micro_roc_auc,-0.02772494211048626
2,1939,micro_roc_auc,-0.016862182772954815
2,1940,micro_roc_auc,-0.016093187897283978
2,1941,micro_roc_auc,-0.013626948901786728
2,1942,micro_roc_auc,-0.00893869588121321
2,1943,micro_roc_auc,-0.028677125684592353
2,1944,micro_roc_auc,-0.018900452086752062
2,1945,micro_roc_auc,-0.014236734256555805
2,1946,micro_roc_auc,-0.015716967728841125
2,1947,micro_roc_auc,-0.009660729869270024
2,1948,micro_roc_auc,-0.01711558943199154
2,1949,micro_roc_auc,-0.0032320949574228264
2,1950,micro_roc_auc,-0.011952947986812457
2,1951,micro_roc_auc,-0.008523059852290737
2,1952,micro_roc_auc,-0.02707137823416894
2,1953,micro_roc_auc,-0.0020218353411531886
2,1954,micro_roc_auc,-0.018721386527141948
2,1955,micro_roc_auc,-0.022555724253080833
2,1956,micro_roc_auc,-0.00461280144657461
2,1957,micro_roc_auc,-0.018879472019011856
2,1958,micro_roc_auc,-0.03775223288124385
2,1959,micro_roc_auc,-0.012898996627229598
2,1960,micro_roc_auc,-0.022476345941438214
2,1961,micro_roc_auc,-0.028448763917720332
2,1962,micro_roc_auc,-0.023479311386288115
2,1963,micro_roc_auc,-0.005255431132768051
2,1964,micro_roc_auc,-0.015116562494559282
2,1965,micro_roc_auc,-0.012972464109202164
2,1966,micro_roc_auc,-0.024924190709704974
2,1967,micro_roc_auc,-0.015081336066435469
2,1968,micro_roc_auc,-0.02547882430366022
2,1969,micro_roc_auc,0.006009820344865635
2,1970,micro_roc_auc,-0.032391411648568624
2,1971,micro_roc_auc,-0.013697387518142201
2,1972,micro_roc_auc,-0.016904582176331617
2,1973,micro_roc_auc,-0.0220863774836223
2,1974,micro_roc_auc,-0.02121162099702878
2,1975,micro_roc_auc,-0.017547486811637092
2,1976,micro_roc_auc,-0.009271307742355295
2,1977,micro_roc_auc,-0.01636222459875525
2,1978,micro_roc_auc,-0.030069154392457276
2,1979,micro_roc_auc,-0.016929651545036117
2,1980,micro_roc_auc,-0.005534041276647583
2,1981,micro_roc_auc,1.652892561987418e-05
2,1982,micro_roc_auc,-0.02037563329200398
2,1983,micro_roc_auc,-0.020351653281031612
2,1984,micro_roc_auc,-0.024193480307116988
2,1985,micro_roc_auc,-0.017962213948338857
2,1986,micro_roc_auc,-0.015116065573770543
2,1987,micro_roc_auc,-0.024413619639359174
2,1988,micro_roc_auc,-0.026297094260855136
2,1989,micro_roc_auc,-0.02145951223211151
2,1990,micro_roc_auc,-0.02041983174058637
2,1991,micro_roc_auc,-0.003960931983996163
2,1992,micro_roc_auc,-0.0025589273354914566
2,1993,micro_roc_auc,-0.005838537968586799
2,1994,micro_roc_auc,-0.012605931148487848
2,1995,micro_roc_auc,-0.02435616398583118
2,1996,micro_roc_auc,-0.027242522282488024
2,1997,micro_roc_auc,-0.01865851320962897
2,1998,micro_roc_auc,-0.009306028470626893
2,1999,micro_roc_auc,-0.003390148147792149
2,0,macro_ap,0.05505033336443005
2,1,macro_ap,0.08586984279048393
2,2,macro_ap,-0.006931160120563329
2,3,macro_ap,0.02362016152543528
2,4,macro_ap,0.0459652577834021
2,5,macro_ap,-0.01587788365098025
2,6,macro_ap,0.07565786125800067
2,7,macro_ap,0.09204014169029912
2,8,macro_ap,0.04005467530066287
2,9,macro_ap,0.04801100171915723
2,10,macro_ap,0.05738694659066118
2,11,macro_ap,0.01947850415545732
2,12,macro_ap,0.054373508311254204
2,13,macro_ap,0.03361535002330801
2,14,macro_ap,0.03701069171123733
2,15,macro_ap,0.02442862299100257
2,16,macro_ap,0.0689712560094794
2,17,macro_ap,0.003198891825818395
2,18,macro_ap,0.06807717461949575
2,19,macro_ap,0.03585196122109524
2,20,macro_ap,0.03151509658753732
2,21,macro_ap,0.0709635379100062
2,22,macro_ap,0.06586807788870613
2,23,macro_ap,0.023426782958374526
2,24,macro_ap,0.026832177320778694
2,25,macro_ap,0.010317750699311012
2,26,macro_ap,0.04689796043549843
2,27,macro_ap,0.007924481373464298
2,28,macro_ap,0.005205360201264941
2,29,macro_ap,0.032754231325412
2,30,macro_ap,0.012187631486047679
2,31,macro_ap,0.07412727188791957
2,32,macro_ap,0.02427847452949733
2,33,macro_ap,0.016304418324588177
2,34,macro_ap,0.0647705386558653
2,35,macro_ap,0.06449443229842877
2,36,macro_ap,0.05879370698703357
2,37,macro_ap,0.057235565184630244
2,38,macro_ap,0.03240436833442323
2,39,macro_ap,0.05112561536407917
2,40,macro_ap,0.013920227304553667
2,41,macro_ap,0.06684561936892375
2,42,macro_ap,0.05076130914343879
2,43,macro_ap,0.04518255621338291
2,44,macro_ap,0.029188662310072166
2,45,macro_ap,0.028774514364048542
2,46,macro_ap,0.052466833577948624
2,47,macro_ap,0.041027897698802496
2,48,macro_ap,0.002991443456129006
2,49,macro_ap,0.022929138715578612
2,50,macro_ap,0.04783974413640241
2,51,macro_ap,0.031156448298591655
2,52,macro_ap,0.021845089468623846
2,53,macro_ap,0.013124548129598679
2,54,macro_ap,0.054747690824957285
2,55,macro_ap,0.06490204801867755
2,56,macro_ap,0.04038222087690724
2,57,macro_ap,0.02618324187304477
2,58,macro_ap,0.0506601998152566
2,59,macro_ap,-0.015379576634773073
2,60,macro_ap,0.056485422408491914
2,61,macro_ap,0.0706236876327282
2,62,macro_ap,-0.027821247939446347
2,63,macro_ap,-0.017425437351773043
2,64,macro_ap,0.047205923533532534
2,65,macro_ap,0.013339900081512479
2,66,macro_ap,0.04919359686623015
2,67,macro_ap,0.026136609916139808
2,68,macro_ap,0.04996783197018784
2,69,macro_ap,0.06587405353446685
2,70,macro_ap,0.003356327879084686
2,71,macro_ap,0.0730207553260761
2,72,macro_ap,0.06755273389408445
2,73,macro_ap,0.022233788399405763
2,74,macro_ap,0.042166643141447024
2,75,macro_ap,-0.0024156454771702696
2,76,macro_ap,0.08297456671307157
2,77,macro_ap,0.025939779119712514
2,78,macro_ap,0.03616839965077867
2,79,macro_ap,0.025210570502117613
2,80,macro_ap,0.013011612885904078
2,81,macro_ap,0.05943392276617704
2,82,macro_ap,0.0037038658022146564
2,83,macro_ap,0.015836505315230176
2,84,macro_ap,0.020538402000524703
2,85,macro_ap,0.022772257907955895
2,86,macro_ap,-0.02530058821429748
2,87,macro_ap,0.07348039108454835
2,88,macro_ap,0.02278919880883512
2,89,macro_ap,0.04478281328752248
2,90,macro_ap,0.03194567798392983
2,91,macro_ap,0.09440671450710247
2,92,macro_ap,-0.01191269466622985
2,93,macro_ap,0.011600128430033274
2,94,macro_ap,0.058310967297193095
2,95,macro_ap,0.058668703698495195
2,96,macro_ap,0.033854519146827244
2,97,macro_ap,0.027490817273451207
2,98,macro_ap,0.058752142456100886
2,99,macro_ap,0.02807439945678858
2,100,macro_ap,0.029748522442374414
2,101,macro_ap,0.0516821189177743
2,102,macro_ap,0.021598238589479457
2,103,macro_ap,0.04265535047784924
2,104,macro_ap,0.07583865154255826
2,105,macro_ap,0.005061597735318724
2,106,macro_ap,0.06260381702502621
2,107,macro_ap,0.043575155926349696
2,108,macro_ap,0.04841410673009516
2,109,macro_ap,0.042250161363276695
2,110,macro_ap,0.000594363273462073
2,111,macro_ap,0.04075208201261782
2,112,macro_ap,0.000996996372243708
2,113,macro_ap,0.029120966680380833
2,114,macro_ap,0.02203074855629955
2,115,macro_ap,0.020502124239746955
2,116,macro_ap,0.02353075033458979
2,117,macro_ap,0.060679480612778836
2,118,macro_ap,0.083610227873534
2,119,macro_ap,0.04479194828533145
2,120,macro_ap,0.07456826258387822
2,121,macro_ap,0.060787583590715455
2,122,macro_ap,0.05165346137625182
2,123,macro_ap,0.017457451233651222
2,124,macro_ap,-0.048849698222656446
2,125,macro_ap,0.002220257331817077
2,126,macro_ap,0.043718839866677295
2,127,macro_ap,-0.03293063059377882
2,128,macro_ap,0.04933470722397476
2,129,macro_ap,0.030447549951123865
2,130,macro_ap,0.06001731371586527
2,131,macro_ap,0.0063697771303527495
2,132,macro_ap,0.03735817814068282
2,133,macro_ap,0.0010432071034483514
2,134,macro_ap,0.03486350951583256
2,135,macro_ap,-0.001978061303334111
2,136,macro_ap,0.049866133143446845
2,137,macro_ap,0.0103785533533432
2,138,macro_ap,0.01791005302451132
2,139,macro_ap,-0.008703324274645652
2,140,macro_ap,0.10187792704465592
2,141,macro_ap,-0.006349401855629044
2,142,macro_ap,0.08500683730461622
2,143,macro_ap,0.06133824793346426
2,144,macro_ap,0.035267545052927396
2,145,macro_ap,-0.005028121420455278
2,146,macro_ap,0.04365406265029498
2,147,macro_ap,0.04709096357406045
2,148,macro_ap,0.023093369832290878
2,149,macro_ap,0.09552417983596145
2,150,macro_ap,0.03542844949524665
2,151,macro_ap,0.04951918062646954
2,152,macro_ap,0.05299447177768479
2,153,macro_ap,0.025059819655578963
2,154,macro_ap,-0.011898867456304252
2,155,macro_ap,0.08906134673342125
2,156,macro_ap,-0.010754108178975097
2,157,macro_ap,0.045756110886927215
2,158,macro_ap,0.10266105509698603
2,159,macro_ap,0.013929777498814355
2,160,macro_ap,0.056971976576966066
2,161,macro_ap,0.049667795097341205
2,162,macro_ap,0.013767035439134656
2,163,macro_ap,0.07048859304624788
2,164,macro_ap,0.040524040271895045
2,165,macro_ap,0.01873383787807692
2,166,macro_ap,0.040109461052013407
2,167,macro_ap,0.07388880220382732
2,168,macro_ap,0.03321474168998445
2,169,macro_ap,0.03740177574173936
2,170,macro_ap,-0.0027577366174816875
2,171,macro_ap,0.05970704378255581
2,172,macro_ap,0.0563068141581905
2,173,macro_ap,0.05207760548527279
2,174,macro_ap,-0.025109978523267573
2,175,macro_ap,0.09863936223446096
2,176,macro_ap,0.06525382587817186
2,177,macro_ap,-0.020285162419354297
2,178,macro_ap,0.07822446830152646
2,179,macro_ap,0.10792633226949133
2,180,macro_ap,0.018471729434321515
2,181,macro_ap,0.04991346446860495
2,182,macro_ap,-0.006972709894659979
2,183,macro_ap,0.06522011611360967
2,184,macro_ap,0.057480453118177455
2,185,macro_ap,0.09233727495298039
2,186,macro_ap,0.023237713806759708
2,187,macro_ap,0.02738906353386872
2,188,macro_ap,0.008458212027957435
2,189,macro_ap,0.047867957529363625
2,190,macro_ap,0.020540034800239138
2,191,macro_ap,0.0670279126021619
2,192,macro_ap,0.03630918601898936
2,193,macro_ap,0.06498775272332996
2,194,macro_ap,0.10112150683359039
2,195,macro_ap,-0.014068043969564459
2,196,macro_ap,0.06671946080164287
2,197,macro_ap,0.04476889407395923
2,198,macro_ap,0.055110893975273745
2,199,macro_ap,0.06809120344694408
2,200,macro_ap,-0.041156738872173804
2,201,macro_ap,0.10509820821918103
2,202,macro_ap,-0.0002863029096095149
2,203,macro_ap,0.034249441679431725
2,204,macro_ap,0.002164448928317464
2,205,macro_ap,-0.0011602354519677505
2,206,macro_ap,0.025332078550012682
2,207,macro_ap,0.054509323159093515
2,208,macro_ap,0.07360948147578195
2,209,macro_ap,0.09120128633012281
2,210,macro_ap,0.05091354365829126
2,211,macro_ap,-0.012422854242160386
2,212,macro_ap,0.019000652637151838
2,213,macro_ap,0.020709857261819842
2,214,macro_ap,0.030181228500672064
2,215,macro_ap,0.06600682065264779
2,216,macro_ap,-0.005011686196433052
2,217,macro_ap,0.035838677477816994
2,218,macro_ap,0.02384300565363484
2,219,macro_ap,0.061943230023872475
2,220,macro_ap,0.04386013305630859
2,221,macro_ap,0.05999347738113253
2,222,macro_ap,0.015256725127602788
2,223,macro_ap,0.037123484375175875
2,224,macro_ap,0.058536170149790456
2,225,macro_ap,0.06947966636205005
2,226,macro_ap,0.046246454736510845
2,227,macro_ap,0.03575230128353529
2,228,macro_ap,0.07935417928996064
2,229,macro_ap,0.0379734329392003
2,230,macro_ap,0.07390888912439841
2,231,macro_ap,0.04180898771173691
2,232,macro_ap,0.020379487611880687
2,233,macro_ap,0.05975983067394419
2,234,macro_ap,0.06070344402645533
2,235,macro_ap,0.0786193631615173
2,236,macro_ap,-0.0013055536401533896
2,237,macro_ap,0.03657442730129923
2,238,macro_ap,0.032318814714397515
2,239,macro_ap,0.018794418608545416
2,240,macro_ap,-0.020434631793793845
2,241,macro_ap,-0.003295403851296508
2,242,macro_ap,0.08059459610515768
2,243,macro_ap,0.07304029162632125
2,244,macro_ap,-0.05923107395764965
2,245,macro_ap,0.05951078239841612
2,246,macro_ap,0.07323119339724171
2,247,macro_ap,0.01758943706420224
2,248,macro_ap,0.0740672821320873
2,249,macro_ap,-0.030894337848591635
2,250,macro_ap,0.042330545504629835
2,251,macro_ap,0.03816195610617734
2,252,macro_ap,0.05244120654866291
2,253,macro_ap,0.05583893276298657
2,254,macro_ap,0.024903000285375843
2,255,macro_ap,-0.006749576826857118
2,256,macro_ap,0.06189782477225264
2,257,macro_ap,0.06861458614835036
2,258,macro_ap,0.09219149312128777
2,259,macro_ap,0.07166025447799562
2,260,macro_ap,0.02516277383512555
2,261,macro_ap,0.045412506872580416
2,262,macro_ap,0.021454172300659602
2,263,macro_ap,-0.03238683601143838
2,264,macro_ap,0.01174779493537309
2,265,macro_ap,0.04568837431256417
2,266,macro_ap,0.04072706389088737
2,267,macro_ap,0.009889299690070685
2,268,macro_ap,0.046960253478688596
2,269,macro_ap,0.027117139735693463
2,270,macro_ap,-0.0074652785933682075
2,271,macro_ap,-0.01716028133115549
2,272,macro_ap,0.0949026638019006
2,273,macro_ap,0.039929412099371286
2,274,macro_ap,0.042924812892274344
2,275,macro_ap,0.06832842998529715
2,276,macro_ap,0.033194740105913056
2,277,macro_ap,0.048590590829933
2,278,macro_ap,0.0461649911457912
2,279,macro_ap,0.07469011097164346
2,280,macro_ap,0.0599083177650096
2,281,macro_ap,-0.03235436451896029
2,282,macro_ap,0.08495565561150381
2,283,macro_ap,0.06207133834781753
2,284,macro_ap,0.09431314962853948
2,285,macro_ap,0.017999473835752955
2,286,macro_ap,0.007788427014203403
2,287,macro_ap,0.07674090629081431
2,288,macro_ap,0.06340932090076573
2,289,macro_ap,0.04228682598659439
2,290,macro_ap,0.01861755957008393
2,291,macro_ap,0.01866905460708579
2,292,macro_ap,0.04883817906212312
2,293,macro_ap,0.023003449845591217
2,294,macro_ap,0.016877445458197027
2,295,macro_ap,0.048368409478103835
2,296,macro_ap,0.016879241277668544
2,297,macro_ap,0.04923757790817179
2,298,macro_ap,0.04711640928434602
2,299,macro_ap,0.040229115017480166
2,300,macro_ap,0.012454226552846837
2,301,macro_ap,-0.01219011841169415
2,302,macro_ap,0.040608504731608874
2,303,macro_ap,-0.01867487105310428
2,304,macro_ap,0.039332087071215494
2,305,macro_ap,-0.002519673712779613
2,306,macro_ap,0.010584374353592385
2,307,macro_ap,0.044770100360728815
2,308,macro_ap,0.05132250877971145
2,309,macro_ap,0.10995046402359682
2,310,macro_ap,0.04060810680371568
2,311,macro_ap,0.10526943764917257
2,312,macro_ap,-0.001026980607241379
2,313,macro_ap,0.00939096161315306
2,314,macro_ap,0.02182476346034362
2,315,macro_ap,0.003390745817494989
2,316,macro_ap,-0.011021248438234155
2,317,macro_ap,-0.0022379499277986326
2,318,macro_ap,0.03829315953134543
2,319,macro_ap,0.01826905421352859
2,320,macro_ap,0.07939341796392657
2,321,macro_ap,0.03905627066928158
2,322,macro_ap,0.017352561767169095
2,323,macro_ap,0.004484187377034654
2,324,macro_ap,0.08551517738904257
2,325,macro_ap,0.024144940576529772
2,326,macro_ap,0.049533755194223206
2,327,macro_ap,0.04406981721042863
2,328,macro_ap,0.01385706373317086
2,329,macro_ap,0.0773141708568369
2,330,macro_ap,0.04571863514713931
2,331,macro_ap,0.05006257961138072
2,332,macro_ap,0.0798239905695532
2,333,macro_ap,0.03584925127013988
2,334,macro_ap,0.05122351978793921
2,335,macro_ap,0.001521635071289884
2,336,macro_ap,0.010608391537027306
2,337,macro_ap,0.016686493657036727
2,338,macro_ap,0.04975822338602953
2,339,macro_ap,0.013999484004688867
2,340,macro_ap,0.06182685215593142
2,341,macro_ap,-0.004611582197640185
2,342,macro_ap,0.005053874714136375
2,343,macro_ap,-0.0041132711483629625
2,344,macro_ap,0.013817221410522551
2,345,macro_ap,0.046325456412150745
2,346,macro_ap,-0.006239054802396837
2,347,macro_ap,0.054485789923458816
2,348,macro_ap,0.023766101498604475
2,349,macro_ap,0.04426431502100653
2,350,macro_ap,-0.01858528443938262
2,351,macro_ap,0.025541302436143942
2,352,macro_ap,-0.037201723482165994
2,353,macro_ap,0.07754334190341489
2,354,macro_ap,0.04234027926918282
2,355,macro_ap,0.07643612665103766
2,356,macro_ap,0.046504213331969524
2,357,macro_ap,0.03862165426221109
2,358,macro_ap,0.05358526921586099
2,359,macro_ap,0.095893878065481
2,360,macro_ap,0.057997050666508065
2,361,macro_ap,0.025737602307638663
2,362,macro_ap,0.07495997980341512
2,363,macro_ap,0.06489557045661609
2,364,macro_ap,0.008398107681330647
2,365,macro_ap,-0.0034862673858437887
2,366,macro_ap,0.022590035095917393
2,367,macro_ap,0.05360172279555081
2,368,macro_ap,0.02647017806128049
2,369,macro_ap,0.06227605292917149
2,370,macro_ap,0.009618438950516617
2,371,macro_ap,0.08568618663780131
2,372,macro_ap,0.0005026212359129922
2,373,macro_ap,0.037598426111800254
2,374,macro_ap,0.04318050770597737
2,375,macro_ap,0.05605142316625883
2,376,macro_ap,0.04954360630319826
2,377,macro_ap,0.025261885860012823
2,378,macro_ap,0.10356878663033364
2,379,macro_ap,0.026459965617400105
2,380,macro_ap,0.08494288424299634
2,381,macro_ap,0.060087967320523406
2,382,macro_ap,0.05550467121870256
2,383,macro_ap,-0.005736325869761472
2,384,macro_ap,0.05624107196180961
2,385,macro_ap,-0.04760043801555347
2,386,macro_ap,0.014521313063183716
2,387,macro_ap,0.06187206786008709
2,388,macro_ap,-0.010995150775933715
2,389,macro_ap,0.09355861476400945
2,390,macro_ap,0.08998521712270535
2,391,macro_ap,0.06244620796573003
2,392,macro_ap,0.03310114100544881
2,393,macro_ap,0.05351635585375897
2,394,macro_ap,0.012025018071028737
2,395,macro_ap,0.045002431239615615
2,396,macro_ap,0.09724410669418737
2,397,macro_ap,0.05502535656576335
2,398,macro_ap,0.03878689434915106
2,399,macro_ap,0.052272294612069004
2,400,macro_ap,0.00738309721868563
2,401,macro_ap,0.0417903621093722
2,402,macro_ap,0.0022460924607194954
2,403,macro_ap,0.04937554594170657
2,404,macro_ap,0.03179697269554799
2,405,macro_ap,0.009348220876743751
2,406,macro_ap,0.042284705975058456
2,407,macro_ap,0.032543837379104046
2,408,macro_ap,0.007174722814986323
2,409,macro_ap,0.09260720361141439
2,410,macro_ap,0.0666197390381274
2,411,macro_ap,0.0243058125754968
2,412,macro_ap,0.04226403514098731
2,413,macro_ap,0.058980538307933705
2,414,macro_ap,0.08495978216731742
2,415,macro_ap,0.028666366364929974
2,416,macro_ap,0.05573436493931955
2,417,macro_ap,0.003287383178357306
2,418,macro_ap,-0.008625792017290246
2,419,macro_ap,0.0978395319623897
2,420,macro_ap,0.05449008520470561
2,421,macro_ap,0.011658296172911808
2,422,macro_ap,0.05247698766018338
2,423,macro_ap,-0.013821254386547466
2,424,macro_ap,0.10192921673625699
2,425,macro_ap,0.019137253318552816
2,426,macro_ap,0.09579394693173116
2,427,macro_ap,0.0580895188501504
2,428,macro_ap,0.0761937795428329
2,429,macro_ap,0.07233994094139995
2,430,macro_ap,0.038645321547711886
2,431,macro_ap,0.04170170458217104
2,432,macro_ap,0.03063877486671468
2,433,macro_ap,0.014615407673866543
2,434,macro_ap,0.06715613742627197
2,435,macro_ap,0.04465808440025243
2,436,macro_ap,0.05884846431885837
2,437,macro_ap,0.1131501783345899
2,438,macro_ap,0.00087004930177359
2,439,macro_ap,0.017406334109043464
2,440,macro_ap,0.03868360063971904
2,441,macro_ap,0.018453234287536424
2,442,macro_ap,0.004202035329390841
2,443,macro_ap,0.06126060518498466
2,444,macro_ap,-0.005524570847528054
2,445,macro_ap,0.02716553424160656
2,446,macro_ap,0.04162384469094321
2,447,macro_ap,0.01708317485309896
2,448,macro_ap,0.011237650917696906
2,449,macro_ap,0.013186748065705245
2,450,macro_ap,0.1256663237972011
2,451,macro_ap,-0.000293096444880403
2,452,macro_ap,0.00850936942636027
2,453,macro_ap,0.07477919392079252
2,454,macro_ap,0.0535182664700537
2,455,macro_ap,0.01385191974471811
2,456,macro_ap,0.034465320512323205
2,457,macro_ap,0.034166525115124746
2,458,macro_ap,0.035662133581327804
2,459,macro_ap,0.03135394961211446
2,460,macro_ap,0.007155625239360142
2,461,macro_ap,0.06376989684570705
2,462,macro_ap,-0.03269550908930413
2,463,macro_ap,-0.006441538785006473
2,464,macro_ap,0.08918232236207668
2,465,macro_ap,0.015181433312399961
2,466,macro_ap,0.013706650320102376
2,467,macro_ap,0.03222950185750145
2,468,macro_ap,0.0028741530504562407
2,469,macro_ap,0.07143163112853468
2,470,macro_ap,0.03286525627865999
2,471,macro_ap,0.03839034996480334
2,472,macro_ap,0.056055460782648225
2,473,macro_ap,0.04547920669494332
2,474,macro_ap,-0.007175814921003609
2,475,macro_ap,-0.005368415548917205
2,476,macro_ap,0.02687932613059496
2,477,macro_ap,0.07577177698472831
2,478,macro_ap,-0.006944131864759451
2,479,macro_ap,0.07398083757791601
2,480,macro_ap,0.09375733888912213
2,481,macro_ap,0.04928427207170161
2,482,macro_ap,0.032205464818425567
2,483,macro_ap,0.07609550558443501
2,484,macro_ap,-0.05525804747056284
2,485,macro_ap,0.06332304284219398
2,486,macro_ap,0.053867031283404865
2,487,macro_ap,0.029580860652085872
2,488,macro_ap,0.059822344368141434
2,489,macro_ap,0.03694291532564048
2,490,macro_ap,0.02354832541953733
2,491,macro_ap,-0.014231067235788653
2,492,macro_ap,-0.013709208276047213
2,493,macro_ap,0.03531236950249911
2,494,macro_ap,0.09212964134135593
2,495,macro_ap,0.08653967292816495
2,496,macro_ap,0.05332330032116156
2,497,macro_ap,0.09217553418647395
2,498,macro_ap,0.026668806843350046
2,499,macro_ap,0.011175772826635344
2,500,macro_ap,0.043385827156655066
2,501,macro_ap,0.0329534548821272
2,502,macro_ap,0.04214655339518175
2,503,macro_ap,0.12315080957222868
2,504,macro_ap,0.03167062592860831
2,505,macro_ap,0.0399140369810016
2,506,macro_ap,0.07434631897785116
2,507,macro_ap,0.05818362771230101
2,508,macro_ap,0.09459523454913243
2,509,macro_ap,0.07156005095075613
2,510,macro_ap,0.010284435491658916
2,511,macro_ap,0.06072731303507661
2,512,macro_ap,0.13036068545405266
2,513,macro_ap,0.00920137390518877
2,514,macro_ap,0.05841897915979877
2,515,macro_ap,0.005880674614120895
2,516,macro_ap,0.04266070139277234
2,517,macro_ap,0.024405181366060125
2,518,macro_ap,0.05960873947809542
2,519,macro_ap,0.07896778070411853
2,520,macro_ap,0.00829055298584408
2,521,macro_ap,0.011396026633345269
2,522,macro_ap,0.05077130202863345
2,523,macro_ap,0.044345096016116525
2,524,macro_ap,0.0086996666273495
2,525,macro_ap,0.047945049507407245
2,526,macro_ap,0.049545854761426866
2,527,macro_ap,0.05619844696723725
2,528,macro_ap,0.061500635428449135
2,529,macro_ap,0.0191771462388155
2,530,macro_ap,0.036946686067241885
2,531,macro_ap,0.05759779557027467
2,532,macro_ap,0.09271809624622651
2,533,macro_ap,0.03362669127527407
2,534,macro_ap,0.01592508564542322
2,535,macro_ap,0.05905224666819181
2,536,macro_ap,0.07973869156781205
2,537,macro_ap,0.015910527582098932
2,538,macro_ap,0.06293707892955619
2,539,macro_ap,0.052963280656911194
2,540,macro_ap,0.0414961422751452
2,541,macro_ap,0.0939566036770555
2,542,macro_ap,0.0037946437484630002
2,543,macro_ap,0.11746891353597122
2,544,macro_ap,0.022053044766123797
2,545,macro_ap,0.03352964622389687
2,546,macro_ap,-0.02508271186544092
2,547,macro_ap,0.06045897271328343
2,548,macro_ap,0.04008153176575591
2,549,macro_ap,0.025404589132504596
2,550,macro_ap,-0.008750943208225725
2,551,macro_ap,0.010514284116170391
2,552,macro_ap,-0.002005030692556642
2,553,macro_ap,0.0012551496722527644
2,554,macro_ap,0.0549818387622682
2,555,macro_ap,0.037675410757782524
2,556,macro_ap,0.02128495244679046
2,557,macro_ap,-0.018521952775651218
2,558,macro_ap,0.03815568681834269
2,559,macro_ap,0.04298370192769524
2,560,macro_ap,0.046254859520248326
2,561,macro_ap,0.036726134428037904
2,562,macro_ap,0.05692243193293345
2,563,macro_ap,0.03984143925306938
2,564,macro_ap,0.08254309469312748
2,565,macro_ap,0.01519314268716887
2,566,macro_ap,0.037500367662655854
2,567,macro_ap,0.02387887040141151
2,568,macro_ap,0.05302509585878867
2,569,macro_ap,0.09575538241817899
2,570,macro_ap,0.013198352502302668
2,571,macro_ap,0.019236597912053788
2,572,macro_ap,0.01615713590309914
2,573,macro_ap,0.036353378424006655
2,574,macro_ap,0.025634076970414532
2,575,macro_ap,0.0642760594757551
2,576,macro_ap,0.04171234614127445
2,577,macro_ap,0.06476146805011979
2,578,macro_ap,0.04240312850648564
2,579,macro_ap,0.04645565284703351
2,580,macro_ap,0.022344252779991247
2,581,macro_ap,0.017427238847919302
2,582,macro_ap,0.04276954410531092
2,583,macro_ap,0.08708825505387374
2,584,macro_ap,0.013866371945865485
2,585,macro_ap,0.11945539385685133
2,586,macro_ap,-0.002010878530762261
2,587,macro_ap,0.04366244363216654
2,588,macro_ap,0.03761731072272462
2,589,macro_ap,-0.041773257598617
2,590,macro_ap,-0.018789191089294
2,591,macro_ap,0.08130299314893341
2,592,macro_ap,0.024226805105162008
2,593,macro_ap,0.025931506332406096
2,594,macro_ap,0.023689451446412713
2,595,macro_ap,0.02147079646618011
2,596,macro_ap,0.08870907246233639
2,597,macro_ap,0.056021570792480546
2,598,macro_ap,0.040230497215057615
2,599,macro_ap,0.04601240031473264
2,600,macro_ap,0.07854020926166055
2,601,macro_ap,0.04402809383151868
2,602,macro_ap,0.04372174526387124
2,603,macro_ap,0.015467960930510949
2,604,macro_ap,0.03477699282901192
2,605,macro_ap,0.03893639336246657
2,606,macro_ap,0.024204856322586177
2,607,macro_ap,-0.008283536649859646
2,608,macro_ap,0.06881806879273483
2,609,macro_ap,-0.004261967181329429
2,610,macro_ap,0.12845059354645683
2,611,macro_ap,0.002857522124469658
2,612,macro_ap,0.03307302422315361
2,613,macro_ap,0.004841363914630303
2,614,macro_ap,-0.03638368607462983
2,615,macro_ap,0.03592478678602207
2,616,macro_ap,0.001748368789853294
2,617,macro_ap,0.04107866634280832
2,618,macro_ap,0.056405728978636716
2,619,macro_ap,-0.05127666258085872
2,620,macro_ap,0.033065311332178215
2,621,macro_ap,0.03229986496142573
2,622,macro_ap,-0.0036201157693891983
2,623,macro_ap,0.014587993921582942
2,624,macro_ap,0.01819844054406833
2,625,macro_ap,0.04693433045291023
2,626,macro_ap,0.01569106194336678
2,627,macro_ap,0.034331468028416745
2,628,macro_ap,0.05520201822311588
2,629,macro_ap,-0.014845447436029224
2,630,macro_ap,0.04002897919481707
2,631,macro_ap,0.08875694674573176
2,632,macro_ap,0.11904871598620331
2,633,macro_ap,0.05446209489540066
2,634,macro_ap,0.0030847620498800077
2,635,macro_ap,0.0496852415242518
2,636,macro_ap,-0.005188149944677034
2,637,macro_ap,0.0014223891382929565
2,638,macro_ap,0.04074319270535148
2,639,macro_ap,0.06635934380448949
2,640,macro_ap,0.0669650157952556
2,641,macro_ap,0.019373168528331652
2,642,macro_ap,0.0038232160050707953
2,643,macro_ap,-0.010574394765692052
2,644,macro_ap,0.05935480386506464
2,645,macro_ap,0.07362084126018048
2,646,macro_ap,-0.01212483225930594
2,647,macro_ap,0.0030650627826553922
2,648,macro_ap,0.037250880163606115
2,649,macro_ap,0.06026803835533456
2,650,macro_ap,0.09910535747258403
2,651,macro_ap,0.01945080954110817
2,652,macro_ap,0.05546528446773186
2,653,macro_ap,0.08731250093909426
2,654,macro_ap,0.07574279218611968
2,655,macro_ap,0.027255491692455336
2,656,macro_ap,0.017914976159667084
2,657,macro_ap,0.04131446475688444
2,658,macro_ap,0.03923130337191333
2,659,macro_ap,0.023301610023720554
2,660,macro_ap,0.03960675293794652
2,661,macro_ap,0.005623889707296048
2,662,macro_ap,0.0035587665907483856
2,663,macro_ap,0.0037910616627488958
2,664,macro_ap,0.022708037387284108
2,665,macro_ap,0.014814730788290986
2,666,macro_ap,0.06368574654742276
2,667,macro_ap,-0.011475550480420316
2,668,macro_ap,0.0773913040526617
2,669,macro_ap,0.0036315997025758717
2,670,macro_ap,0.03483833150607574
2,671,macro_ap,0.010517413507011686
2,672,macro_ap,0.005999574738540403
2,673,macro_ap,0.03975015195204046
2,674,macro_ap,0.022544137443960666
2,675,macro_ap,0.044109338203167925
2,676,macro_ap,0.015836658057698016
2,677,macro_ap,0.0731361220766456
2,678,macro_ap,0.004294369800712516
2,679,macro_ap,0.0907309916661479
2,680,macro_ap,0.0071450499417664015
2,681,macro_ap,0.012853120811585905
2,682,macro_ap,0.07238678369162832
2,683,macro_ap,0.005198755698643365
2,684,macro_ap,0.03464129668443228
2,685,macro_ap,0.059894479405385836
2,686,macro_ap,0.01742173302896216
2,687,macro_ap,0.03417525768529106
2,688,macro_ap,0.02027620715181455
2,689,macro_ap,0.05261950324479531
2,690,macro_ap,0.13818126305145906
2,691,macro_ap,0.057072049116490275
2,692,macro_ap,0.08827984592631627
2,693,macro_ap,0.00646412503910565
2,694,macro_ap,0.06569107202568175
2,695,macro_ap,0.09190984653594075
2,696,macro_ap,0.005589000592514604
2,697,macro_ap,0.03441536292703817
2,698,macro_ap,0.08083899783665616
2,699,macro_ap,0.07679127829307508
2,700,macro_ap,0.03677312903288321
2,701,macro_ap,0.031058079215182666
2,702,macro_ap,0.08316183481746597
2,703,macro_ap,0.043652036241508985
2,704,macro_ap,0.04540995578175494
2,705,macro_ap,0.06967760946244328
2,706,macro_ap,0.022639363563579207
2,707,macro_ap,0.04502950111392234
2,708,macro_ap,0.02259052667494993
2,709,macro_ap,0.045535918215136084
2,710,macro_ap,0.0122901503014477
2,711,macro_ap,-0.043611770560280205
2,712,macro_ap,0.06740832640177058
2,713,macro_ap,0.041507405381352336
2,714,macro_ap,0.0744941845595723
2,715,macro_ap,0.06644616447206098
2,716,macro_ap,-0.00017376698277310476
2,717,macro_ap,0.07312078345498663
2,718,macro_ap,0.052039075798901935
2,719,macro_ap,0.06056362509821439
2,720,macro_ap,0.04701910132249232
2,721,macro_ap,0.06850135721746098
2,722,macro_ap,0.01314463091754281
2,723,macro_ap,0.07272371602293165
2,724,macro_ap,-0.00740285693675774
2,725,macro_ap,0.02314187542010182
2,726,macro_ap,0.0035376903054209485
2,727,macro_ap,0.04177347256585584
2,728,macro_ap,0.020009724306792154
2,729,macro_ap,0.03314584645240021
2,730,macro_ap,-0.008843890009489153
2,731,macro_ap,0.0870818844566209
2,732,macro_ap,0.0024874963942569384
2,733,macro_ap,0.026278050002313535
2,734,macro_ap,0.009717880132172618
2,735,macro_ap,0.08618549845511986
2,736,macro_ap,0.05523719436042274
2,737,macro_ap,0.05653861508433278
2,738,macro_ap,-0.003902028105211175
2,739,macro_ap,0.0030984023585940434
2,740,macro_ap,-0.00743646070607934
2,741,macro_ap,0.0030091414009270068
2,742,macro_ap,0.0821645659179579
2,743,macro_ap,0.011768170224996488
2,744,macro_ap,0.004966521706068483
2,745,macro_ap,0.011781563569440157
2,746,macro_ap,0.05665157605396848
2,747,macro_ap,0.014841837280718917
2,748,macro_ap,0.007698884263971251
2,749,macro_ap,-0.013315419172190701
2,750,macro_ap,0.08596113763151786
2,751,macro_ap,0.040302867479571125
2,752,macro_ap,0.01864454481722838
2,753,macro_ap,0.04417963061642605
2,754,macro_ap,0.04759380837017935
2,755,macro_ap,0.05751483400006102
2,756,macro_ap,0.028550465700967587
2,757,macro_ap,0.029021738064630043
2,758,macro_ap,0.045364953252061635
2,759,macro_ap,0.1045990923389773
2,760,macro_ap,0.017902092590758645
2,761,macro_ap,0.04347592428842384
2,762,macro_ap,0.015000112813270239
2,763,macro_ap,0.041073200026503776
2,764,macro_ap,0.05405207843224791
2,765,macro_ap,0.043493701410850516
2,766,macro_ap,0.016979799282252017
2,767,macro_ap,0.04819911823711365
2,768,macro_ap,0.029285726243126642
2,769,macro_ap,-0.03825437084882222
2,770,macro_ap,0.03393131203498451
2,771,macro_ap,0.008008757255164478
2,772,macro_ap,-0.011436249290082634
2,773,macro_ap,0.10811745320478289
2,774,macro_ap,-0.016149632335706154
2,775,macro_ap,0.02768334601213923
2,776,macro_ap,0.03657004580222428
2,777,macro_ap,0.01944984540909167
2,778,macro_ap,0.01197941372911826
2,779,macro_ap,0.031896513539708404
2,780,macro_ap,-0.058153938037791286
2,781,macro_ap,0.036596527081822094
2,782,macro_ap,0.028642885700099874
2,783,macro_ap,0.016530813748751705
2,784,macro_ap,0.054766581934534486
2,785,macro_ap,-0.009078982216845
2,786,macro_ap,0.04000025103458876
2,787,macro_ap,0.054492638588906905
2,788,macro_ap,0.01173816143553591
2,789,macro_ap,0.05708248555289164
2,790,macro_ap,0.059584753788666345
2,791,macro_ap,0.03400844195985747
2,792,macro_ap,0.03959435942827366
2,793,macro_ap,0.04626602193793611
2,794,macro_ap,0.01545878179909066
2,795,macro_ap,0.08294403477059792
2,796,macro_ap,0.019157238687559863
2,797,macro_ap,0.01360441418293401
2,798,macro_ap,0.02524752865217006
2,799,macro_ap,0.0023034265988217117
2,800,macro_ap,0.043904928661128495
2,801,macro_ap,0.03410673504021772
2,802,macro_ap,0.03676210110782924
2,803,macro_ap,0.000930357220318867
2,804,macro_ap,0.057290976509474345
2,805,macro_ap,0.006792380326756553
2,806,macro_ap,0.05371869791622974
2,807,macro_ap,0.050662508730090317
2,808,macro_ap,0.07339597673900011
2,809,macro_ap,0.037934489235055546
2,810,macro_ap,-0.008128916958053956
2,811,macro_ap,0.00695716526533624
2,812,macro_ap,0.05143773088671971
2,813,macro_ap,0.025490642849016032
2,814,macro_ap,0.010980493861051988
2,815,macro_ap,0.08444524645517637
2,816,macro_ap,0.015302344261099277
2,817,macro_ap,0.08530860099908172
2,818,macro_ap,0.033781371952248285
2,819,macro_ap,-0.005835354878674426
2,820,macro_ap,0.08971932271648209
2,821,macro_ap,0.052132933454205166
2,822,macro_ap,-0.0015785532298487337
2,823,macro_ap,0.03298292455030932
2,824,macro_ap,-0.031653913963589575
2,825,macro_ap,0.01728181227674075
2,826,macro_ap,0.030221741466209262
2,827,macro_ap,0.00369718644933964
2,828,macro_ap,0.04042977859883712
2,829,macro_ap,0.08469298023535987
2,830,macro_ap,0.05291287220850699
2,831,macro_ap,0.046443708733307054
2,832,macro_ap,0.022235295147615353
2,833,macro_ap,0.011040808447823458
2,834,macro_ap,0.047125710211930905
2,835,macro_ap,-0.03752588808320173
2,836,macro_ap,0.04884320406160969
2,837,macro_ap,0.06910005058386914
2,838,macro_ap,0.0306829082673703
2,839,macro_ap,0.09664472257363665
2,840,macro_ap,0.05173239031371907
2,841,macro_ap,-0.04269909554920198
2,842,macro_ap,-0.013720532620628612
2,843,macro_ap,0.09650261562834028
2,844,macro_ap,0.09712171014015297
2,845,macro_ap,0.07331811207768202
2,846,macro_ap,0.024132629050565457
2,847,macro_ap,0.00981308598007019
2,848,macro_ap,0.05840840824454929
2,849,macro_ap,0.04854698460840329
2,850,macro_ap,0.008034990410126452
2,851,macro_ap,0.04001482402138079
2,852,macro_ap,0.06657987247513453
2,853,macro_ap,0.008603544117029738
2,854,macro_ap,0.030576786310204274
2,855,macro_ap,0.07404816145180354
2,856,macro_ap,0.03552503715783617
2,857,macro_ap,0.004622590890971556
2,858,macro_ap,0.03933969250896552
2,859,macro_ap,0.04621317149130011
2,860,macro_ap,0.05837645174056877
2,861,macro_ap,0.05929064755402724
2,862,macro_ap,0.0543288287857181
2,863,macro_ap,0.007741049892719842
2,864,macro_ap,0.019846036144734014
2,865,macro_ap,0.014328807178408787
2,866,macro_ap,0.07207674329017183
2,867,macro_ap,0.013024501331243665
2,868,macro_ap,0.02760752573086167
2,869,macro_ap,-0.03676896175963551
2,870,macro_ap,0.06843572303960443
2,871,macro_ap,0.01918501610551432
2,872,macro_ap,0.0255281938333507
2,873,macro_ap,0.03280177745569135
2,874,macro_ap,0.03358105780817627
2,875,macro_ap,0.04637722741105177
2,876,macro_ap,0.04857278454378433
2,877,macro_ap,0.019258195515588217
2,878,macro_ap,0.003881281274015158
2,879,macro_ap,0.02375184998362767
2,880,macro_ap,0.0208307276731996
2,881,macro_ap,-0.0021979142625131454
2,882,macro_ap,-0.03700332086052388
2,883,macro_ap,0.03977828852259041
2,884,macro_ap,0.07016122403453146
2,885,macro_ap,0.10544280102942544
2,886,macro_ap,0.029809282679310822
2,887,macro_ap,0.010743400919602186
2,888,macro_ap,0.02934010897921252
2,889,macro_ap,0.03144272993432218
2,890,macro_ap,0.03670986896450118
2,891,macro_ap,0.019118610254103885
2,892,macro_ap,0.041077148370765926
2,893,macro_ap,0.03924823771071928
2,894,macro_ap,0.02142819267535878
2,895,macro_ap,0.01762253976405903
2,896,macro_ap,0.0314549713658811
2,897,macro_ap,0.03618856950749799
2,898,macro_ap,0.0255145132176266
2,899,macro_ap,0.0424104915827106
2,900,macro_ap,0.0761442046818463
2,901,macro_ap,-0.014990210657619185
2,902,macro_ap,0.015139281074087518
2,903,macro_ap,0.05272005882592401
2,904,macro_ap,0.004671468928468703
2,905,macro_ap,0.05718637884534389
2,906,macro_ap,0.028313839819126274
2,907,macro_ap,0.0251682458546007
2,908,macro_ap,0.08448348454540028
2,909,macro_ap,0.03032798528445524
2,910,macro_ap,-0.004913523944094056
2,911,macro_ap,0.10722711816770925
2,912,macro_ap,0.029425398706883654
2,913,macro_ap,0.04144416116509464
2,914,macro_ap,0.06369267351972202
2,915,macro_ap,0.04956724170312787
2,916,macro_ap,0.06483031637473075
2,917,macro_ap,-0.0007750605487347184
2,918,macro_ap,0.012184659396425324
2,919,macro_ap,0.026754280894336402
2,920,macro_ap,-0.014706420465286196
2,921,macro_ap,0.02190383530483464
2,922,macro_ap,-0.0066674322181971
2,923,macro_ap,0.06254619540385953
2,924,macro_ap,0.05073963362033229
2,925,macro_ap,0.07972554713640756
2,926,macro_ap,0.02996503620100599
2,927,macro_ap,0.06799152467372027
2,928,macro_ap,0.06037528644237217
2,929,macro_ap,0.07707629964658191
2,930,macro_ap,0.02676518325493077
2,931,macro_ap,0.04162561252750491
2,932,macro_ap,-0.0032166726503358722
2,933,macro_ap,0.016333120970910053
2,934,macro_ap,0.06950323448019124
2,935,macro_ap,-0.020547948998718313
2,936,macro_ap,-0.0018502260518083458
2,937,macro_ap,0.03958580809529666
2,938,macro_ap,-0.027829149949342935
2,939,macro_ap,0.06901512188596287
2,940,macro_ap,0.00790338905567034
2,941,macro_ap,0.010885691312739032
2,942,macro_ap,0.03968398742994278
2,943,macro_ap,0.1436432876151208
2,944,macro_ap,0.006021088935514729
2,945,macro_ap,0.03389038149885676
2,946,macro_ap,0.0457099811117162
2,947,macro_ap,-0.0187233413999795
2,948,macro_ap,0.040223360185539125
2,949,macro_ap,0.0038012486744811724
2,950,macro_ap,0.07778200637098442
2,951,macro_ap,-0.01335921924198108
2,952,macro_ap,0.014364926797119537
2,953,macro_ap,-0.026355200955853197
2,954,macro_ap,0.06146720877584266
2,955,macro_ap,0.028137569369139692
2,956,macro_ap,0.017978328347169226
2,957,macro_ap,-0.002449557111803058
2,958,macro_ap,0.0054493235957908115
2,959,macro_ap,0.05309902306232789
2,960,macro_ap,-0.0021357996191972983
2,961,macro_ap,0.008265668852575958
2,962,macro_ap,0.007925935400493078
2,963,macro_ap,0.04281379294500326
2,964,macro_ap,0.0721478441576412
2,965,macro_ap,0.03188363702254082
2,966,macro_ap,-0.01159997260067891
2,967,macro_ap,0.050702059206583716
2,968,macro_ap,-0.04241821145545466
2,969,macro_ap,0.051990587815427425
2,970,macro_ap,0.062246798060900166
2,971,macro_ap,0.06743911079178178
2,972,macro_ap,0.07971675690231422
2,973,macro_ap,0.0032474361031334387
2,974,macro_ap,0.02661225288364294
2,975,macro_ap,0.0689708163753811
2,976,macro_ap,0.06168899232022057
2,977,macro_ap,0.03595624543315196
2,978,macro_ap,0.03815111604139787
2,979,macro_ap,0.06486912212834872
2,980,macro_ap,0.027552648904902055
2,981,macro_ap,0.022990040263923817
2,982,macro_ap,0.019834649657079595
2,983,macro_ap,0.014238601308451282
2,984,macro_ap,0.04681403582446442
2,985,macro_ap,0.04786944143925809
2,986,macro_ap,-0.004634965847140793
2,987,macro_ap,0.017547452830086074
2,988,macro_ap,0.00362215224271073
2,989,macro_ap,0.048771239536221034
2,990,macro_ap,0.029276118613918878
2,991,macro_ap,0.03903464966669551
2,992,macro_ap,0.06672300570596296
2,993,macro_ap,0.0652408667518844
2,994,macro_ap,0.008583780402253938
2,995,macro_ap,0.01631813282192901
2,996,macro_ap,-0.0225551507914869
2,997,macro_ap,0.048325446609392975
2,998,macro_ap,-0.005237771104885436
2,999,macro_ap,0.017008346536898422
2,1000,macro_ap,0.03523201742517751
2,1001,macro_ap,0.023555928329163367
2,1002,macro_ap,0.037509694767980106
2,1003,macro_ap,0.04566254620892951
2,1004,macro_ap,0.03503219662884821
2,1005,macro_ap,0.10178119122154383
2,1006,macro_ap,0.009037240172982353
2,1007,macro_ap,-0.014805650956915495
2,1008,macro_ap,0.05431613873221247
2,1009,macro_ap,0.01293072386789923
2,1010,macro_ap,-0.005686151130823658
2,1011,macro_ap,0.07188298951451494
2,1012,macro_ap,0.03730599047507033
2,1013,macro_ap,0.09125227236885336
2,1014,macro_ap,-0.002432063335374657
2,1015,macro_ap,0.04063583853719771
2,1016,macro_ap,0.058211921399065614
2,1017,macro_ap,0.03432393911489945
2,1018,macro_ap,0.06997969475688531
2,1019,macro_ap,0.024988048967777454
2,1020,macro_ap,0.044228647278398425
2,1021,macro_ap,-0.016973231240286435
2,1022,macro_ap,0.03752570874210931
2,1023,macro_ap,0.07594224171808056
2,1024,macro_ap,0.028992665403991036
2,1025,macro_ap,0.08165700902643896
2,1026,macro_ap,0.044836222622142485
2,1027,macro_ap,-0.020198253504918717
2,1028,macro_ap,0.055463312058930736
2,1029,macro_ap,0.08646543946528473
2,1030,macro_ap,0.036604820461764775
2,1031,macro_ap,-0.036053714847022966
2,1032,macro_ap,0.039359121129130814
2,1033,macro_ap,0.06879328218778702
2,1034,macro_ap,0.07923406407584432
2,1035,macro_ap,0.026763607645592047
2,1036,macro_ap,-0.03743730367988185
2,1037,macro_ap,0.04867070720020483
2,1038,macro_ap,0.021333907134186647
2,1039,macro_ap,0.02962018671340866
2,1040,macro_ap,-0.03467539984713813
2,1041,macro_ap,0.02078862681668414
2,1042,macro_ap,0.0038000171936478644
2,1043,macro_ap,-0.043113914771362616
2,1044,macro_ap,0.06079627265384646
2,1045,macro_ap,0.01965997383483664
2,1046,macro_ap,0.0440544959487254
2,1047,macro_ap,0.04995272473988693
2,1048,macro_ap,0.04905444646537699
2,1049,macro_ap,0.06716765814931835
2,1050,macro_ap,0.04530245304691016
2,1051,macro_ap,0.06748223365526312
2,1052,macro_ap,0.02869749141409439
2,1053,macro_ap,-0.0023954821210529498
2,1054,macro_ap,0.07974127112695256
2,1055,macro_ap,0.016507534519318634
2,1056,macro_ap,0.048112101562288345
2,1057,macro_ap,0.044026719929809055
2,1058,macro_ap,0.0684521746148457
2,1059,macro_ap,0.006986976356944508
2,1060,macro_ap,0.03641094808598189
2,1061,macro_ap,0.023326631946038456
2,1062,macro_ap,0.06370909149503395
2,1063,macro_ap,0.011100482627996233
2,1064,macro_ap,-0.014613208873822836
2,1065,macro_ap,0.004067922526318157
2,1066,macro_ap,0.008869267547430115
2,1067,macro_ap,0.08111949264408891
2,1068,macro_ap,0.04397739112136423
2,1069,macro_ap,0.01549254023898372
2,1070,macro_ap,0.04549527066492737
2,1071,macro_ap,0.04040207901951515
2,1072,macro_ap,0.036964364772579916
2,1073,macro_ap,0.027524599652048343
2,1074,macro_ap,-0.0002114119975776818
2,1075,macro_ap,-0.0029929493134401297
2,1076,macro_ap,0.04139352519893014
2,1077,macro_ap,0.050215326984221764
2,1078,macro_ap,0.06490428872989201
2,1079,macro_ap,0.07425673923314602
2,1080,macro_ap,0.08641782847774376
2,1081,macro_ap,0.07754214119226821
2,1082,macro_ap,0.021356678964985
2,1083,macro_ap,0.0617511341495508
2,1084,macro_ap,0.03270404631706958
2,1085,macro_ap,0.04361760916401142
2,1086,macro_ap,0.05713049650420349
2,1087,macro_ap,0.03447164782543538
2,1088,macro_ap,0.010588402675036301
2,1089,macro_ap,0.003363976483371167
2,1090,macro_ap,0.08146274295732442
2,1091,macro_ap,0.02077981207072571
2,1092,macro_ap,0.051192173801332785
2,1093,macro_ap,0.06639000511122067
2,1094,macro_ap,0.007438290956925497
2,1095,macro_ap,0.048695057157392196
2,1096,macro_ap,0.0673474987556405
2,1097,macro_ap,-0.006400320164083262
2,1098,macro_ap,0.026799468528751647
2,1099,macro_ap,0.1137151815196572
2,1100,macro_ap,0.07384172658021232
2,1101,macro_ap,0.0003039903836011826
2,1102,macro_ap,0.03580597669256602
2,1103,macro_ap,0.08241672974884806
2,1104,macro_ap,-0.009572925992826942
2,1105,macro_ap,-0.047275542833971895
2,1106,macro_ap,0.1260240208943076
2,1107,macro_ap,0.041287690528276466
2,1108,macro_ap,0.016891813297202407
2,1109,macro_ap,0.007332380831786611
2,1110,macro_ap,0.1194342096368376
2,1111,macro_ap,0.03328229141001526
2,1112,macro_ap,0.07442434054900676
2,1113,macro_ap,-0.032191741605333224
2,1114,macro_ap,0.02067442314341894
2,1115,macro_ap,0.09664124145743169
2,1116,macro_ap,0.07099290255882656
2,1117,macro_ap,0.003875798249751483
2,1118,macro_ap,0.04502182845153785
2,1119,macro_ap,0.051487290755542425
2,1120,macro_ap,0.05678922442380546
2,1121,macro_ap,0.05244081398053446
2,1122,macro_ap,0.05268649245492185
2,1123,macro_ap,0.07627898882558187
2,1124,macro_ap,0.038271891796848645
2,1125,macro_ap,0.052431233959319146
2,1126,macro_ap,-0.009643332404013827
2,1127,macro_ap,0.07473005447424458
2,1128,macro_ap,0.07764923587299516
2,1129,macro_ap,0.09896547218237367
2,1130,macro_ap,0.04462166478684049
2,1131,macro_ap,0.07802734440601394
2,1132,macro_ap,0.05318515974949706
2,1133,macro_ap,-0.019900513116312524
2,1134,macro_ap,0.057361822871885015
2,1135,macro_ap,0.029789495038085756
2,1136,macro_ap,0.05137204877253099
2,1137,macro_ap,0.11839509140508803
2,1138,macro_ap,0.04262762629164124
2,1139,macro_ap,0.0411875273185513
2,1140,macro_ap,0.017475712293600676
2,1141,macro_ap,0.03313544919471212
2,1142,macro_ap,0.025071725953132118
2,1143,macro_ap,0.04403719467078471
2,1144,macro_ap,-0.019497124733642623
2,1145,macro_ap,0.041195090569500104
2,1146,macro_ap,0.033414957735998396
2,1147,macro_ap,0.04669087780676956
2,1148,macro_ap,0.036789898924774855
2,1149,macro_ap,0.025590628807324878
2,1150,macro_ap,-0.04623404061058467
2,1151,macro_ap,0.013977343795850472
2,1152,macro_ap,0.06290880789526149
2,1153,macro_ap,0.09262051780696345
2,1154,macro_ap,0.03954804876553136
2,1155,macro_ap,-0.00334749108856236
2,1156,macro_ap,0.02575679987895413
2,1157,macro_ap,0.010923189240254816
2,1158,macro_ap,-0.02629720863688817
2,1159,macro_ap,0.05407311181770463
2,1160,macro_ap,0.031144113017991415
2,1161,macro_ap,0.003561906484153665
2,1162,macro_ap,0.03637006402085241
2,1163,macro_ap,0.03716463652291008
2,1164,macro_ap,0.029885891725516034
2,1165,macro_ap,0.012810324970953024
2,1166,macro_ap,0.02189031688300308
2,1167,macro_ap,0.009199986861217757
2,1168,macro_ap,0.010290840500273846
2,1169,macro_ap,0.03872947289411549
2,1170,macro_ap,0.09790239315158772
2,1171,macro_ap,0.02124094829495754
2,1172,macro_ap,0.04545741420253374
2,1173,macro_ap,0.019219190294422817
2,1174,macro_ap,0.029068197103601867
2,1175,macro_ap,0.01325308595946606
2,1176,macro_ap,0.059344020677263465
2,1177,macro_ap,0.06445133546373227
2,1178,macro_ap,-0.026624645151246018
2,1179,macro_ap,0.027725676875810623
2,1180,macro_ap,0.023695888609170934
2,1181,macro_ap,-0.05129761271606392
2,1182,macro_ap,0.0257961795067711
2,1183,macro_ap,0.04751384782087642
2,1184,macro_ap,0.0613390486776243
2,1185,macro_ap,0.03860717350401882
2,1186,macro_ap,0.06815013068612841
2,1187,macro_ap,0.02533099384046228
2,1188,macro_ap,0.011161746829801866
2,1189,macro_ap,0.012985634436071258
2,1190,macro_ap,0.0066015437444417735
2,1191,macro_ap,-0.004513087451754161
2,1192,macro_ap,0.08436851383726796
2,1193,macro_ap,0.0011215349320128354
2,1194,macro_ap,0.053356979365557
2,1195,macro_ap,-0.05375618022472206
2,1196,macro_ap,0.08912281110826753
2,1197,macro_ap,-0.004145898847116913
2,1198,macro_ap,-0.011153470983798597
2,1199,macro_ap,0.02652085140853061
2,1200,macro_ap,-0.009753035411118494
2,1201,macro_ap,0.03633255051718626
2,1202,macro_ap,0.05453441238297668
2,1203,macro_ap,0.09835964793900326
2,1204,macro_ap,0.04736754758230133
2,1205,macro_ap,0.023220798694164435
2,1206,macro_ap,0.03150544141157158
2,1207,macro_ap,0.07538004014222066
2,1208,macro_ap,-0.013259656613289095
2,1209,macro_ap,0.041259413181619076
2,1210,macro_ap,0.012015369138027587
2,1211,macro_ap,-0.014575329094946132
2,1212,macro_ap,0.025074694716612222
2,1213,macro_ap,0.05541095362367149
2,1214,macro_ap,0.06764558642367896
2,1215,macro_ap,0.08306051146731591
2,1216,macro_ap,0.07529942349384428
2,1217,macro_ap,-0.00309555137801959
2,1218,macro_ap,0.04366710586253175
2,1219,macro_ap,0.019322643116866878
2,1220,macro_ap,0.08263934642344628
2,1221,macro_ap,-0.009826588698219896
2,1222,macro_ap,0.011394942030510224
2,1223,macro_ap,0.05457955956994909
2,1224,macro_ap,-0.05010053741075937
2,1225,macro_ap,0.03853824726595323
2,1226,macro_ap,0.038989701391251574
2,1227,macro_ap,-0.0014084839932827498
2,1228,macro_ap,0.019369689651900335
2,1229,macro_ap,0.08313642887319761
2,1230,macro_ap,-0.03848146959475057
2,1231,macro_ap,0.004159490923807518
2,1232,macro_ap,0.04110136340178233
2,1233,macro_ap,-0.006559294842149788
2,1234,macro_ap,-0.005547452422350052
2,1235,macro_ap,-0.023114970792496914
2,1236,macro_ap,0.08615262400971463
2,1237,macro_ap,0.0479085333901863
2,1238,macro_ap,0.05529594309610142
2,1239,macro_ap,0.02139290400543925
2,1240,macro_ap,0.04472892910802334
2,1241,macro_ap,0.04434078129608787
2,1242,macro_ap,0.021261731303600484
2,1243,macro_ap,-0.0016989262128298543
2,1244,macro_ap,0.04213098595936815
2,1245,macro_ap,-0.01530559432207046
2,1246,macro_ap,0.0812456854493313
2,1247,macro_ap,0.06255902296591687
2,1248,macro_ap,0.09382026262485155
2,1249,macro_ap,0.09194236876610917
2,1250,macro_ap,0.02066154009948773
2,1251,macro_ap,0.0783973523436628
2,1252,macro_ap,0.028032614643737297
2,1253,macro_ap,0.031828663829207626
2,1254,macro_ap,0.04033529962216448
2,1255,macro_ap,0.05056569788457638
2,1256,macro_ap,0.08146967301905061
2,1257,macro_ap,0.04270260308643836
2,1258,macro_ap,0.035687807268426464
2,1259,macro_ap,0.05816987179593963
2,1260,macro_ap,0.0540336012853741
2,1261,macro_ap,0.02695113530022275
2,1262,macro_ap,0.03514511719899199
2,1263,macro_ap,-0.010650685404664073
2,1264,macro_ap,0.029114753806294524
2,1265,macro_ap,-0.005685921921779524
2,1266,macro_ap,-0.011177026402083734
2,1267,macro_ap,0.0721723814734504
2,1268,macro_ap,0.045736624833476625
2,1269,macro_ap,0.07767638380365488
2,1270,macro_ap,0.04023868435072259
2,1271,macro_ap,-0.007226854927637583
2,1272,macro_ap,0.0654453419591769
2,1273,macro_ap,0.04630714065970648
2,1274,macro_ap,0.05004171696862192
2,1275,macro_ap,0.07486930373180861
2,1276,macro_ap,0.06677126552553514
2,1277,macro_ap,-0.02546619024498925
2,1278,macro_ap,0.06011223408443822
2,1279,macro_ap,0.01640197927523751
2,1280,macro_ap,0.06742720322558104
2,1281,macro_ap,0.02321333043828716
2,1282,macro_ap,0.011524540029665076
2,1283,macro_ap,0.046614449557678295
2,1284,macro_ap,0.06721018187507555
2,1285,macro_ap,0.039118954110943294
2,1286,macro_ap,0.06152206291908302
2,1287,macro_ap,0.035791356748207326
2,1288,macro_ap,0.07998247422420085
2,1289,macro_ap,0.00487861376283405
2,1290,macro_ap,0.0021894502876448896
2,1291,macro_ap,0.07860263464653283
2,1292,macro_ap,0.07092389293824253
2,1293,macro_ap,0.02922127614095782
2,1294,macro_ap,0.06287220644291358
2,1295,macro_ap,0.015740630580344417
2,1296,macro_ap,0.07362709598550865
2,1297,macro_ap,-0.0465045473763277
2,1298,macro_ap,0.05542029305578433
2,1299,macro_ap,0.06341603205798785
2,1300,macro_ap,0.08613813708644236
2,1301,macro_ap,-0.004024985399117609
2,1302,macro_ap,-0.002642483562851794
2,1303,macro_ap,0.10309359945045987
2,1304,macro_ap,-0.0419183065225614
2,1305,macro_ap,-0.05349570539315751
2,1306,macro_ap,0.08835744482232538
2,1307,macro_ap,-0.03976989325286784
2,1308,macro_ap,0.05316437248239536
2,1309,macro_ap,0.015624208515403304
2,1310,macro_ap,0.005251153508208484
2,1311,macro_ap,0.03889572337662456
2,1312,macro_ap,0.02429181963803262
2,1313,macro_ap,0.03657367617007501
2,1314,macro_ap,0.07776213613372923
2,1315,macro_ap,0.03301567298967445
2,1316,macro_ap,0.06713884876441778
2,1317,macro_ap,0.05988124878975831
2,1318,macro_ap,0.015772199802187747
2,1319,macro_ap,0.07317500645279368
2,1320,macro_ap,0.01204510521680674
2,1321,macro_ap,0.02343638260605735
2,1322,macro_ap,-0.0358910381178531
2,1323,macro_ap,0.0737669838042379
2,1324,macro_ap,0.07522259361206968
2,1325,macro_ap,0.06955457025564121
2,1326,macro_ap,0.08417883333965132
2,1327,macro_ap,0.03690742995472113
2,1328,macro_ap,0.006417221102295867
2,1329,macro_ap,0.023035809353480485
2,1330,macro_ap,0.050676098253023716
2,1331,macro_ap,0.05447394365391395
2,1332,macro_ap,0.0657274259746865
2,1333,macro_ap,-0.014435201190870661
2,1334,macro_ap,-0.012682759491012885
2,1335,macro_ap,-0.012515187595433741
2,1336,macro_ap,0.02384836867986201
2,1337,macro_ap,0.09323617499236692
2,1338,macro_ap,0.026652087738882446
2,1339,macro_ap,-0.0007079455624545705
2,1340,macro_ap,-0.026741876544523202
2,1341,macro_ap,0.024785133584785513
2,1342,macro_ap,0.00294560236158109
2,1343,macro_ap,0.057548373044229384
2,1344,macro_ap,0.07108603277856479
2,1345,macro_ap,0.0019752640434186897
2,1346,macro_ap,0.08583411819239456
2,1347,macro_ap,0.0043959935544232165
2,1348,macro_ap,0.08206235710176257
2,1349,macro_ap,-0.004536258743157218
2,1350,macro_ap,0.06087676231295314
2,1351,macro_ap,0.008362449934746552
2,1352,macro_ap,0.0398863809375532
2,1353,macro_ap,0.05400867652414565
2,1354,macro_ap,0.0642886228359012
2,1355,macro_ap,0.10965352648064375
2,1356,macro_ap,0.060217501888996994
2,1357,macro_ap,0.10964217303546808
2,1358,macro_ap,0.042739467238735396
2,1359,macro_ap,0.0429826878708951
2,1360,macro_ap,0.0037846052007448616
2,1361,macro_ap,0.07291342004353274
2,1362,macro_ap,-0.00427770497567026
2,1363,macro_ap,0.0508859999694764
2,1364,macro_ap,-0.016295891862526057
2,1365,macro_ap,0.08492232262107552
2,1366,macro_ap,0.07143099710460771
2,1367,macro_ap,0.02842378545312574
2,1368,macro_ap,0.004018665525424625
2,1369,macro_ap,0.04783172340650649
2,1370,macro_ap,0.10432638126089638
2,1371,macro_ap,0.005555510842720157
2,1372,macro_ap,0.0567936845843357
2,1373,macro_ap,0.03494432626137528
2,1374,macro_ap,-0.02495983341961938
2,1375,macro_ap,0.018700463740150775
2,1376,macro_ap,0.0359711093856504
2,1377,macro_ap,0.10524265479468742
2,1378,macro_ap,0.05511041497913577
2,1379,macro_ap,0.07768506949206233
2,1380,macro_ap,0.02928757197905696
2,1381,macro_ap,0.05541560627227843
2,1382,macro_ap,0.032375438248759436
2,1383,macro_ap,0.021240789413963734
2,1384,macro_ap,0.013190663099157562
2,1385,macro_ap,0.03851392937257786
2,1386,macro_ap,0.012270783591077195
2,1387,macro_ap,0.07585137865980612
2,1388,macro_ap,0.010624634189706661
2,1389,macro_ap,0.06148774100981924
2,1390,macro_ap,0.0032771387097352833
2,1391,macro_ap,0.02153835328417464
2,1392,macro_ap,0.052428841226905665
2,1393,macro_ap,0.02325773658365199
2,1394,macro_ap,0.02002809032593622
2,1395,macro_ap,0.05766795251685819
2,1396,macro_ap,-0.01615666786523917
2,1397,macro_ap,0.05164859273686012
2,1398,macro_ap,0.0021395550395184038
2,1399,macro_ap,0.1358238436407232
2,1400,macro_ap,0.031711719967159324
2,1401,macro_ap,0.0281886018873006
2,1402,macro_ap,0.048239399627117596
2,1403,macro_ap,0.05492802641665778
2,1404,macro_ap,0.05299072151573686
2,1405,macro_ap,0.04518910465424136
2,1406,macro_ap,-0.010117651132021732
2,1407,macro_ap,0.004264861204607451
2,1408,macro_ap,0.017893778563474683
2,1409,macro_ap,0.06276229362178715
2,1410,macro_ap,0.022825032298212755
2,1411,macro_ap,0.014699337806514612
2,1412,macro_ap,-0.007876617004075492
2,1413,macro_ap,0.02465668605544702
2,1414,macro_ap,0.07702324107895187
2,1415,macro_ap,0.03177122064564514
2,1416,macro_ap,0.028135483388510074
2,1417,macro_ap,0.11868811560906811
2,1418,macro_ap,-0.0352938860286795
2,1419,macro_ap,0.037636275422084364
2,1420,macro_ap,0.07593611133302397
2,1421,macro_ap,0.042174950570874725
2,1422,macro_ap,0.04704310832747671
2,1423,macro_ap,0.018654903048618166
2,1424,macro_ap,0.022722094973637308
2,1425,macro_ap,-0.01226695474967443
2,1426,macro_ap,0.10091581746209449
2,1427,macro_ap,-0.002264825273547655
2,1428,macro_ap,-0.012618516570354565
2,1429,macro_ap,0.06909750588370439
2,1430,macro_ap,0.0334179151369528
2,1431,macro_ap,0.008133453502498889
2,1432,macro_ap,0.03902383605703402
2,1433,macro_ap,0.03423432043357688
2,1434,macro_ap,0.01415056462197839
2,1435,macro_ap,0.06383499876754373
2,1436,macro_ap,0.009308868329655606
2,1437,macro_ap,0.06684162869253335
2,1438,macro_ap,0.05605667279810217
2,1439,macro_ap,0.0022501947066276284
2,1440,macro_ap,0.018859545541553557
2,1441,macro_ap,0.02557746374715053
2,1442,macro_ap,0.03320960556594654
2,1443,macro_ap,-0.031863577231388995
2,1444,macro_ap,0.014918975446839844
2,1445,macro_ap,-0.008384148817452697
2,1446,macro_ap,0.02228002399861112
2,1447,macro_ap,0.05756446165661683
2,1448,macro_ap,0.05760579966476609
2,1449,macro_ap,0.09325717454620475
2,1450,macro_ap,0.059491870762588495
2,1451,macro_ap,0.08648363903702039
2,1452,macro_ap,-0.024090570655044552
2,1453,macro_ap,0.01727817091230932
2,1454,macro_ap,0.08902320394049335
2,1455,macro_ap,0.0007077036002440251
2,1456,macro_ap,-0.037435654854987954
2,1457,macro_ap,0.04227290203206885
2,1458,macro_ap,0.002379079828494557
2,1459,macro_ap,-0.0033958384871844993
2,1460,macro_ap,0.005971907506896246
2,1461,macro_ap,0.13011084796447026
2,1462,macro_ap,0.05026018235188601
2,1463,macro_ap,0.01113939455707591
2,1464,macro_ap,0.09009684345456148
2,1465,macro_ap,0.018664479841542125
2,1466,macro_ap,0.035702047945692816
2,1467,macro_ap,0.0357672385388248
2,1468,macro_ap,0.0730366241979864
2,1469,macro_ap,0.10351324648665572
2,1470,macro_ap,0.06590279796907617
2,1471,macro_ap,0.00023286320212190237
2,1472,macro_ap,0.03247234594604437
2,1473,macro_ap,0.028916800787476216
2,1474,macro_ap,-0.001375267493631982
2,1475,macro_ap,0.014604179564101205
2,1476,macro_ap,0.012858986672857509
2,1477,macro_ap,0.06411180326761112
2,1478,macro_ap,0.026813025335645058
2,1479,macro_ap,0.07582983691589207
2,1480,macro_ap,0.0427797048152917
2,1481,macro_ap,0.011493692550543277
2,1482,macro_ap,0.08529038754559348
2,1483,macro_ap,0.0688402867124761
2,1484,macro_ap,0.02947335841298332
2,1485,macro_ap,0.038272529019037105
2,1486,macro_ap,0.030866141057863672
2,1487,macro_ap,-0.009425332681502863
2,1488,macro_ap,-0.0030596980745069002
2,1489,macro_ap,0.030765869003624213
2,1490,macro_ap,0.038586821586435505
2,1491,macro_ap,0.022991385638176265
2,1492,macro_ap,0.0009476896829785364
2,1493,macro_ap,0.06120053826895322
2,1494,macro_ap,0.05690151020047002
2,1495,macro_ap,0.030330308420703833
2,1496,macro_ap,0.010066060188752113
2,1497,macro_ap,0.04238101967764385
2,1498,macro_ap,0.05012027776944955
2,1499,macro_ap,0.09953626485443107
2,1500,macro_ap,0.01595879004211659
2,1501,macro_ap,0.0600752655348637
2,1502,macro_ap,0.020420369221425094
2,1503,macro_ap,0.0686783247591497
2,1504,macro_ap,0.01579710534626705
2,1505,macro_ap,0.021765848002218757
2,1506,macro_ap,0.0445794272922071
2,1507,macro_ap,0.07605615107014307
2,1508,macro_ap,0.002861148206599662
2,1509,macro_ap,0.05395444878308853
2,1510,macro_ap,0.014919531960293608
2,1511,macro_ap,0.0363646535897062
2,1512,macro_ap,0.00018613669446448933
2,1513,macro_ap,0.041362540359009825
2,1514,macro_ap,0.0928817227810605
2,1515,macro_ap,0.03590147747869832
2,1516,macro_ap,0.03832262731801139
2,1517,macro_ap,0.06525056524384393
2,1518,macro_ap,0.010941584318511999
2,1519,macro_ap,0.01204256758667932
2,1520,macro_ap,-0.013469431436814339
2,1521,macro_ap,0.04907348286212143
2,1522,macro_ap,-0.014465864365138248
2,1523,macro_ap,-0.024173849778292344
2,1524,macro_ap,0.030452145481760007
2,1525,macro_ap,0.010121545223660988
2,1526,macro_ap,0.06036268151079632
2,1527,macro_ap,-0.017043724710924968
2,1528,macro_ap,0.00017683232663934234
2,1529,macro_ap,-0.0019436384954982233
2,1530,macro_ap,0.07883074658871242
2,1531,macro_ap,0.10081994981301551
2,1532,macro_ap,0.02308349364716844
2,1533,macro_ap,0.07824120337326201
2,1534,macro_ap,0.023625433879752133
2,1535,macro_ap,0.0572918163265323
2,1536,macro_ap,0.01032080713416772
2,1537,macro_ap,0.029132868537159795
2,1538,macro_ap,0.08341341223300525
2,1539,macro_ap,0.02339716897858768
2,1540,macro_ap,0.00772275157695268
2,1541,macro_ap,0.006967415689925038
2,1542,macro_ap,-0.007608745820548268
2,1543,macro_ap,0.07133295801539224
2,1544,macro_ap,0.12871240861451216
2,1545,macro_ap,-0.027598996710146095
2,1546,macro_ap,0.0315669828074257
2,1547,macro_ap,-0.021258227177413158
2,1548,macro_ap,0.07924476085925297
2,1549,macro_ap,0.06119118869729745
2,1550,macro_ap,0.00039098257583336515
2,1551,macro_ap,0.014519087959162014
2,1552,macro_ap,0.04543373755895219
2,1553,macro_ap,-0.001536014325669799
2,1554,macro_ap,0.03143924375835244
2,1555,macro_ap,0.06228631026897069
2,1556,macro_ap,-0.010897831810548375
2,1557,macro_ap,0.02268343721731536
2,1558,macro_ap,0.06613532402931066
2,1559,macro_ap,0.05864848090532554
2,1560,macro_ap,0.027124484378597435
2,1561,macro_ap,0.055308100581106245
2,1562,macro_ap,0.11408926379566814
2,1563,macro_ap,0.05256685579495124
2,1564,macro_ap,0.06606071625785004
2,1565,macro_ap,0.03295992846477963
2,1566,macro_ap,-0.0034943615844966747
2,1567,macro_ap,0.0013573791224564258
2,1568,macro_ap,0.04865118394647577
2,1569,macro_ap,-0.0001376902139028635
2,1570,macro_ap,0.0683602870584833
2,1571,macro_ap,0.05478625811412852
2,1572,macro_ap,0.010159084521025763
2,1573,macro_ap,0.015229799964651236
2,1574,macro_ap,-0.005718037817019905
2,1575,macro_ap,-0.0020890060240232877
2,1576,macro_ap,0.061543673548191125
2,1577,macro_ap,0.07463883508285218
2,1578,macro_ap,-0.008343614864787963
2,1579,macro_ap,0.05096804461461363
2,1580,macro_ap,0.024556175902809563
2,1581,macro_ap,0.07751431917815893
2,1582,macro_ap,0.04475145241634654
2,1583,macro_ap,0.010396232684345363
2,1584,macro_ap,0.09460163609802275
2,1585,macro_ap,0.020660625650829267
2,1586,macro_ap,0.12434380269597295
2,1587,macro_ap,0.05777173748268871
2,1588,macro_ap,0.03956764777995103
2,1589,macro_ap,0.0797929242996907
2,1590,macro_ap,0.06322021292444352
2,1591,macro_ap,0.05950719866295917
2,1592,macro_ap,0.10316792965308097
2,1593,macro_ap,0.027856505273576693
2,1594,macro_ap,0.10056767508927994
2,1595,macro_ap,0.05190879509774682
2,1596,macro_ap,0.0036185145598410795
2,1597,macro_ap,0.03381636948219635
2,1598,macro_ap,0.04541936623771059
2,1599,macro_ap,0.09326423820686036
2,1600,macro_ap,0.07775183787105727
2,1601,macro_ap,-0.0026572937000885477
2,1602,macro_ap,0.05566769054095533
2,1603,macro_ap,0.04331311720045328
2,1604,macro_ap,0.02023756160320561
2,1605,macro_ap,0.05207374910743667
2,1606,macro_ap,0.017364299153777296
2,1607,macro_ap,0.015102662414115786
2,1608,macro_ap,0.051356864472570374
2,1609,macro_ap,0.08618925166287028
2,1610,macro_ap,-0.017612344376177647
2,1611,macro_ap,-0.00560312134612545
2,1612,macro_ap,0.01295961537234036
2,1613,macro_ap,-0.05473707428965191
2,1614,macro_ap,0.031400147825197455
2,1615,macro_ap,0.04957037324220015
2,1616,macro_ap,0.09472862486204281
2,1617,macro_ap,0.07228897937828033
2,1618,macro_ap,0.027397991027729607
2,1619,macro_ap,0.1349692760065257
2,1620,macro_ap,0.04639534643438692
2,1621,macro_ap,-0.0022111188350572575
2,1622,macro_ap,0.044506470685138855
2,1623,macro_ap,0.00863145622265471
2,1624,macro_ap,0.03830075610741801
2,1625,macro_ap,-0.028018757186788867
2,1626,macro_ap,0.056135927794816465
2,1627,macro_ap,-0.03727237474516476
2,1628,macro_ap,0.049645881773505096
2,1629,macro_ap,0.0187274132659373
2,1630,macro_ap,0.008820609570187932
2,1631,macro_ap,0.03747411680704654
2,1632,macro_ap,0.05057369928002742
2,1633,macro_ap,0.05602057395981125
2,1634,macro_ap,0.03886229060252616
2,1635,macro_ap,0.07513156720809722
2,1636,macro_ap,0.027486359505692115
2,1637,macro_ap,0.018222425106276308
2,1638,macro_ap,0.0665835980818883
2,1639,macro_ap,0.08546474096523982
2,1640,macro_ap,-0.009555379122734853
2,1641,macro_ap,-0.004879449063537988
2,1642,macro_ap,0.012529429402344083
2,1643,macro_ap,0.02076559177121934
2,1644,macro_ap,0.056050763652651325
2,1645,macro_ap,0.030807074288540903
2,1646,macro_ap,0.07755202608607958
2,1647,macro_ap,0.04926977231359192
2,1648,macro_ap,0.051014219839993824
2,1649,macro_ap,0.03771170307968191
2,1650,macro_ap,0.008307831832156054
2,1651,macro_ap,0.002297693889708796
2,1652,macro_ap,0.06768763531750932
2,1653,macro_ap,0.03226869279892902
2,1654,macro_ap,0.02849945139654736
2,1655,macro_ap,0.03510495513915041
2,1656,macro_ap,0.06628557912473487
2,1657,macro_ap,0.010871904550122491
2,1658,macro_ap,0.0385254925256599
2,1659,macro_ap,0.019999350589159026
2,1660,macro_ap,0.016433087145897918
2,1661,macro_ap,-0.002834579796003378
2,1662,macro_ap,-0.025872558743849416
2,1663,macro_ap,0.006503617573535514
2,1664,macro_ap,0.046844492525335124
2,1665,macro_ap,-0.025268560711053878
2,1666,macro_ap,0.010035110341878983
2,1667,macro_ap,0.04499247503483622
2,1668,macro_ap,0.034271138193936845
2,1669,macro_ap,0.032040864156921645
2,1670,macro_ap,0.0845809271484873
2,1671,macro_ap,0.025172420079095315
2,1672,macro_ap,0.09175552908586787
2,1673,macro_ap,-0.029701034566733953
2,1674,macro_ap,0.019124299872612938
2,1675,macro_ap,0.04309663057062446
2,1676,macro_ap,0.06396269381165653
2,1677,macro_ap,0.07395541606577649
2,1678,macro_ap,0.04092784046240844
2,1679,macro_ap,0.0462148465778256
2,1680,macro_ap,0.051987464682735296
2,1681,macro_ap,-0.009665378217479592
2,1682,macro_ap,0.07141210940287046
2,1683,macro_ap,0.07747479111739891
2,1684,macro_ap,0.012381796164195713
2,1685,macro_ap,0.05252200015584774
2,1686,macro_ap,0.005060130104484362
2,1687,macro_ap,0.015659668840126817
2,1688,macro_ap,0.02812419204643718
2,1689,macro_ap,0.04747487643400883
2,1690,macro_ap,0.09960131374017761
2,1691,macro_ap,0.030649687471076714
2,1692,macro_ap,0.06179570853565203
2,1693,macro_ap,0.08446108230979099
2,1694,macro_ap,0.010395524116968535
2,1695,macro_ap,0.05603075535660751
2,1696,macro_ap,0.07812518246438405
2,1697,macro_ap,0.05133610747614836
2,1698,macro_ap,0.0316345053263839
2,1699,macro_ap,0.07782442371288623
2,1700,macro_ap,0.02048894397983514
2,1701,macro_ap,0.12138431115489096
2,1702,macro_ap,0.022775759891806246
2,1703,macro_ap,0.04028055023695948
2,1704,macro_ap,0.049519608915907454
2,1705,macro_ap,-0.0030886857713107174
2,1706,macro_ap,0.051983886464491535
2,1707,macro_ap,0.0388968210039744
2,1708,macro_ap,0.04453857786285631
2,1709,macro_ap,0.02924839521719058
2,1710,macro_ap,0.017150403465941766
2,1711,macro_ap,0.07958376313561416
2,1712,macro_ap,0.0460793073762491
2,1713,macro_ap,0.01079331441624487
2,1714,macro_ap,0.027534207059243143
2,1715,macro_ap,0.05692101233343566
2,1716,macro_ap,0.06962648662197557
2,1717,macro_ap,0.08329510353690278
2,1718,macro_ap,0.07364314791843185
2,1719,macro_ap,0.0685898180746487
2,1720,macro_ap,0.06653128496064004
2,1721,macro_ap,0.01685840132697125
2,1722,macro_ap,0.006136734943777256
2,1723,macro_ap,0.06967648304773089
2,1724,macro_ap,0.07330754749614377
2,1725,macro_ap,-0.009750356384578274
2,1726,macro_ap,0.04435233163314556
2,1727,macro_ap,0.08669338323266967
2,1728,macro_ap,0.06463539128954282
2,1729,macro_ap,0.025658869250865524
2,1730,macro_ap,0.03856385255525063
2,1731,macro_ap,0.030635061737437685
2,1732,macro_ap,0.01778637774485453
2,1733,macro_ap,-0.011544274564817991
2,1734,macro_ap,-0.013808570454585334
2,1735,macro_ap,0.08821837255624532
2,1736,macro_ap,0.07701469434361663
2,1737,macro_ap,0.04137254088469
2,1738,macro_ap,0.04898007633421547
2,1739,macro_ap,0.014311756503500028
2,1740,macro_ap,0.05299811835255591
2,1741,macro_ap,0.05328228704536686
2,1742,macro_ap,-0.0291401360653325
2,1743,macro_ap,0.025620046340754876
2,1744,macro_ap,0.0832046788608547
2,1745,macro_ap,0.01572173821794154
2,1746,macro_ap,0.032506222306665944
2,1747,macro_ap,0.008058225737154645
2,1748,macro_ap,-0.026195929881120184
2,1749,macro_ap,0.014808234513855989
2,1750,macro_ap,0.07252287032478727
2,1751,macro_ap,0.07106392725008559
2,1752,macro_ap,0.021223052660482744
2,1753,macro_ap,0.02784943587292582
2,1754,macro_ap,0.015573200971539025
2,1755,macro_ap,0.09382149386064415
2,1756,macro_ap,0.021628210888039845
2,1757,macro_ap,0.036394071085061486
2,1758,macro_ap,0.06721365328331164
2,1759,macro_ap,0.005856346238107435
2,1760,macro_ap,0.0375576020079082
2,1761,macro_ap,0.04486026726306752
2,1762,macro_ap,0.06876242928154597
2,1763,macro_ap,-0.01577551179813158
2,1764,macro_ap,0.005490802393335659
2,1765,macro_ap,0.038664278117289785
2,1766,macro_ap,0.055768309509431346
2,1767,macro_ap,0.01953477213717769
2,1768,macro_ap,0.09125220221518243
2,1769,macro_ap,0.05102635317805532
2,1770,macro_ap,0.05251110132254733
2,1771,macro_ap,0.032979327183749685
2,1772,macro_ap,0.015795979911181257
2,1773,macro_ap,0.0005274961218086904
2,1774,macro_ap,-0.022425518066347627
2,1775,macro_ap,0.0954221950944863
2,1776,macro_ap,0.03488323243864255
2,1777,macro_ap,0.04966496100289819
2,1778,macro_ap,0.02929209360168583
2,1779,macro_ap,0.06842432922431768
2,1780,macro_ap,0.01021217711385547
2,1781,macro_ap,0.053446118199875214
2,1782,macro_ap,0.00881763179648587
2,1783,macro_ap,0.08731543586725032
2,1784,macro_ap,0.03921257645907955
2,1785,macro_ap,0.1236381702899314
2,1786,macro_ap,0.010699395099509179
2,1787,macro_ap,0.05045611448146259
2,1788,macro_ap,0.020506295394407292
2,1789,macro_ap,-0.03642586146148252
2,1790,macro_ap,0.0252935747156941
2,1791,macro_ap,-0.04713579760526804
2,1792,macro_ap,-0.019610826779045076
2,1793,macro_ap,0.04149328105483108
2,1794,macro_ap,0.011746947796371254
2,1795,macro_ap,0.06793055275951376
2,1796,macro_ap,-0.004111218474976641
2,1797,macro_ap,0.012929051513358825
2,1798,macro_ap,0.038599988920961614
2,1799,macro_ap,0.010512397745884083
2,1800,macro_ap,0.027446803250791796
2,1801,macro_ap,-0.027485914314309634
2,1802,macro_ap,0.07891137738182569
2,1803,macro_ap,0.02298615836439588
2,1804,macro_ap,0.03373450173116421
2,1805,macro_ap,-0.07039166755816068
2,1806,macro_ap,0.04588398155607715
2,1807,macro_ap,0.05050247611029668
2,1808,macro_ap,0.009303258691238991
2,1809,macro_ap,0.057623687560706516
2,1810,macro_ap,-0.003867072354544643
2,1811,macro_ap,0.047921462863780406
2,1812,macro_ap,0.04400193730127605
2,1813,macro_ap,0.060485476839156394
2,1814,macro_ap,0.006538633378443515
2,1815,macro_ap,-0.012564517956727861
2,1816,macro_ap,0.03615574337055538
2,1817,macro_ap,0.024292626905159764
2,1818,macro_ap,0.014210392353529222
2,1819,macro_ap,0.04350081240869691
2,1820,macro_ap,-0.001800067667067251
2,1821,macro_ap,0.05475405890659085
2,1822,macro_ap,0.08756991676928955
2,1823,macro_ap,0.0009922302101217362
2,1824,macro_ap,0.1223840845091006
2,1825,macro_ap,-0.016221128599853307
2,1826,macro_ap,0.007936882021323977
2,1827,macro_ap,0.025761552663989107
2,1828,macro_ap,0.07259259505401988
2,1829,macro_ap,0.013021812930391785
2,1830,macro_ap,0.0418223487443688
2,1831,macro_ap,0.04186905149701564
2,1832,macro_ap,0.015508105863173138
2,1833,macro_ap,0.08050968576096129
2,1834,macro_ap,0.07922122146943733
2,1835,macro_ap,0.040749724721728386
2,1836,macro_ap,-0.03496824512496843
2,1837,macro_ap,0.1182938856378345
2,1838,macro_ap,-0.011979115212351177
2,1839,macro_ap,0.010816517692532113
2,1840,macro_ap,0.0340135231013618
2,1841,macro_ap,0.032244362527115766
2,1842,macro_ap,0.04103562867197402
2,1843,macro_ap,0.0006298980612980398
2,1844,macro_ap,0.05279232743289891
2,1845,macro_ap,0.06733993056713772
2,1846,macro_ap,0.10202128439930669
2,1847,macro_ap,0.06107534663724812
2,1848,macro_ap,0.030375248394150234
2,1849,macro_ap,0.056271405108053674
2,1850,macro_ap,0.02035257941921559
2,1851,macro_ap,0.07012767362025818
2,1852,macro_ap,0.018298082037647045
2,1853,macro_ap,0.03909181070275336
2,1854,macro_ap,0.005956323721287848
2,1855,macro_ap,0.04098584211456219
2,1856,macro_ap,0.048474173284657474
2,1857,macro_ap,0.03519045964617307
2,1858,macro_ap,0.03766512959249824
2,1859,macro_ap,0.030540796495942435
2,1860,macro_ap,0.05760371480592347
2,1861,macro_ap,0.016181277475952327
2,1862,macro_ap,0.005417757368084031
2,1863,macro_ap,0.0028463368862434724
2,1864,macro_ap,0.07554467400719378
2,1865,macro_ap,0.008721453247644284
2,1866,macro_ap,0.07779067506560211
2,1867,macro_ap,0.023177431829426443
2,1868,macro_ap,0.06612236619684853
2,1869,macro_ap,0.016121093589582913
2,1870,macro_ap,0.04728218363234482
2,1871,macro_ap,0.04790221514996168
2,1872,macro_ap,-0.031650086257065946
2,1873,macro_ap,0.06124861521545433
2,1874,macro_ap,-0.009511582923749817
2,1875,macro_ap,0.03634155214794477
2,1876,macro_ap,0.029121520499280407
2,1877,macro_ap,0.0389894410587176
2,1878,macro_ap,-0.026581929057178932
2,1879,macro_ap,0.0034630499876769916
2,1880,macro_ap,0.054589641823166835
2,1881,macro_ap,-0.01942528055235382
2,1882,macro_ap,0.09515444186033034
2,1883,macro_ap,0.01525580321462644
2,1884,macro_ap,0.04791770804572254
2,1885,macro_ap,0.06731198755449025
2,1886,macro_ap,0.052628027612611095
2,1887,macro_ap,0.0482004647189645
2,1888,macro_ap,0.05532041456537007
2,1889,macro_ap,0.0033255741829703034
2,1890,macro_ap,0.07277134613116748
2,1891,macro_ap,0.03641382146196559
2,1892,macro_ap,0.05129313426215082
2,1893,macro_ap,0.08796131153932879
2,1894,macro_ap,0.012650761846565772
2,1895,macro_ap,0.08119116351398176
2,1896,macro_ap,0.05803467902390741
2,1897,macro_ap,0.09254271447596907
2,1898,macro_ap,0.04506725226996161
2,1899,macro_ap,0.09619340905119139
2,1900,macro_ap,-0.026421625710078278
2,1901,macro_ap,0.027286937317650695
2,1902,macro_ap,0.03320974343036481
2,1903,macro_ap,-0.006626447592683216
2,1904,macro_ap,0.05217430872629636
2,1905,macro_ap,-0.03181315885092578
2,1906,macro_ap,0.032788827063486736
2,1907,macro_ap,0.0663736458657273
2,1908,macro_ap,0.0100548980279635
2,1909,macro_ap,-0.03487318392708866
2,1910,macro_ap,0.00696359674682534
2,1911,macro_ap,0.030556129404381183
2,1912,macro_ap,0.11641878751074286
2,1913,macro_ap,0.06939316417358704
2,1914,macro_ap,0.024315450629743773
2,1915,macro_ap,0.015290178807378152
2,1916,macro_ap,0.10245322579003063
2,1917,macro_ap,0.004574206809250747
2,1918,macro_ap,0.027073585825374447
2,1919,macro_ap,-0.0108726453111605
2,1920,macro_ap,0.012252740783619098
2,1921,macro_ap,-0.007111112501201833
2,1922,macro_ap,0.02638433352909486
2,1923,macro_ap,0.048255166985508025
2,1924,macro_ap,0.07201716094358601
2,1925,macro_ap,0.0534340936576258
2,1926,macro_ap,0.033558920377518564
2,1927,macro_ap,0.06591364373664366
2,1928,macro_ap,0.037046547567608334
2,1929,macro_ap,0.03198166321251811
2,1930,macro_ap,-0.00020489466869522133
2,1931,macro_ap,0.0013299036000189446
2,1932,macro_ap,0.05568567949373143
2,1933,macro_ap,0.00408803620193493
2,1934,macro_ap,0.05863195642173491
2,1935,macro_ap,0.04361191929146174
2,1936,macro_ap,0.03478622712298102
2,1937,macro_ap,0.04584705972709113
2,1938,macro_ap,0.08658360946626598
2,1939,macro_ap,-0.002294549060959661
2,1940,macro_ap,0.07884659000137018
2,1941,macro_ap,0.03663228236816646
2,1942,macro_ap,0.06811889299033702
2,1943,macro_ap,0.02624157303400021
2,1944,macro_ap,0.03128052439535611
2,1945,macro_ap,0.07070342669996038
2,1946,macro_ap,0.07379844589833545
2,1947,macro_ap,0.09575866115527432
2,1948,macro_ap,0.06875879396746293
2,1949,macro_ap,0.0007746932254312222
2,1950,macro_ap,0.03841614106067953
2,1951,macro_ap,0.07720379981987885
2,1952,macro_ap,0.0034785789871314976
2,1953,macro_ap,0.0075051670887342214
2,1954,macro_ap,0.019773627185482756
2,1955,macro_ap,0.03236014687997307
2,1956,macro_ap,0.06494958168877141
2,1957,macro_ap,0.05622549055747722
2,1958,macro_ap,-0.003011630327295234
2,1959,macro_ap,-0.017577189893837497
2,1960,macro_ap,0.04773492715506095
2,1961,macro_ap,0.017216072919491454
2,1962,macro_ap,0.07101477831954861
2,1963,macro_ap,0.05228208550251229
2,1964,macro_ap,0.04569239570925043
2,1965,macro_ap,0.0718157557222201
2,1966,macro_ap,-0.003611905759348777
2,1967,macro_ap,0.02027388705871619
2,1968,macro_ap,-0.05667555675712721
2,1969,macro_ap,0.06672605786818331
2,1970,macro_ap,0.04789970484937123
2,1971,macro_ap,0.03737151645268488
2,1972,macro_ap,0.050064153321576044
2,1973,macro_ap,0.05649394267037339
2,1974,macro_ap,0.01915988727728668
2,1975,macro_ap,0.05406430986605554
2,1976,macro_ap,0.0513049322421234
2,1977,macro_ap,0.023180749557476843
2,1978,macro_ap,0.06924055149708064
2,1979,macro_ap,-0.023330659744619675
2,1980,macro_ap,0.05045725195345829
2,1981,macro_ap,0.013434353544228728
2,1982,macro_ap,0.02374916240642322
2,1983,macro_ap,-0.004429403709397095
2,1984,macro_ap,-0.01100127051841776
2,1985,macro_ap,0.026106035366582403
2,1986,macro_ap,-0.003262427565221715
2,1987,macro_ap,0.013539462354640763
2,1988,macro_ap,0.011549530336848246
2,1989,macro_ap,0.04242222320363459
2,1990,macro_ap,0.0383469845042842
2,1991,macro_ap,0.037347548942534115
2,1992,macro_ap,0.01831624959192274
2,1993,macro_ap,0.043098976037913905
2,1994,macro_ap,-0.022513445143175992
2,1995,macro_ap,0.09453308429398599
2,1996,macro_ap,-0.0045450163757075335
2,1997,macro_ap,-0.010410465525424073
2,1998,macro_ap,0.012764194580857036
2,1999,macro_ap,0.04601233630672441
2,0,micro_ap,0.03582723161207524
2,1,micro_ap,-0.08860310266584065
2,2,micro_ap,-0.07084769707245164
2,3,micro_ap,-0.09378075946487507
2,4,micro_ap,0.0019426339583827335
2,5,micro_ap,-0.050321743200956726
2,6,micro_ap,-0.060437289465791966
2,7,micro_ap,-0.0158062329521228
2,8,micro_ap,0.029786185587677094
2,9,micro_ap,-0.012716862063452128
2,10,micro_ap,-0.02299867705161568
2,11,micro_ap,-0.04461408435094316
2,12,micro_ap,-0.00437157215447781
2,13,micro_ap,-0.04869406453768557
2,14,micro_ap,-0.03986626547967309
2,15,micro_ap,-0.09310436627171514
2,16,micro_ap,-0.0019758973048999706
2,17,micro_ap,-0.055318591554505164
2,18,micro_ap,-0.004006890600302793
2,19,micro_ap,-0.015321895380337125
2,20,micro_ap,-0.040643798657584274
2,21,micro_ap,0.0014685859371295629
2,22,micro_ap,-0.04378288825659438
2,23,micro_ap,-0.019568745702700285
2,24,micro_ap,-0.008369788420496627
2,25,micro_ap,-0.09379708177762755
2,26,micro_ap,-0.03187686186370564
2,27,micro_ap,-0.06186104498425621
2,28,micro_ap,-0.10525548463875822
2,29,micro_ap,-0.04671812412292459
2,30,micro_ap,-0.025185259121912107
2,31,micro_ap,-0.0743068489118125
2,32,micro_ap,-0.08058809369661829
2,33,micro_ap,-0.07553695060705673
2,34,micro_ap,-0.06016617549877962
2,35,micro_ap,0.0021784065626853644
2,36,micro_ap,-0.07298752305264045
2,37,micro_ap,-0.06190073883445363
2,38,micro_ap,-0.05558291966134893
2,39,micro_ap,-0.062204967332978534
2,40,micro_ap,-0.08416128712450122
2,41,micro_ap,-0.006413899363013009
2,42,micro_ap,-0.06561138820673673
2,43,micro_ap,-0.02542200791065452
2,44,micro_ap,-0.10609924595726897
2,45,micro_ap,-0.02638256116301002
2,46,micro_ap,-0.05652302149433014
2,47,micro_ap,-0.038007907297821
2,48,micro_ap,-0.05062630357113007
2,49,micro_ap,-0.002133991395862622
2,50,micro_ap,-0.06797847121385397
2,51,micro_ap,-0.06001095757830588
2,52,micro_ap,-0.009777413354622122
2,53,micro_ap,-0.049020851657713915
2,54,micro_ap,-0.016213696574583103
2,55,micro_ap,-0.03176081131393543
2,56,micro_ap,-0.038653707695048445
2,57,micro_ap,-0.05310615004704011
2,58,micro_ap,-0.048443600138439596
2,59,micro_ap,-0.031409269677556306
2,60,micro_ap,-0.02434114403001636
2,61,micro_ap,-0.012805762278495059
2,62,micro_ap,-0.09239520734637025
2,63,micro_ap,-0.11120971639753369
2,64,micro_ap,-0.1005389037672203
2,65,micro_ap,-0.09224495330629828
2,66,micro_ap,-0.08224364537456397
2,67,micro_ap,-0.07750882219749067
2,68,micro_ap,-0.01698285299730018
2,69,micro_ap,-0.020166149328178895
2,70,micro_ap,-0.07974615785213235
2,71,micro_ap,-0.019352998847692426
2,72,micro_ap,-0.09113046549615911
2,73,micro_ap,-0.09540067854254741
2,74,micro_ap,-0.1033910527440115
2,75,micro_ap,-0.09414790918895521
2,76,micro_ap,-0.02578757113189098
2,77,micro_ap,-0.021123179255298885
2,78,micro_ap,-0.05115830840460578
2,79,micro_ap,0.0399245010347119
2,80,micro_ap,-0.06411656132834481
2,81,micro_ap,0.015575327930947347
2,82,micro_ap,-0.009591912728247387
2,83,micro_ap,-0.08772445786037583
2,84,micro_ap,-0.04443248032528335
2,85,micro_ap,-0.08940644550953664
2,86,micro_ap,-0.054906601130003396
2,87,micro_ap,-0.02374056110872641
2,88,micro_ap,-0.0324699107283305
2,89,micro_ap,-0.005970244015903015
2,90,micro_ap,-0.0666525505554279
2,91,micro_ap,0.03485796977496641
2,92,micro_ap,-0.02359742732046971
2,93,micro_ap,-0.0013639997365307854
2,94,micro_ap,-0.06257797535098236
2,95,micro_ap,0.015292479790394331
2,96,micro_ap,-0.029111441322470566
2,97,micro_ap,0.0008856567493786827
2,98,micro_ap,-0.05978269909832701
2,99,micro_ap,-0.04786890776426195
2,100,micro_ap,-0.06557098301044395
2,101,micro_ap,0.05551465327073579
2,102,micro_ap,-0.017919245514128435
2,103,micro_ap,-0.03354910318442719
2,104,micro_ap,-0.01887068226404992
2,105,micro_ap,-0.04816801595792808
2,106,micro_ap,-0.05278001202837057
2,107,micro_ap,-0.04634318295981754
2,108,micro_ap,-0.03930408628922294
2,109,micro_ap,0.025055204553262267
2,110,micro_ap,-0.09039926946657545
2,111,micro_ap,-0.023939171916002255
2,112,micro_ap,-0.09034758773621748
2,113,micro_ap,-0.02629579079342287
2,114,micro_ap,-0.04009584470153166
2,115,micro_ap,-0.023343161254470918
2,116,micro_ap,-0.05147221384268025
2,117,micro_ap,0.0037267132564953176
2,118,micro_ap,-0.06255282047143484
2,119,micro_ap,-0.08504412957450294
2,120,micro_ap,0.017311305670544175
2,121,micro_ap,-0.0054113344064864455
2,122,micro_ap,-0.07644628323250299
2,123,micro_ap,-0.007547117157634398
2,124,micro_ap,-0.07904476649885733
2,125,micro_ap,-0.01635403880416772
2,126,micro_ap,-0.0634263843118007
2,127,micro_ap,-0.023647024784452797
2,128,micro_ap,-0.0041685035957028105
2,129,micro_ap,-0.09167166976935542
2,130,micro_ap,0.045840305311381
2,131,micro_ap,-0.027084084051909985
2,132,micro_ap,-0.07917436385608095
2,133,micro_ap,-0.11363446974477559
2,134,micro_ap,-0.06359179199017018
2,135,micro_ap,-0.04092415698081092
2,136,micro_ap,-0.03703521243028329
2,137,micro_ap,-0.03314390150820817
2,138,micro_ap,-0.009450775484758978
2,139,micro_ap,-0.08749661720733398
2,140,micro_ap,-0.018296594487157092
2,141,micro_ap,-0.1356581488924609
2,142,micro_ap,-0.036928593933522824
2,143,micro_ap,-0.036413098293351986
2,144,micro_ap,-0.03749261827522199
2,145,micro_ap,-0.06519155499285126
2,146,micro_ap,-0.01616131150594824
2,147,micro_ap,-0.01129212277852265
2,148,micro_ap,-0.0706539411791639
2,149,micro_ap,0.019736341042083216
2,150,micro_ap,-0.009580679329802888
2,151,micro_ap,-0.016809992399744178
2,152,micro_ap,0.005929346013031689
2,153,micro_ap,-0.04289431122745929
2,154,micro_ap,-0.04072393018480702
2,155,micro_ap,-0.07855943943809712
2,156,micro_ap,-0.06991574067459516
2,157,micro_ap,-0.04261955439553622
2,158,micro_ap,-0.05329839904557049
2,159,micro_ap,-0.06111969807973949
2,160,micro_ap,-0.051698152182890644
2,161,micro_ap,-0.034118511652844186
2,162,micro_ap,-0.007940418890477752
2,163,micro_ap,0.0018734343097139283
2,164,micro_ap,-0.03462359031725398
2,165,micro_ap,-0.05951626703678459
2,166,micro_ap,-0.05080051795977697
2,167,micro_ap,-0.06359223426608596
2,168,micro_ap,-0.013901694217799299
2,169,micro_ap,-0.04545675945997746
2,170,micro_ap,-0.04405762112197445
2,171,micro_ap,0.022347575547227827
2,172,micro_ap,-0.020649288670251564
2,173,micro_ap,-0.07979546226334316
2,174,micro_ap,-0.05500124547376556
2,175,micro_ap,-0.02533806040325215
2,176,micro_ap,-0.06389384409299242
2,177,micro_ap,-0.0774703282284758
2,178,micro_ap,-0.049504273170168867
2,179,micro_ap,-0.013170641728485977
2,180,micro_ap,-0.07135617474588665
2,181,micro_ap,-0.05026678307694282
2,182,micro_ap,-0.08955732394397092
2,183,micro_ap,-0.052969266815877214
2,184,micro_ap,-0.05875235924971384
2,185,micro_ap,-0.04027340694425313
2,186,micro_ap,-0.01588008353543624
2,187,micro_ap,-0.0017399922511528998
2,188,micro_ap,-0.0075891198862461096
2,189,micro_ap,-0.0888900008561061
2,190,micro_ap,-0.13715975035996547
2,191,micro_ap,0.04353804514356718
2,192,micro_ap,-0.05377716116171177
2,193,micro_ap,-0.01716940624158858
2,194,micro_ap,-0.010284204485054377
2,195,micro_ap,-0.10589989991356902
2,196,micro_ap,0.008111545449595747
2,197,micro_ap,-0.05022350817890309
2,198,micro_ap,-0.0782129242691239
2,199,micro_ap,-0.029595534713030724
2,200,micro_ap,-0.03560680516437381
2,201,micro_ap,-0.05035849531471395
2,202,micro_ap,-0.0728500132484583
2,203,micro_ap,-0.020031766263142126
2,204,micro_ap,-0.06672487396577825
2,205,micro_ap,-0.12592681187821458
2,206,micro_ap,0.027777517145159053
2,207,micro_ap,-0.043263225423930574
2,208,micro_ap,0.0042603495685055726
2,209,micro_ap,-0.015490875619946332
2,210,micro_ap,-0.07706165489143613
2,211,micro_ap,-0.010674194023803707
2,212,micro_ap,-0.053752825944317795
2,213,micro_ap,-0.05459309619362379
2,214,micro_ap,-0.0036513100377165153
2,215,micro_ap,-0.01613656348467546
2,216,micro_ap,-0.03583713735455646
2,217,micro_ap,-0.07175121733778742
2,218,micro_ap,-0.058639180253339696
2,219,micro_ap,-0.07707836988017439
2,220,micro_ap,-0.044676896003035954
2,221,micro_ap,-0.01869291324354877
2,222,micro_ap,-0.016417627923565548
2,223,micro_ap,-0.01549891147368454
2,224,micro_ap,-0.024084880648610058
2,225,micro_ap,-0.0399908402373364
2,226,micro_ap,-0.046716551380242416
2,227,micro_ap,-0.05350697669596127
2,228,micro_ap,-0.04598540736126566
2,229,micro_ap,-0.010074452538484602
2,230,micro_ap,-0.04367628077153901
2,231,micro_ap,-0.04192041405661279
2,232,micro_ap,-0.059085162052967266
2,233,micro_ap,-0.06480674040021567
2,234,micro_ap,0.021189177252993074
2,235,micro_ap,-0.05310495961970993
2,236,micro_ap,-0.0999080989424192
2,237,micro_ap,-0.027409612278955386
2,238,micro_ap,-0.0018978359693491154
2,239,micro_ap,-0.07448255597659745
2,240,micro_ap,-0.0896544798633393
2,241,micro_ap,-0.02863277316829782
2,242,micro_ap,-0.05554442655768771
2,243,micro_ap,-0.042204924325472015
2,244,micro_ap,-0.01709007476486546
2,245,micro_ap,-0.01566944726936595
2,246,micro_ap,-0.04116643544100618
2,247,micro_ap,-0.023514186421616123
2,248,micro_ap,-0.03804334255153874
2,249,micro_ap,-0.044931311533505436
2,250,micro_ap,-0.036689069862717694
2,251,micro_ap,-0.027448476100329244
2,252,micro_ap,-0.04000861631441488
2,253,micro_ap,-0.03703321988598712
2,254,micro_ap,-0.045661096282124836
2,255,micro_ap,-0.05702289059005361
2,256,micro_ap,-0.008665978444465039
2,257,micro_ap,-0.05358408330446368
2,258,micro_ap,-0.03140701601519502
2,259,micro_ap,0.025554382286521904
2,260,micro_ap,-0.022269823244527975
2,261,micro_ap,-0.022358717955801632
2,262,micro_ap,0.003116644578178368
2,263,micro_ap,-0.050839549791101335
2,264,micro_ap,-0.05703507318235218
2,265,micro_ap,-0.029955236755174308
2,266,micro_ap,-0.06772188300581239
2,267,micro_ap,-0.06491229653801509
2,268,micro_ap,-0.012155634374751811
2,269,micro_ap,-0.10025528259183636
2,270,micro_ap,-0.02861205824928803
2,271,micro_ap,-0.022539079866271017
2,272,micro_ap,-0.0777162507146677
2,273,micro_ap,0.00013945060565456746
2,274,micro_ap,-0.044723247757270046
2,275,micro_ap,0.012105768493272717
2,276,micro_ap,-0.05928169995702684
2,277,micro_ap,-0.049240198765430454
2,278,micro_ap,0.0037596079154202933
2,279,micro_ap,-0.020320981441439623
2,280,micro_ap,-0.02125211434748786
2,281,micro_ap,-0.06763885497498914
2,282,micro_ap,-0.00972168238917498
2,283,micro_ap,-0.03366725762449557
2,284,micro_ap,0.022538779185401703
2,285,micro_ap,-0.0702266169103812
2,286,micro_ap,-0.03017189298062961
2,287,micro_ap,-0.008441829034471271
2,288,micro_ap,-0.052387830254321255
2,289,micro_ap,-0.06849638561175742
2,290,micro_ap,-0.06216902173103134
2,291,micro_ap,-0.10906603563219905
2,292,micro_ap,-0.0234046347018797
2,293,micro_ap,-0.043549141562237215
2,294,micro_ap,0.02175829953193803
2,295,micro_ap,0.0010191773950519178
2,296,micro_ap,-0.04456301433001575
2,297,micro_ap,0.010104977255579684
2,298,micro_ap,-0.0807608395549248
2,299,micro_ap,-0.049161317909980684
2,300,micro_ap,-0.027954323306280504
2,301,micro_ap,-0.03649877716857533
2,302,micro_ap,-0.13062724565989087
2,303,micro_ap,-0.04982991558755301
2,304,micro_ap,-0.05936159525356377
2,305,micro_ap,-0.03746755358236187
2,306,micro_ap,-0.04288480020786212
2,307,micro_ap,-0.007466419230286819
2,308,micro_ap,-0.05455127646297808
2,309,micro_ap,-0.053913285050581294
2,310,micro_ap,-0.03598025414945172
2,311,micro_ap,-0.039868111135272444
2,312,micro_ap,-0.0633142968249853
2,313,micro_ap,-0.07419771914759715
2,314,micro_ap,-0.11696418089583188
2,315,micro_ap,-0.04143636744471138
2,316,micro_ap,-0.07961530669087558
2,317,micro_ap,-0.028085362157213467
2,318,micro_ap,-0.010772727013941996
2,319,micro_ap,-0.03770609871781161
2,320,micro_ap,-0.010119579964085634
2,321,micro_ap,-0.029500778200883315
2,322,micro_ap,-0.059325268400830244
2,323,micro_ap,-0.08020935233350801
2,324,micro_ap,-0.016167304940811866
2,325,micro_ap,-0.07622548798077416
2,326,micro_ap,-0.051537417529865404
2,327,micro_ap,-0.025403776461186633
2,328,micro_ap,0.01395948734425978
2,329,micro_ap,-0.001363550378112699
2,330,micro_ap,0.005597692894304895
2,331,micro_ap,-0.003434390308866442
2,332,micro_ap,-0.011525014362840202
2,333,micro_ap,-0.02334743997608313
2,334,micro_ap,-0.08575354978015964
2,335,micro_ap,-0.08082669775107476
2,336,micro_ap,-0.022849496437822414
2,337,micro_ap,-0.07618279066310024
2,338,micro_ap,-0.003916568512353391
2,339,micro_ap,-0.05869114322978414
2,340,micro_ap,0.0011405462229146512
2,341,micro_ap,-0.03700549314710705
2,342,micro_ap,-0.06286547213270219
2,343,micro_ap,-0.00514665726004615
2,344,micro_ap,-0.04663789168637411
2,345,micro_ap,-0.08203445964693445
2,346,micro_ap,-0.06578496864273814
2,347,micro_ap,-0.05018674738366602
2,348,micro_ap,-0.05583386703419069
2,349,micro_ap,0.011383142219730913
2,350,micro_ap,0.001186135405048916
2,351,micro_ap,-0.10232577093357192
2,352,micro_ap,-0.023220346271241588
2,353,micro_ap,-0.011983595473278541
2,354,micro_ap,-0.0683655116662531
2,355,micro_ap,-0.051993477633399066
2,356,micro_ap,-0.05154476829494978
2,357,micro_ap,0.0018021858941249524
2,358,micro_ap,-0.09290637559622011
2,359,micro_ap,-0.004457388873263912
2,360,micro_ap,-0.0730142166612616
2,361,micro_ap,-0.04423217324534923
2,362,micro_ap,-0.04151384254384899
2,363,micro_ap,-0.03256766656911464
2,364,micro_ap,-0.047247348555702784
2,365,micro_ap,-0.1096191042012829
2,366,micro_ap,-0.07996070953806694
2,367,micro_ap,-0.05450575202157129
2,368,micro_ap,-0.11809963333934687
2,369,micro_ap,-0.0586979399794354
2,370,micro_ap,-0.019963864008379684
2,371,micro_ap,-0.011417539094094764
2,372,micro_ap,-0.0956856085805983
2,373,micro_ap,-0.04181704979593592
2,374,micro_ap,-0.0697789637953734
2,375,micro_ap,-0.03517737528424014
2,376,micro_ap,-0.005800485037350034
2,377,micro_ap,-0.0003508215319219521
2,378,micro_ap,-0.022185622725672705
2,379,micro_ap,-0.03529520252520674
2,380,micro_ap,-0.053546206557942844
2,381,micro_ap,-0.02684357733024556
2,382,micro_ap,-0.058292674254627835
2,383,micro_ap,-0.0799188004046531
2,384,micro_ap,-0.08062140103475343
2,385,micro_ap,-0.007893826372973867
2,386,micro_ap,-0.0381006553925769
2,387,micro_ap,-0.0781490176075828
2,388,micro_ap,-0.03153805752512795
2,389,micro_ap,-0.002712042105362189
2,390,micro_ap,0.02822562462538153
2,391,micro_ap,-0.00118578617545112
2,392,micro_ap,-0.049852425375126574
2,393,micro_ap,-0.06526757339719225
2,394,micro_ap,0.0026972807986496705
2,395,micro_ap,-0.027484825904391164
2,396,micro_ap,-0.01701557674383858
2,397,micro_ap,-0.02633046954654575
2,398,micro_ap,-0.0669582122247327
2,399,micro_ap,-0.039422205104159086
2,400,micro_ap,-0.11862783240530161
2,401,micro_ap,0.0038402902976702458
2,402,micro_ap,0.010597408834603472
2,403,micro_ap,-0.05809230167561477
2,404,micro_ap,-0.028536063518214194
2,405,micro_ap,-0.0011964865449706208
2,406,micro_ap,-0.0639058138535363
2,407,micro_ap,-0.01606500525268878
2,408,micro_ap,0.05561738971352986
2,409,micro_ap,-0.05871320799126689
2,410,micro_ap,-0.004446412993036997
2,411,micro_ap,-0.08065822987744753
2,412,micro_ap,-0.02520736245341043
2,413,micro_ap,-0.05070086289413375
2,414,micro_ap,0.05012010371785128
2,415,micro_ap,-0.049547759358770926
2,416,micro_ap,-0.03126407432986561
2,417,micro_ap,-0.0412787264991743
2,418,micro_ap,-0.03367745694448343
2,419,micro_ap,-0.03810976711683045
2,420,micro_ap,-0.05476265278530795
2,421,micro_ap,-0.04617292103254589
2,422,micro_ap,-0.05963869425797319
2,423,micro_ap,0.003673718047300212
2,424,micro_ap,-0.015038640467536973
2,425,micro_ap,0.00995923026828896
2,426,micro_ap,-0.08060215776554608
2,427,micro_ap,-0.11120161451601906
2,428,micro_ap,0.033828430144730026
2,429,micro_ap,-0.04382486833979293
2,430,micro_ap,0.006990775176559827
2,431,micro_ap,-0.061604463610991755
2,432,micro_ap,-0.0875879196233762
2,433,micro_ap,-0.03584076963498384
2,434,micro_ap,-0.07906404370545927
2,435,micro_ap,0.016829028453720418
2,436,micro_ap,-0.011620308731394247
2,437,micro_ap,-0.027299987526027636
2,438,micro_ap,-0.09967479060106632
2,439,micro_ap,-0.026191439823467888
2,440,micro_ap,-0.04658961822545732
2,441,micro_ap,-0.0616056779009527
2,442,micro_ap,-0.012012982141143436
2,443,micro_ap,-0.021727596438831043
2,444,micro_ap,-0.043467001032837904
2,445,micro_ap,-0.08062630571636661
2,446,micro_ap,-0.016169135294859582
2,447,micro_ap,-0.04621519687600045
2,448,micro_ap,-0.04117069451988492
2,449,micro_ap,0.025515317113020103
2,450,micro_ap,-0.023491634003876438
2,451,micro_ap,-0.09133074038169803
2,452,micro_ap,-0.07519745971604039
2,453,micro_ap,0.014428924467760396
2,454,micro_ap,-0.017905350652918373
2,455,micro_ap,-0.1003967668818353
2,456,micro_ap,-0.04827088938372942
2,457,micro_ap,-0.042055077779287575
2,458,micro_ap,0.009062280649547061
2,459,micro_ap,-0.009628810719453429
2,460,micro_ap,-0.06732267800761987
2,461,micro_ap,-0.010898877625924341
2,462,micro_ap,-0.049732022785549945
2,463,micro_ap,-0.07041036141081364
2,464,micro_ap,-0.017183816502514382
2,465,micro_ap,-0.10040225491755028
2,466,micro_ap,-0.09493706892444237
2,467,micro_ap,0.016819972492010227
2,468,micro_ap,-0.018034506745774226
2,469,micro_ap,-0.03311472382649433
2,470,micro_ap,-0.055025625930499755
2,471,micro_ap,-0.00641791868995556
2,472,micro_ap,-0.011223656597304899
2,473,micro_ap,-0.019741224276722646
2,474,micro_ap,-0.0546664231436893
2,475,micro_ap,-0.09130867313325247
2,476,micro_ap,-0.044528582952303886
2,477,micro_ap,-0.03504413524513811
2,478,micro_ap,-0.07326675309940958
2,479,micro_ap,-0.039632750256141436
2,480,micro_ap,0.03241739272837091
2,481,micro_ap,-0.06106833587630078
2,482,micro_ap,0.010785696494087393
2,483,micro_ap,-0.04329866702028312
2,484,micro_ap,-0.004796917708503767
2,485,micro_ap,-0.07101492726013889
2,486,micro_ap,0.028060761944776247
2,487,micro_ap,-0.06076316673991333
2,488,micro_ap,-0.0355234542765549
2,489,micro_ap,-0.048389276053990404
2,490,micro_ap,0.026125237749177632
2,491,micro_ap,-0.115338081276351
2,492,micro_ap,0.0038206669263430304
2,493,micro_ap,-0.047906101015095126
2,494,micro_ap,-0.026490118455029465
2,495,micro_ap,-0.005252577702522798
2,496,micro_ap,-0.037478709315450554
2,497,micro_ap,-0.057477744098335004
2,498,micro_ap,-0.007459520464705827
2,499,micro_ap,-0.05719267740829542
2,500,micro_ap,-0.09008865386956083
2,501,micro_ap,-0.040311586402573985
2,502,micro_ap,-0.04381412753545266
2,503,micro_ap,-0.10218645145712879
2,504,micro_ap,-0.11317983049072206
2,505,micro_ap,-0.02717396975702807
2,506,micro_ap,-0.05102769234903576
2,507,micro_ap,0.021104483630673854
2,508,micro_ap,-0.01987520175070287
2,509,micro_ap,-0.02202453147308997
2,510,micro_ap,-0.06958427885132618
2,511,micro_ap,-0.008231572353555205
2,512,micro_ap,0.0017807592536616124
2,513,micro_ap,-0.0593749924275582
2,514,micro_ap,-0.028414527531862466
2,515,micro_ap,-0.008438025084061496
2,516,micro_ap,-0.003029639261416417
2,517,micro_ap,-0.013006327517484012
2,518,micro_ap,-0.051031450044599136
2,519,micro_ap,-0.01886405718092804
2,520,micro_ap,-0.04335904349537234
2,521,micro_ap,-0.07575980839906366
2,522,micro_ap,-0.04676303342864013
2,523,micro_ap,-0.0633593001074953
2,524,micro_ap,-0.021645111195680966
2,525,micro_ap,0.027472612199781588
2,526,micro_ap,-0.036114847486853896
2,527,micro_ap,-0.05311937879276618
2,528,micro_ap,-0.03957252515000503
2,529,micro_ap,-0.07966289348314631
2,530,micro_ap,-0.04543123654213932
2,531,micro_ap,-0.06753767049160861
2,532,micro_ap,0.042145903839814786
2,533,micro_ap,-0.008037071068563273
2,534,micro_ap,-0.08202108631305502
2,535,micro_ap,-0.05333950267655224
2,536,micro_ap,-0.06316692493696885
2,537,micro_ap,-0.047345145625765195
2,538,micro_ap,-0.012145704198568863
2,539,micro_ap,-0.050046206152356054
2,540,micro_ap,-0.09972790014722244
2,541,micro_ap,0.005826874168023466
2,542,micro_ap,-0.08865893846294629
2,543,micro_ap,-0.0009157995857632939
2,544,micro_ap,-0.008574608296251007
2,545,micro_ap,0.029613409023787285
2,546,micro_ap,-0.027780652291925445
2,547,micro_ap,-0.025072932474958787
2,548,micro_ap,-0.020677697291351826
2,549,micro_ap,-0.007994379902892063
2,550,micro_ap,0.0227179712299736
2,551,micro_ap,-0.11559925367394061
2,552,micro_ap,-0.10276661655513136
2,553,micro_ap,-0.06464653489196481
2,554,micro_ap,-0.04035363192513536
2,555,micro_ap,-0.07259398949372453
2,556,micro_ap,-0.06137412743546722
2,557,micro_ap,-0.07042063559084638
2,558,micro_ap,-0.06361043862110094
2,559,micro_ap,-0.029132548917584877
2,560,micro_ap,0.02978453220414451
2,561,micro_ap,-0.016746698971882246
2,562,micro_ap,-0.06794954268787512
2,563,micro_ap,-0.024344727592549492
2,564,micro_ap,-0.03237673556307136
2,565,micro_ap,-0.014785842442571334
2,566,micro_ap,-0.022654044531190354
2,567,micro_ap,-0.05965278878747399
2,568,micro_ap,-0.0006000026165687844
2,569,micro_ap,-0.03315868703333641
2,570,micro_ap,-0.050261049605768215
2,571,micro_ap,-0.048142525350154564
2,572,micro_ap,-0.0992142817599968
2,573,micro_ap,0.033868860081348484
2,574,micro_ap,0.042890184348978455
2,575,micro_ap,-0.010320574435880858
2,576,micro_ap,-0.04330822495325226
2,577,micro_ap,-0.031512668458351045
2,578,micro_ap,-0.058319923249521316
2,579,micro_ap,-0.037354504470322736
2,580,micro_ap,0.013553266892126159
2,581,micro_ap,-0.06914885702917478
2,582,micro_ap,-0.054493669494063424
2,583,micro_ap,-0.048405463043134034
2,584,micro_ap,-0.07239905566910426
2,585,micro_ap,-0.015139201657130508
2,586,micro_ap,-0.06075847700757958
2,587,micro_ap,0.02092595121009322
2,588,micro_ap,-0.03055985267839134
2,589,micro_ap,0.0011744466253731378
2,590,micro_ap,-0.007376312247506067
2,591,micro_ap,-0.00017058071273873265
2,592,micro_ap,0.007367532455844705
2,593,micro_ap,-0.08895817907312206
2,594,micro_ap,0.012844961922804932
2,595,micro_ap,-0.032650228533699366
2,596,micro_ap,-0.016639190662216974
2,597,micro_ap,-0.042112316073085354
2,598,micro_ap,-0.10261661402914243
2,599,micro_ap,-0.03813416586674501
2,600,micro_ap,-0.0032044149390977883
2,601,micro_ap,-0.05343330253049017
2,602,micro_ap,-0.0008437990725135291
2,603,micro_ap,-0.027837147700827014
2,604,micro_ap,-0.021450304216243055
2,605,micro_ap,0.04739715448886439
2,606,micro_ap,-0.06605637145304316
2,607,micro_ap,-0.1063073605199569
2,608,micro_ap,-0.0383839788908481
2,609,micro_ap,-0.0640122520716061
2,610,micro_ap,-0.056403762054108686
2,611,micro_ap,-0.05586188518204099
2,612,micro_ap,-0.018453538311811762
2,613,micro_ap,-0.052505575531592574
2,614,micro_ap,-0.09457148814875682
2,615,micro_ap,-0.06312139924203619
2,616,micro_ap,-0.06479128870802842
2,617,micro_ap,0.03518348773492197
2,618,micro_ap,-0.03375153811839876
2,619,micro_ap,-0.10036143381584992
2,620,micro_ap,0.000986098159101223
2,621,micro_ap,-0.014947586212568253
2,622,micro_ap,-0.008118764611883988
2,623,micro_ap,-0.061144532586005274
2,624,micro_ap,-0.08031572723106026
2,625,micro_ap,-0.028651296324652964
2,626,micro_ap,-0.07897740723068314
2,627,micro_ap,0.015441784393931346
2,628,micro_ap,-0.03748882956749289
2,629,micro_ap,-0.026554886028254454
2,630,micro_ap,-0.042819788702787354
2,631,micro_ap,0.03981130658137627
2,632,micro_ap,0.02343050002739655
2,633,micro_ap,-0.0336630514846013
2,634,micro_ap,-0.08041080487981628
2,635,micro_ap,-0.07109011673434368
2,636,micro_ap,-0.04997673579716222
2,637,micro_ap,-0.04826155428816142
2,638,micro_ap,-0.01890259395460747
2,639,micro_ap,-0.07131973215899179
2,640,micro_ap,-0.054101535747236806
2,641,micro_ap,-0.06854978405247439
2,642,micro_ap,0.026501722410190165
2,643,micro_ap,-0.07388621943586754
2,644,micro_ap,-0.09407428432595177
2,645,micro_ap,-0.03426300394535736
2,646,micro_ap,-0.10261457968705404
2,647,micro_ap,-0.07044346910992355
2,648,micro_ap,0.014499046838978957
2,649,micro_ap,-0.024432774379318012
2,650,micro_ap,-0.012697160280925879
2,651,micro_ap,-0.0303331141349637
2,652,micro_ap,-0.057050719360328656
2,653,micro_ap,0.020008964253204087
2,654,micro_ap,-0.06863825735739854
2,655,micro_ap,-0.020810394865476756
2,656,micro_ap,-0.09029195670560711
2,657,micro_ap,-0.08392840907581273
2,658,micro_ap,-0.029507151749150973
2,659,micro_ap,0.0005140065434608432
2,660,micro_ap,-0.0866161429525665
2,661,micro_ap,-0.05359008742638427
2,662,micro_ap,-0.014578984160046826
2,663,micro_ap,-0.07721788963820453
2,664,micro_ap,-0.03634227113244176
2,665,micro_ap,-0.07042706630843493
2,666,micro_ap,-0.060810170790785045
2,667,micro_ap,-0.07211087368188238
2,668,micro_ap,-0.013760920339473015
2,669,micro_ap,-0.09491102586833389
2,670,micro_ap,0.021577164171688756
2,671,micro_ap,-0.08941363588276335
2,672,micro_ap,-0.07783575401508441
2,673,micro_ap,-0.095831819538097
2,674,micro_ap,0.01910984127349391
2,675,micro_ap,-0.005968689061066179
2,676,micro_ap,-0.08287428570287864
2,677,micro_ap,-0.02616594177584547
2,678,micro_ap,-0.04197510976029603
2,679,micro_ap,-0.08012827473190426
2,680,micro_ap,0.009027456115223487
2,681,micro_ap,-0.046831674194524886
2,682,micro_ap,-0.045478836494690505
2,683,micro_ap,-0.07239702413054597
2,684,micro_ap,-0.02123968747321331
2,685,micro_ap,-0.09949927345546605
2,686,micro_ap,-0.07084820920003865
2,687,micro_ap,-0.07645021866310006
2,688,micro_ap,-0.014459163644562845
2,689,micro_ap,-0.01261316138171148
2,690,micro_ap,0.024855614759323685
2,691,micro_ap,-0.05448711422940311
2,692,micro_ap,0.019128083471479485
2,693,micro_ap,-0.05085029042908623
2,694,micro_ap,-0.0812452090253663
2,695,micro_ap,-0.03312668202081498
2,696,micro_ap,0.00032802059150352503
2,697,micro_ap,-0.04121535476945154
2,698,micro_ap,-0.09590688749376114
2,699,micro_ap,-0.06417885273143958
2,700,micro_ap,-0.05692074515509721
2,701,micro_ap,-0.10889534023035594
2,702,micro_ap,-0.018244263050812615
2,703,micro_ap,-0.043262704113964545
2,704,micro_ap,-0.051448779207415
2,705,micro_ap,-0.05020518607356039
2,706,micro_ap,0.03452641070353335
2,707,micro_ap,-0.027847711723476443
2,708,micro_ap,-0.07092233272594095
2,709,micro_ap,-0.027341200765434864
2,710,micro_ap,-0.051081137379353436
2,711,micro_ap,-0.11205208671814296
2,712,micro_ap,0.02690349308235057
2,713,micro_ap,-0.11641338017974065
2,714,micro_ap,-0.01107609699866674
2,715,micro_ap,-0.07158930008527847
2,716,micro_ap,-0.047646814917805425
2,717,micro_ap,-0.018787715086171664
2,718,micro_ap,-0.033422126888554504
2,719,micro_ap,-0.026653520101969475
2,720,micro_ap,-0.04340246570329559
2,721,micro_ap,0.0039917914529792875
2,722,micro_ap,-0.045725142282900755
2,723,micro_ap,-0.04624033513867326
2,724,micro_ap,-0.004326730714458826
2,725,micro_ap,-0.04961062087224394
2,726,micro_ap,-0.06533356380483568
2,727,micro_ap,-0.04080605451923941
2,728,micro_ap,-0.054706126071225214
2,729,micro_ap,-0.0508509376071577
2,730,micro_ap,-0.07192673494547935
2,731,micro_ap,-0.018972639888858667
2,732,micro_ap,-0.015800777558509116
2,733,micro_ap,-0.06522652204568247
2,734,micro_ap,-0.0015743970906231253
2,735,micro_ap,0.016906102819143287
2,736,micro_ap,-0.07140126688717413
2,737,micro_ap,0.002085577758581425
2,738,micro_ap,-0.05860851614178486
2,739,micro_ap,-0.03125464896714475
2,740,micro_ap,-0.10196701830813301
2,741,micro_ap,-0.020813399010939954
2,742,micro_ap,-0.015587249103417355
2,743,micro_ap,-0.00525244146034709
2,744,micro_ap,-0.03979351760837746
2,745,micro_ap,-0.09042604131377949
2,746,micro_ap,-0.020947885361478125
2,747,micro_ap,0.04360385663284383
2,748,micro_ap,-0.01166611567298681
2,749,micro_ap,-0.045357552511577776
2,750,micro_ap,-0.0046715663580515765
2,751,micro_ap,-0.06318399571864672
2,752,micro_ap,-0.030334991716241155
2,753,micro_ap,-0.03602060111951222
2,754,micro_ap,-0.01640751765486015
2,755,micro_ap,0.006888672240562582
2,756,micro_ap,-0.047495578738368543
2,757,micro_ap,-0.03976298542470408
2,758,micro_ap,-0.05646549304085047
2,759,micro_ap,-0.019702071695004264
2,760,micro_ap,-0.013263715707306445
2,761,micro_ap,0.0011136111115129799
2,762,micro_ap,-0.02145931133267051
2,763,micro_ap,-0.047021133818349437
2,764,micro_ap,-0.034771663512054046
2,765,micro_ap,-0.005804944976866566
2,766,micro_ap,-0.04330641322992135
2,767,micro_ap,-0.01239794356307522
2,768,micro_ap,-0.0311402167112233
2,769,micro_ap,-0.037225943387295346
2,770,micro_ap,-0.01592013708795914
2,771,micro_ap,-0.055279641977062755
2,772,micro_ap,-0.0794242356093707
2,773,micro_ap,-0.05976941745563685
2,774,micro_ap,-0.015879365571724202
2,775,micro_ap,-0.013282054412607602
2,776,micro_ap,-0.029822023742407555
2,777,micro_ap,-0.04959942083054475
2,778,micro_ap,-0.002601979666302323
2,779,micro_ap,0.01792324295823508
2,780,micro_ap,0.006240057577481084
2,781,micro_ap,-0.0373276768768869
2,782,micro_ap,-0.04696292328896873
2,783,micro_ap,-0.06120354733246336
2,784,micro_ap,-0.0514552774668644
2,785,micro_ap,-0.05842085724929652
2,786,micro_ap,-0.02260334582562107
2,787,micro_ap,-0.11023162275753398
2,788,micro_ap,-0.04513018113844611
2,789,micro_ap,-0.04460958318091199
2,790,micro_ap,0.00991773948659097
2,791,micro_ap,-0.00722416574950463
2,792,micro_ap,-0.06733712074382375
2,793,micro_ap,-0.002689821152113636
2,794,micro_ap,-0.05184371538444699
2,795,micro_ap,-0.04785537775256121
2,796,micro_ap,-0.004539011184493957
2,797,micro_ap,-0.062455793337141796
2,798,micro_ap,-0.06580868339187573
2,799,micro_ap,-0.042769867566381264
2,800,micro_ap,-0.07145546463545827
2,801,micro_ap,-0.0033817713428749285
2,802,micro_ap,-0.005683195176227118
2,803,micro_ap,-0.024303686645975098
2,804,micro_ap,-0.061260534341763484
2,805,micro_ap,-0.06415393518676366
2,806,micro_ap,-0.09506733542182022
2,807,micro_ap,-0.0611600692037817
2,808,micro_ap,-0.10122182019292647
2,809,micro_ap,-0.03177171390260325
2,810,micro_ap,-0.10505635640198266
2,811,micro_ap,-0.06937814800605135
2,812,micro_ap,-0.011649651201282696
2,813,micro_ap,-0.022745939149594357
2,814,micro_ap,-0.06094444813306493
2,815,micro_ap,0.0022424169354438306
2,816,micro_ap,-0.009427694595029679
2,817,micro_ap,-0.011226742602559792
2,818,micro_ap,-0.0383619294321495
2,819,micro_ap,-0.043383528068920985
2,820,micro_ap,-0.02755887275936153
2,821,micro_ap,-0.05309457975510562
2,822,micro_ap,-0.07516121375877616
2,823,micro_ap,-0.0501336814353531
2,824,micro_ap,-0.08476454138874945
2,825,micro_ap,-0.0826424377809507
2,826,micro_ap,-0.0692385938018289
2,827,micro_ap,-0.06547800372808138
2,828,micro_ap,-0.05229425066464988
2,829,micro_ap,-0.010525886096646536
2,830,micro_ap,0.022858114329859347
2,831,micro_ap,-0.045616395661382314
2,832,micro_ap,-0.03467604251183398
2,833,micro_ap,-0.08320783262640527
2,834,micro_ap,-0.09367165770482785
2,835,micro_ap,-0.12198373246330513
2,836,micro_ap,0.00724778101424961
2,837,micro_ap,-0.027412660189447186
2,838,micro_ap,-0.0531241531571911
2,839,micro_ap,-0.013161524471052372
2,840,micro_ap,-0.023386277010022993
2,841,micro_ap,-0.08616063188620787
2,842,micro_ap,-0.020556636773415016
2,843,micro_ap,-0.07711709640754227
2,844,micro_ap,-0.054668971317934245
2,845,micro_ap,0.0020741860749460828
2,846,micro_ap,-0.02872972129151108
2,847,micro_ap,0.003634902680014873
2,848,micro_ap,-0.011302137743790519
2,849,micro_ap,0.0007300712704665924
2,850,micro_ap,-0.0533240287223809
2,851,micro_ap,0.010893039838618557
2,852,micro_ap,-0.01875050017092217
2,853,micro_ap,-0.06016396203428198
2,854,micro_ap,-0.03306273062005349
2,855,micro_ap,0.005769327762442544
2,856,micro_ap,-0.05172038491447606
2,857,micro_ap,-0.04250212984480828
2,858,micro_ap,-0.030275793946978213
2,859,micro_ap,-0.01754080987991824
2,860,micro_ap,-0.062393018933725064
2,861,micro_ap,-0.051208573555710124
2,862,micro_ap,-0.07771285377988874
2,863,micro_ap,-0.06710102798440734
2,864,micro_ap,-0.06029406867215631
2,865,micro_ap,-0.052696183689336124
2,866,micro_ap,-0.01211614875945316
2,867,micro_ap,-0.12809782254699256
2,868,micro_ap,0.0034604992366893406
2,869,micro_ap,-0.11827332397860851
2,870,micro_ap,-0.017284626249130908
2,871,micro_ap,-0.05815548446750063
2,872,micro_ap,-0.0793810179681092
2,873,micro_ap,-0.01392475509416674
2,874,micro_ap,-0.05726720017720288
2,875,micro_ap,-0.04350355692034086
2,876,micro_ap,-0.12007077586806841
2,877,micro_ap,-0.03385357229067287
2,878,micro_ap,-0.10441627156880862
2,879,micro_ap,-0.05891589624640042
2,880,micro_ap,-0.02266712778387392
2,881,micro_ap,-0.02160517322942973
2,882,micro_ap,-0.01979345015414455
2,883,micro_ap,-0.015264965571825523
2,884,micro_ap,-0.09066494399288072
2,885,micro_ap,-0.0619193386873223
2,886,micro_ap,-0.040934214766855714
2,887,micro_ap,-0.01387998082451386
2,888,micro_ap,-0.04652934780888196
2,889,micro_ap,-0.032143456996022
2,890,micro_ap,-0.015591217760529852
2,891,micro_ap,0.011901112347943443
2,892,micro_ap,-0.019869930462870167
2,893,micro_ap,-0.07629173780062504
2,894,micro_ap,-0.05302112607387782
2,895,micro_ap,-0.1143111095617208
2,896,micro_ap,-0.03465965840255397
2,897,micro_ap,-0.06984019180042206
2,898,micro_ap,-0.0467459738318069
2,899,micro_ap,0.005400612343774119
2,900,micro_ap,-0.0921018854666186
2,901,micro_ap,-0.04987947241918628
2,902,micro_ap,-0.046534295398069
2,903,micro_ap,-0.05793499299046939
2,904,micro_ap,-0.09201377124707044
2,905,micro_ap,-0.027414118744310934
2,906,micro_ap,-0.005370705677447574
2,907,micro_ap,-0.023919911699927993
2,908,micro_ap,-0.05730925462127354
2,909,micro_ap,-0.04515357179732399
2,910,micro_ap,-0.07575007452700255
2,911,micro_ap,0.02325280594311785
2,912,micro_ap,0.006667114213753045
2,913,micro_ap,-0.06938649092858684
2,914,micro_ap,-0.08361256616129781
2,915,micro_ap,-0.020800904217192412
2,916,micro_ap,-0.015140657591658169
2,917,micro_ap,-0.08308650373359944
2,918,micro_ap,-0.058066474088003306
2,919,micro_ap,-0.07609504753240304
2,920,micro_ap,-0.08938765271642743
2,921,micro_ap,-0.05041338183046501
2,922,micro_ap,-0.1036741681156115
2,923,micro_ap,-0.04664366634565148
2,924,micro_ap,-0.012395535230525057
2,925,micro_ap,-0.07198909154443311
2,926,micro_ap,-0.023553482081190624
2,927,micro_ap,-0.026266114035200572
2,928,micro_ap,0.04242494257973811
2,929,micro_ap,0.0599668994392919
2,930,micro_ap,-0.075403409947853
2,931,micro_ap,-0.04820094279309439
2,932,micro_ap,-0.06137939008113885
2,933,micro_ap,-0.05229796089608424
2,934,micro_ap,-0.05825600626429733
2,935,micro_ap,-0.07001635444343901
2,936,micro_ap,-0.07983407023481687
2,937,micro_ap,-0.0895549095009966
2,938,micro_ap,-0.02060560526635863
2,939,micro_ap,-0.054439519993923435
2,940,micro_ap,-0.04685855050581017
2,941,micro_ap,-0.09801492288037644
2,942,micro_ap,-0.06979598453554331
2,943,micro_ap,-0.02344309639201092
2,944,micro_ap,-0.04450205534498303
2,945,micro_ap,-0.04076883141320592
2,946,micro_ap,-0.024155786459715722
2,947,micro_ap,-0.02201683111333841
2,948,micro_ap,-0.004287949926151946
2,949,micro_ap,-0.05453576461466575
2,950,micro_ap,-0.07459718776229807
2,951,micro_ap,-0.05417671873560628
2,952,micro_ap,-0.010124352994954011
2,953,micro_ap,-0.009991761626745421
2,954,micro_ap,-0.006340182367736535
2,955,micro_ap,-0.04110612661772414
2,956,micro_ap,-0.01139226251458142
2,957,micro_ap,-0.036687879987712335
2,958,micro_ap,0.00222570377022252
2,959,micro_ap,-0.06971285147696679
2,960,micro_ap,-0.03270087875315453
2,961,micro_ap,-0.009081540395944554
2,962,micro_ap,-0.07101031879323677
2,963,micro_ap,0.01628153425066564
2,964,micro_ap,0.035433821485156225
2,965,micro_ap,-0.01645215184226817
2,966,micro_ap,-0.058429019500654766
2,967,micro_ap,-0.055286878148862906
2,968,micro_ap,0.016429642749017537
2,969,micro_ap,-0.05071598605104877
2,970,micro_ap,-0.020513222098730632
2,971,micro_ap,0.03389726382752567
2,972,micro_ap,-0.03223123915170362
2,973,micro_ap,-0.0459002627168929
2,974,micro_ap,-0.016704478062416594
2,975,micro_ap,0.040526655234130626
2,976,micro_ap,-0.035521521790528976
2,977,micro_ap,-0.003635720720301605
2,978,micro_ap,-0.023020081300155426
2,979,micro_ap,-0.020956381123507006
2,980,micro_ap,-0.057309027488123
2,981,micro_ap,-0.03365157682707404
2,982,micro_ap,-0.09357962661991331
2,983,micro_ap,-0.07004522638884952
2,984,micro_ap,-0.07478519513958914
2,985,micro_ap,-0.023231147306937483
2,986,micro_ap,-0.07280814737391939
2,987,micro_ap,-0.041537181100235576
2,988,micro_ap,-0.08312459807291389
2,989,micro_ap,-0.034104396114567004
2,990,micro_ap,-0.05780530874654988
2,991,micro_ap,-0.024201864226420733
2,992,micro_ap,-0.06917277863340954
2,993,micro_ap,-0.027115488536420373
2,994,micro_ap,-0.05116214269326125
2,995,micro_ap,-0.05170216787797033
2,996,micro_ap,-0.040008325280809054
2,997,micro_ap,0.016674974246069785
2,998,micro_ap,-0.08953797349666442
2,999,micro_ap,-0.05802199817555129
2,1000,micro_ap,-0.06690843885285189
2,1001,micro_ap,0.045196142284532226
2,1002,micro_ap,-0.0319615626801798
2,1003,micro_ap,-0.005024266338134353
2,1004,micro_ap,-0.0329910176280393
2,1005,micro_ap,-0.05163203307446851
2,1006,micro_ap,-0.060336839876386605
2,1007,micro_ap,-0.037974730833774006
2,1008,micro_ap,-0.06122416732781494
2,1009,micro_ap,-0.059918474240952146
2,1010,micro_ap,-0.13204107371177487
2,1011,micro_ap,-0.0033267782041723204
2,1012,micro_ap,-0.08258389404953453
2,1013,micro_ap,0.0268635683616891
2,1014,micro_ap,-0.08012316896087113
2,1015,micro_ap,-0.03824967638681748
2,1016,micro_ap,0.009412874014778305
2,1017,micro_ap,-0.031417201067513445
2,1018,micro_ap,-0.04278828009712793
2,1019,micro_ap,-0.043370907884002385
2,1020,micro_ap,-0.008199350767443436
2,1021,micro_ap,-0.08319177764726923
2,1022,micro_ap,-0.07987384641760611
2,1023,micro_ap,-0.04257237698523475
2,1024,micro_ap,0.03510626084412183
2,1025,micro_ap,-0.046480866477172866
2,1026,micro_ap,-0.0350025229412497
2,1027,micro_ap,-0.045818709445158756
2,1028,micro_ap,-0.06630168880970003
2,1029,micro_ap,-0.03595075458058361
2,1030,micro_ap,-0.030350814024745598
2,1031,micro_ap,-0.11087119694247943
2,1032,micro_ap,-0.01804583770724555
2,1033,micro_ap,-0.046750081991141335
2,1034,micro_ap,-0.020727738593464995
2,1035,micro_ap,0.010124280484167636
2,1036,micro_ap,-0.05322456227720529
2,1037,micro_ap,0.046163626556561754
2,1038,micro_ap,-0.03604265447252408
2,1039,micro_ap,-0.08392214201016354
2,1040,micro_ap,-0.07936807968177717
2,1041,micro_ap,-0.07651671510965374
2,1042,micro_ap,-0.06835166769761486
2,1043,micro_ap,0.004285998814261449
2,1044,micro_ap,-0.03486377855371564
2,1045,micro_ap,-0.05490124662862378
2,1046,micro_ap,-0.04187094339941483
2,1047,micro_ap,-0.011674580710256344
2,1048,micro_ap,-0.05250767433049641
2,1049,micro_ap,-0.06490688350907164
2,1050,micro_ap,-0.07806855829491338
2,1051,micro_ap,0.03303473626165754
2,1052,micro_ap,0.0006217596249832869
2,1053,micro_ap,-0.1288571016513943
2,1054,micro_ap,0.012789601666945594
2,1055,micro_ap,-0.016804505595564456
2,1056,micro_ap,-0.09091833650443878
2,1057,micro_ap,-0.025379186544652932
2,1058,micro_ap,0.04408326834926174
2,1059,micro_ap,-0.0905351043557949
2,1060,micro_ap,-0.06251567061256424
2,1061,micro_ap,-0.08167363263459948
2,1062,micro_ap,-0.04354022342667638
2,1063,micro_ap,-0.10076811412488368
2,1064,micro_ap,-0.06925590598061154
2,1065,micro_ap,-0.06303763149619115
2,1066,micro_ap,-0.0026747541216456394
2,1067,micro_ap,-0.057954331471014475
2,1068,micro_ap,-0.017695400265511474
2,1069,micro_ap,0.010578344157995523
2,1070,micro_ap,-0.04628208148343649
2,1071,micro_ap,-0.043177889891407195
2,1072,micro_ap,0.013539059990821611
2,1073,micro_ap,-0.028517659408472895
2,1074,micro_ap,-0.054467449956575875
2,1075,micro_ap,-0.06676041506994251
2,1076,micro_ap,-0.032632235173319674
2,1077,micro_ap,-0.03171024581298676
2,1078,micro_ap,-0.038763206596050925
2,1079,micro_ap,-0.02315396574385764
2,1080,micro_ap,-0.0664853186196038
2,1081,micro_ap,-0.03548040777165834
2,1082,micro_ap,-0.03174229699901854
2,1083,micro_ap,-0.07146934280619119
2,1084,micro_ap,-0.06623527488892389
2,1085,micro_ap,-0.009947773394791082
2,1086,micro_ap,-0.08424739690405453
2,1087,micro_ap,0.005394006597811862
2,1088,micro_ap,-0.08272884944254139
2,1089,micro_ap,-0.060001074971147456
2,1090,micro_ap,-0.05583230017783808
2,1091,micro_ap,-0.052548485285692115
2,1092,micro_ap,-0.0794101050542606
2,1093,micro_ap,-0.0055809502633950014
2,1094,micro_ap,-0.05459853990907759
2,1095,micro_ap,-0.022637737262450164
2,1096,micro_ap,0.028791911444688234
2,1097,micro_ap,-0.06703865963964806
2,1098,micro_ap,-0.07309690960522358
2,1099,micro_ap,0.015837438966882667
2,1100,micro_ap,-0.031072699649614732
2,1101,micro_ap,-0.03720625518307663
2,1102,micro_ap,-0.14181532231491006
2,1103,micro_ap,-0.01632721655524577
2,1104,micro_ap,-0.09932009666554775
2,1105,micro_ap,-0.042727854517161434
2,1106,micro_ap,-0.013003421423142203
2,1107,micro_ap,0.008284207121654286
2,1108,micro_ap,-0.06485995145985296
2,1109,micro_ap,-0.04316857589269141
2,1110,micro_ap,0.03295218779080994
2,1111,micro_ap,-0.09133785892670132
2,1112,micro_ap,0.0016584098173637596
2,1113,micro_ap,-0.04764196136054416
2,1114,micro_ap,-0.009837080292716571
2,1115,micro_ap,0.008297889823072502
2,1116,micro_ap,-0.021937157234034332
2,1117,micro_ap,-0.09404364568188306
2,1118,micro_ap,-0.04093800931523689
2,1119,micro_ap,-0.03781180997946454
2,1120,micro_ap,-0.05989623051009749
2,1121,micro_ap,-0.027419444776680846
2,1122,micro_ap,-0.03415450393620528
2,1123,micro_ap,0.02183262428904814
2,1124,micro_ap,-0.050819001732896274
2,1125,micro_ap,-0.006659692002063233
2,1126,micro_ap,-0.0917054465959688
2,1127,micro_ap,-0.05615148116709484
2,1128,micro_ap,-0.07209356157185903
2,1129,micro_ap,-0.009127226000301747
2,1130,micro_ap,-0.07299661685898312
2,1131,micro_ap,-0.04392833476283742
2,1132,micro_ap,0.017898359309004852
2,1133,micro_ap,-0.06425789442810836
2,1134,micro_ap,-0.012872608872753655
2,1135,micro_ap,-0.033414992925424936
2,1136,micro_ap,-0.07498357806604761
2,1137,micro_ap,-0.07442386354260638
2,1138,micro_ap,-0.11005597747917872
2,1139,micro_ap,-0.05271784130081891
2,1140,micro_ap,-0.04606336938763583
2,1141,micro_ap,-0.048003448376200825
2,1142,micro_ap,-0.07914832159626267
2,1143,micro_ap,-0.06942084999794312
2,1144,micro_ap,-0.043914045819457015
2,1145,micro_ap,-0.04701102469901647
2,1146,micro_ap,0.0046736380896397756
2,1147,micro_ap,-0.04475920558225882
2,1148,micro_ap,-0.032552676450658846
2,1149,micro_ap,-0.029344256352765996
2,1150,micro_ap,-0.03179556661584207
2,1151,micro_ap,-0.10497289159311907
2,1152,micro_ap,-0.03023309246631023
2,1153,micro_ap,-0.009539084192123737
2,1154,micro_ap,0.0197603491204289
2,1155,micro_ap,-0.05553892851408426
2,1156,micro_ap,-0.07558643437976925
2,1157,micro_ap,-0.0002580670866307866
2,1158,micro_ap,-0.06836922105425511
2,1159,micro_ap,-0.019414402547358156
2,1160,micro_ap,-0.05916662127994288
2,1161,micro_ap,-0.09609267308035102
2,1162,micro_ap,-0.026832113521226997
2,1163,micro_ap,-0.030623624218970025
2,1164,micro_ap,0.010355369087642147
2,1165,micro_ap,-0.03910045784047611
2,1166,micro_ap,0.01505778333030472
2,1167,micro_ap,-0.08869429076396973
2,1168,micro_ap,-0.04487511218587076
2,1169,micro_ap,-0.12216367609101686
2,1170,micro_ap,0.003603066513674258
2,1171,micro_ap,0.007976262628408226
2,1172,micro_ap,0.005013312564608408
2,1173,micro_ap,-0.04009978858419602
2,1174,micro_ap,-0.02522006426356288
2,1175,micro_ap,-0.01404272115201377
2,1176,micro_ap,-0.05116738829513301
2,1177,micro_ap,0.003005799400854159
2,1178,micro_ap,-0.03635541129594222
2,1179,micro_ap,-0.05015474762665309
2,1180,micro_ap,-0.01994220596486268
2,1181,micro_ap,-0.09033385924320178
2,1182,micro_ap,-0.01394027949078408
2,1183,micro_ap,-0.1099200631427307
2,1184,micro_ap,-0.030174072233431937
2,1185,micro_ap,-0.02420527573976683
2,1186,micro_ap,-0.08733368893344523
2,1187,micro_ap,-0.04131959346845876
2,1188,micro_ap,-0.05652336887494863
2,1189,micro_ap,-0.020402777636620018
2,1190,micro_ap,-0.04253739354693531
2,1191,micro_ap,-0.09767775942739906
2,1192,micro_ap,-0.047776162106011016
2,1193,micro_ap,-0.09178891133073713
2,1194,micro_ap,-0.05972672739794782
2,1195,micro_ap,-0.043453152778958865
2,1196,micro_ap,0.007452805128338236
2,1197,micro_ap,0.005240377324876755
2,1198,micro_ap,-0.06444370725667176
2,1199,micro_ap,-0.003256642915044017
2,1200,micro_ap,-0.08646045984153924
2,1201,micro_ap,-0.027487562127553433
2,1202,micro_ap,-0.025660431927663763
2,1203,micro_ap,-0.052260779288951204
2,1204,micro_ap,-0.07721564429936512
2,1205,micro_ap,-0.04033334241337849
2,1206,micro_ap,-0.07588382667245827
2,1207,micro_ap,-0.018657533800402193
2,1208,micro_ap,-0.032180478813552515
2,1209,micro_ap,-0.045477492428063426
2,1210,micro_ap,-0.007697113128473598
2,1211,micro_ap,-0.08995112148704004
2,1212,micro_ap,-0.05928451041414226
2,1213,micro_ap,-0.06769046419585137
2,1214,micro_ap,-0.037852665336087
2,1215,micro_ap,0.005185111211964466
2,1216,micro_ap,-0.041004054400228473
2,1217,micro_ap,-0.0319076453130252
2,1218,micro_ap,-0.012571285003758814
2,1219,micro_ap,-0.005623829959564175
2,1220,micro_ap,-0.050913654372173045
2,1221,micro_ap,-0.11297047864227039
2,1222,micro_ap,-0.06736128771311162
2,1223,micro_ap,0.017771741602371716
2,1224,micro_ap,-0.059635074274561606
2,1225,micro_ap,0.0015747844103020658
2,1226,micro_ap,-0.00976138609819438
2,1227,micro_ap,0.020406201894842824
2,1228,micro_ap,-0.054851433656254556
2,1229,micro_ap,-0.02946453678290889
2,1230,micro_ap,-0.12487571377961834
2,1231,micro_ap,-0.03437737719837783
2,1232,micro_ap,-0.046440590436304496
2,1233,micro_ap,-0.07223865732800105
2,1234,micro_ap,-0.07925012065847781
2,1235,micro_ap,-0.10782301093373406
2,1236,micro_ap,-0.021580945545313313
2,1237,micro_ap,0.019970773465504688
2,1238,micro_ap,0.030400536394875666
2,1239,micro_ap,-0.018696347512355327
2,1240,micro_ap,0.013232294160485325
2,1241,micro_ap,-0.0397412662454284
2,1242,micro_ap,-0.06687565430240239
2,1243,micro_ap,-0.08489834001547977
2,1244,micro_ap,-0.03559099525890491
2,1245,micro_ap,-0.012370401944642784
2,1246,micro_ap,0.044265394865544316
2,1247,micro_ap,0.024043611900475048
2,1248,micro_ap,-0.04419490631988815
2,1249,micro_ap,-0.03084394625765885
2,1250,micro_ap,-0.07638476271847952
2,1251,micro_ap,-0.053741288357306516
2,1252,micro_ap,-0.05795580058966615
2,1253,micro_ap,0.04336049444480483
2,1254,micro_ap,-0.020367673072131443
2,1255,micro_ap,-0.009776968860182922
2,1256,micro_ap,-0.08563719271331094
2,1257,micro_ap,0.016957852759040215
2,1258,micro_ap,-0.0263424717632319
2,1259,micro_ap,-0.020161806057308163
2,1260,micro_ap,-0.02611942169589715
2,1261,micro_ap,-0.0020207340195024237
2,1262,micro_ap,-0.06298671365517217
2,1263,micro_ap,-0.05910622376371133
2,1264,micro_ap,-0.046605825047365046
2,1265,micro_ap,-0.09830966500781188
2,1266,micro_ap,-0.04104011180356576
2,1267,micro_ap,-0.027709358305245457
2,1268,micro_ap,-0.014369699871231545
2,1269,micro_ap,-0.04100105448560398
2,1270,micro_ap,-0.037006260697605375
2,1271,micro_ap,-0.07059101814285818
2,1272,micro_ap,-0.023369337406877466
2,1273,micro_ap,-0.07996543038031773
2,1274,micro_ap,-0.07018531990875837
2,1275,micro_ap,-0.0399391558075981
2,1276,micro_ap,-0.004143025530657846
2,1277,micro_ap,-0.09124944612838692
2,1278,micro_ap,-0.02821961032260173
2,1279,micro_ap,-0.0054570987082264155
2,1280,micro_ap,-0.05311322900929727
2,1281,micro_ap,-0.048064219729982094
2,1282,micro_ap,-0.05725987174583669
2,1283,micro_ap,-0.07966207245984519
2,1284,micro_ap,-0.07267409234348499
2,1285,micro_ap,-0.05672836001716208
2,1286,micro_ap,-0.04541820817305775
2,1287,micro_ap,-0.0860803438087685
2,1288,micro_ap,-0.03589762557525483
2,1289,micro_ap,-0.05146246707659452
2,1290,micro_ap,-0.007460066630251616
2,1291,micro_ap,-0.03698671430717981
2,1292,micro_ap,-0.03401364398086598
2,1293,micro_ap,-0.014381579402556355
2,1294,micro_ap,-0.03631072244246575
2,1295,micro_ap,-0.026941645700909622
2,1296,micro_ap,-0.06749577737114551
2,1297,micro_ap,0.008713651595920857
2,1298,micro_ap,-0.043317569328665984
2,1299,micro_ap,-0.05109043161902782
2,1300,micro_ap,-0.04860019724643777
2,1301,micro_ap,-0.04938033599966657
2,1302,micro_ap,-0.017357145246613637
2,1303,micro_ap,0.019607154395933413
2,1304,micro_ap,-0.05508770364511523
2,1305,micro_ap,-0.11802314392038243
2,1306,micro_ap,0.020485920241493205
2,1307,micro_ap,-0.06550371983861508
2,1308,micro_ap,-0.08086117520863784
2,1309,micro_ap,-0.10220345371386702
2,1310,micro_ap,-0.0893401563980149
2,1311,micro_ap,-0.02730879639556838
2,1312,micro_ap,-0.05412367157896403
2,1313,micro_ap,-0.05587802479991738
2,1314,micro_ap,0.019869880160000797
2,1315,micro_ap,-0.028051466659215762
2,1316,micro_ap,-0.07434128413341476
2,1317,micro_ap,-0.034692638268262466
2,1318,micro_ap,-0.04599936996608772
2,1319,micro_ap,-0.06707500298987423
2,1320,micro_ap,-0.007503174970909299
2,1321,micro_ap,-0.07879418719734937
2,1322,micro_ap,-0.058799867612255086
2,1323,micro_ap,-0.013982470515041368
2,1324,micro_ap,-0.056576349667061376
2,1325,micro_ap,-0.008495785695219527
2,1326,micro_ap,0.03137631234628674
2,1327,micro_ap,-0.02026354629470406
2,1328,micro_ap,0.01743235243985347
2,1329,micro_ap,-0.07247039621232726
2,1330,micro_ap,-0.012761578621911185
2,1331,micro_ap,0.0007848925911712046
2,1332,micro_ap,-0.05537925529344212
2,1333,micro_ap,-0.08740953274218707
2,1334,micro_ap,-0.06592489559604903
2,1335,micro_ap,-0.028201869874710683
2,1336,micro_ap,-0.015229562278204767
2,1337,micro_ap,-0.022850760119879743
2,1338,micro_ap,0.013657472387544556
2,1339,micro_ap,-0.03820607876804655
2,1340,micro_ap,-0.010685561549051426
2,1341,micro_ap,-0.0937116624516697
2,1342,micro_ap,-0.06061926303082288
2,1343,micro_ap,-0.06545519875577585
2,1344,micro_ap,-0.03236372555043476
2,1345,micro_ap,-0.04015277529495265
2,1346,micro_ap,-0.03351262616890807
2,1347,micro_ap,-0.05257037759262012
2,1348,micro_ap,0.002995679431162329
2,1349,micro_ap,-0.06935532838286684
2,1350,micro_ap,-0.0983117282830196
2,1351,micro_ap,-0.04786003327608809
2,1352,micro_ap,-0.021482084025640058
2,1353,micro_ap,-0.05679232291553116
2,1354,micro_ap,-0.05982273481647116
2,1355,micro_ap,-0.03243682151386296
2,1356,micro_ap,-0.008431103725905303
2,1357,micro_ap,-0.05805075210414776
2,1358,micro_ap,-0.0038504978304336746
2,1359,micro_ap,-0.001408239745958495
2,1360,micro_ap,-0.07460278514361521
2,1361,micro_ap,-0.04787491648017489
2,1362,micro_ap,-0.046395258185912724
2,1363,micro_ap,-0.08054485056418426
2,1364,micro_ap,-0.06746941352467867
2,1365,micro_ap,-0.02181940927230308
2,1366,micro_ap,-0.030412322200909808
2,1367,micro_ap,-0.05442232372675965
2,1368,micro_ap,-0.021821681484049227
2,1369,micro_ap,-0.03968541948542742
2,1370,micro_ap,0.05406658658339586
2,1371,micro_ap,-0.04656024888121674
2,1372,micro_ap,0.0031405790899180497
2,1373,micro_ap,-0.03530274281063567
2,1374,micro_ap,-0.0390431397836043
2,1375,micro_ap,0.022022272660599584
2,1376,micro_ap,0.002708779159252106
2,1377,micro_ap,-0.083773278645845
2,1378,micro_ap,-0.027527777715966484
2,1379,micro_ap,-0.012688455701328372
2,1380,micro_ap,-0.04502374259652925
2,1381,micro_ap,0.02923452380864089
2,1382,micro_ap,0.026648991401124256
2,1383,micro_ap,-0.032772021435890114
2,1384,micro_ap,-0.04530822583254518
2,1385,micro_ap,-0.02970627037401502
2,1386,micro_ap,-0.01502634656301019
2,1387,micro_ap,-0.06634600132381985
2,1388,micro_ap,-0.013241488682498137
2,1389,micro_ap,-0.016544311407104495
2,1390,micro_ap,-0.07683316819871844
2,1391,micro_ap,-0.02622858948879997
2,1392,micro_ap,0.004804577793308229
2,1393,micro_ap,-0.0033107080500969777
2,1394,micro_ap,-0.12205504098718478
2,1395,micro_ap,0.012736314855889386
2,1396,micro_ap,-0.07864687767557199
2,1397,micro_ap,-0.03432352391009702
2,1398,micro_ap,-0.06303131502079562
2,1399,micro_ap,0.05935349100890014
2,1400,micro_ap,0.002700833971367944
2,1401,micro_ap,-0.08075196175349508
2,1402,micro_ap,-0.1117191080503484
2,1403,micro_ap,-0.023428455153455263
2,1404,micro_ap,-0.07331278267067123
2,1405,micro_ap,0.009384508686314741
2,1406,micro_ap,5.5394034571332185e-05
2,1407,micro_ap,-0.07789676567985909
2,1408,micro_ap,-0.0692628119384106
2,1409,micro_ap,-0.003049933942379124
2,1410,micro_ap,0.0013409727274023009
2,1411,micro_ap,-0.043848664713101226
2,1412,micro_ap,-0.056034786016781524
2,1413,micro_ap,-0.05222274754042139
2,1414,micro_ap,-0.05831929238245537
2,1415,micro_ap,-0.0533718256398521
2,1416,micro_ap,-0.06884528248830427
2,1417,micro_ap,-0.02309213139238525
2,1418,micro_ap,-0.06755156559646
2,1419,micro_ap,-0.0641250318906495
2,1420,micro_ap,-0.002121302372525169
2,1421,micro_ap,-0.012903511804046475
2,1422,micro_ap,-0.0243497204319581
2,1423,micro_ap,-0.056443520650847956
2,1424,micro_ap,-0.023247427382464936
2,1425,micro_ap,-0.009384187312096948
2,1426,micro_ap,-0.03973507583645097
2,1427,micro_ap,-0.10801028277142363
2,1428,micro_ap,-0.07930821811384128
2,1429,micro_ap,-0.060508442373167104
2,1430,micro_ap,-0.05385198007829317
2,1431,micro_ap,-0.06616625102943227
2,1432,micro_ap,0.012758357232171724
2,1433,micro_ap,-0.11769968038363854
2,1434,micro_ap,-0.0768802561434831
2,1435,micro_ap,-0.01206988510573026
2,1436,micro_ap,-0.004828610036048009
2,1437,micro_ap,-0.007565468764781091
2,1438,micro_ap,-0.028006341476447816
2,1439,micro_ap,-0.028631348892108888
2,1440,micro_ap,-0.01957979074209587
2,1441,micro_ap,-0.06656358801423523
2,1442,micro_ap,-0.031586433409810155
2,1443,micro_ap,-0.07616643894556469
2,1444,micro_ap,-0.03301161003952782
2,1445,micro_ap,-0.07662723949786954
2,1446,micro_ap,-0.03381788154939808
2,1447,micro_ap,-0.024007100536321546
2,1448,micro_ap,-0.030773983875914346
2,1449,micro_ap,-0.0513795940760676
2,1450,micro_ap,0.01141599096141066
2,1451,micro_ap,0.017566960557059752
2,1452,micro_ap,-0.12011059899354648
2,1453,micro_ap,-0.011471141077391445
2,1454,micro_ap,-0.024380374610074862
2,1455,micro_ap,-0.07350426365176224
2,1456,micro_ap,-0.04976893250929626
2,1457,micro_ap,-0.005493317236596407
2,1458,micro_ap,-0.06843301286717351
2,1459,micro_ap,-0.06594912779531703
2,1460,micro_ap,-0.05528293624218203
2,1461,micro_ap,-0.06522994260879283
2,1462,micro_ap,-0.048931053837931004
2,1463,micro_ap,-0.05673148696003133
2,1464,micro_ap,-0.021004463933750772
2,1465,micro_ap,-0.03910322806125438
2,1466,micro_ap,-0.09915924905471171
2,1467,micro_ap,-0.05835981148422675
2,1468,micro_ap,0.017213341965197637
2,1469,micro_ap,-0.06804833330946347
2,1470,micro_ap,-0.030679068011757016
2,1471,micro_ap,-0.036282404276309355
2,1472,micro_ap,-0.032950382609524265
2,1473,micro_ap,-0.08506547804823242
2,1474,micro_ap,-0.0420259982063258
2,1475,micro_ap,-0.04544499303789476
2,1476,micro_ap,-0.02736882763413237
2,1477,micro_ap,-0.02025655772462348
2,1478,micro_ap,-0.0011251748160384656
2,1479,micro_ap,-0.06183239880120045
2,1480,micro_ap,0.022201560030915446
2,1481,micro_ap,-0.05185075332490846
2,1482,micro_ap,0.004685168454260424
2,1483,micro_ap,0.024738646369217965
2,1484,micro_ap,-0.05372602887075484
2,1485,micro_ap,-0.047101935458198546
2,1486,micro_ap,-0.07899003187737252
2,1487,micro_ap,-0.07206398598830524
2,1488,micro_ap,-0.09879662868980377
2,1489,micro_ap,-0.009636113747806263
2,1490,micro_ap,-0.049676665447109525
2,1491,micro_ap,-0.07631976545838084
2,1492,micro_ap,-0.08201962873580154
2,1493,micro_ap,-0.011522796982656125
2,1494,micro_ap,-0.0697622864719703
2,1495,micro_ap,-0.05356550898772078
2,1496,micro_ap,-0.0741790469938785
2,1497,micro_ap,0.006675011229845373
2,1498,micro_ap,-0.07532907086406948
2,1499,micro_ap,-0.05210358633670209
2,1500,micro_ap,-0.04164313468817055
2,1501,micro_ap,-0.10855942476561364
2,1502,micro_ap,0.010948337448450307
2,1503,micro_ap,-0.043691944087401235
2,1504,micro_ap,-0.03414914157091775
2,1505,micro_ap,-0.05396627777841423
2,1506,micro_ap,-0.06239781221780094
2,1507,micro_ap,0.0028793530526493583
2,1508,micro_ap,-0.0008645626633550507
2,1509,micro_ap,-0.039243423979665126
2,1510,micro_ap,-0.0653364170704745
2,1511,micro_ap,-0.01057973035057469
2,1512,micro_ap,-0.05046135932253254
2,1513,micro_ap,-0.01986425271568748
2,1514,micro_ap,-0.04165585198853372
2,1515,micro_ap,-0.07265608027136056
2,1516,micro_ap,-0.019657346678507603
2,1517,micro_ap,0.00878075154328073
2,1518,micro_ap,-0.01698276635268625
2,1519,micro_ap,-0.06574273579153206
2,1520,micro_ap,-0.08865919492885838
2,1521,micro_ap,-0.04243283640882958
2,1522,micro_ap,-0.04735651022143755
2,1523,micro_ap,-0.09492376974382943
2,1524,micro_ap,-0.0821822026611857
2,1525,micro_ap,-0.01587726488651192
2,1526,micro_ap,-0.004450815756920079
2,1527,micro_ap,-0.05623182629716944
2,1528,micro_ap,-0.06831619806122224
2,1529,micro_ap,-0.04113169578973902
2,1530,micro_ap,-0.0038849911031742512
2,1531,micro_ap,0.021072077551132773
2,1532,micro_ap,-0.06241002126277323
2,1533,micro_ap,-0.008805968176826107
2,1534,micro_ap,-0.08625744506850258
2,1535,micro_ap,0.03607433545242361
2,1536,micro_ap,-0.054875506273293406
2,1537,micro_ap,-0.014981948309448767
2,1538,micro_ap,-0.05242859135970962
2,1539,micro_ap,-0.05609952263424031
2,1540,micro_ap,-0.05857735392746921
2,1541,micro_ap,-0.09288625584378377
2,1542,micro_ap,-0.07897820352671575
2,1543,micro_ap,-0.07795941549843832
2,1544,micro_ap,-0.07866426045926372
2,1545,micro_ap,-0.05305593574320608
2,1546,micro_ap,0.019469189347986054
2,1547,micro_ap,-0.02413442020593376
2,1548,micro_ap,0.0752480698198233
2,1549,micro_ap,-0.060741719594337384
2,1550,micro_ap,-0.058393731588232634
2,1551,micro_ap,-0.03726819148169325
2,1552,micro_ap,-0.037585041941783554
2,1553,micro_ap,-0.1290609533939692
2,1554,micro_ap,-0.06147729970089913
2,1555,micro_ap,-0.03999140068856935
2,1556,micro_ap,-0.05381761383598732
2,1557,micro_ap,-0.07542020424333873
2,1558,micro_ap,-0.04999374349368496
2,1559,micro_ap,-0.06749112426995413
2,1560,micro_ap,-0.016915895160405925
2,1561,micro_ap,0.059552159765010104
2,1562,micro_ap,0.04396950987543091
2,1563,micro_ap,-0.03789020471776672
2,1564,micro_ap,-0.0538705021768231
2,1565,micro_ap,-0.08092172156242572
2,1566,micro_ap,-0.04260288977194565
2,1567,micro_ap,-0.02133076431493014
2,1568,micro_ap,-0.04434209629862468
2,1569,micro_ap,-0.031085926331188174
2,1570,micro_ap,-0.05838621499767552
2,1571,micro_ap,0.010833280754237617
2,1572,micro_ap,-0.06620307323514477
2,1573,micro_ap,-0.08320802593660037
2,1574,micro_ap,0.0013498772898251077
2,1575,micro_ap,-0.015417700285536406
2,1576,micro_ap,-0.05122833111307487
2,1577,micro_ap,0.016914023903117636
2,1578,micro_ap,-0.05674053974209414
2,1579,micro_ap,-0.02222010927871282
2,1580,micro_ap,-0.024560909362633887
2,1581,micro_ap,-0.032178098953593526
2,1582,micro_ap,-0.05412817866161046
2,1583,micro_ap,-0.11609593321434364
2,1584,micro_ap,0.01755792925368377
2,1585,micro_ap,-0.030022127951982447
2,1586,micro_ap,0.0010111981531221725
2,1587,micro_ap,-0.09625099939014109
2,1588,micro_ap,-0.04631422530195067
2,1589,micro_ap,0.011510088638903071
2,1590,micro_ap,-0.07226566918928978
2,1591,micro_ap,-0.02764253097396746
2,1592,micro_ap,-0.015960687290701048
2,1593,micro_ap,-0.0718479420216219
2,1594,micro_ap,-0.05482256766538601
2,1595,micro_ap,-0.04194888400346369
2,1596,micro_ap,-0.0438335227675809
2,1597,micro_ap,-0.047849665538218344
2,1598,micro_ap,-0.04089931796953461
2,1599,micro_ap,-0.0292849621306846
2,1600,micro_ap,-0.0008462969270885967
2,1601,micro_ap,-0.03240647137496966
2,1602,micro_ap,-0.04068897235270558
2,1603,micro_ap,-0.013037203232096672
2,1604,micro_ap,-0.024192150975149873
2,1605,micro_ap,-0.10272228383262041
2,1606,micro_ap,-0.05133596175093641
2,1607,micro_ap,-0.05431327165253358
2,1608,micro_ap,-0.028266267367829223
2,1609,micro_ap,-0.03172597177777048
2,1610,micro_ap,0.004637511423371432
2,1611,micro_ap,-0.09433539702401081
2,1612,micro_ap,-0.07032099063159936
2,1613,micro_ap,-0.11301041862807115
2,1614,micro_ap,-0.04165256532465478
2,1615,micro_ap,-0.03905613440984468
2,1616,micro_ap,-0.07202844997367952
2,1617,micro_ap,0.02588538806147317
2,1618,micro_ap,-0.11551313768221075
2,1619,micro_ap,0.006781675655545993
2,1620,micro_ap,-0.02626918337151185
2,1621,micro_ap,-0.08061893045837809
2,1622,micro_ap,0.00047702999675358626
2,1623,micro_ap,-0.08356437026556451
2,1624,micro_ap,-0.05924764420767531
2,1625,micro_ap,-0.0895836682413377
2,1626,micro_ap,-0.056339016182509305
2,1627,micro_ap,-0.06958004987978739
2,1628,micro_ap,-0.039992529258450205
2,1629,micro_ap,-0.10835376919089587
2,1630,micro_ap,-0.04838533439094095
2,1631,micro_ap,-0.04415170776144939
2,1632,micro_ap,-0.030130565536776677
2,1633,micro_ap,-0.018124209627542964
2,1634,micro_ap,-0.022022254809357017
2,1635,micro_ap,-0.0636520052835085
2,1636,micro_ap,-0.08238488343847092
2,1637,micro_ap,-0.044656076084109014
2,1638,micro_ap,0.01231452517671694
2,1639,micro_ap,-0.03924064915435421
2,1640,micro_ap,-0.08784818533940497
2,1641,micro_ap,-0.05256936929773204
2,1642,micro_ap,-0.10046367311604937
2,1643,micro_ap,0.00047223458941692
2,1644,micro_ap,0.06600306392972882
2,1645,micro_ap,0.0030459881002264932
2,1646,micro_ap,-0.05636418604365359
2,1647,micro_ap,-0.07752013624849069
2,1648,micro_ap,-0.04411176372252065
2,1649,micro_ap,-0.08378655407736546
2,1650,micro_ap,-0.06134328283644441
2,1651,micro_ap,-0.014204269722189744
2,1652,micro_ap,-0.06579941840513276
2,1653,micro_ap,-0.058339106859144535
2,1654,micro_ap,-0.0353409460877398
2,1655,micro_ap,-0.08063941910900596
2,1656,micro_ap,-0.0660931887935926
2,1657,micro_ap,-0.045682198046375105
2,1658,micro_ap,-0.06264429584818393
2,1659,micro_ap,-0.031191502058040166
2,1660,micro_ap,-0.03697423970485042
2,1661,micro_ap,-0.051133870247362406
2,1662,micro_ap,-0.09114161047509034
2,1663,micro_ap,-0.04684896683086048
2,1664,micro_ap,-0.04310880671067241
2,1665,micro_ap,-0.07972506673116558
2,1666,micro_ap,-0.081827994963935
2,1667,micro_ap,-0.0054395926536841
2,1668,micro_ap,-0.0042344229840967085
2,1669,micro_ap,-0.012439850619091086
2,1670,micro_ap,-0.08015364187329005
2,1671,micro_ap,-0.07214350344190743
2,1672,micro_ap,-0.021241154875208723
2,1673,micro_ap,-0.08043333880983472
2,1674,micro_ap,-0.034563800771997444
2,1675,micro_ap,-0.08998399569053722
2,1676,micro_ap,-0.03730586997975055
2,1677,micro_ap,-0.0668369340303493
2,1678,micro_ap,-0.013692634688973915
2,1679,micro_ap,-0.06777581660440873
2,1680,micro_ap,0.0077787566911878825
2,1681,micro_ap,-0.10187652426495342
2,1682,micro_ap,-0.019790710400827083
2,1683,micro_ap,-0.030439102563506293
2,1684,micro_ap,-0.05914078533516309
2,1685,micro_ap,-0.0491322206725599
2,1686,micro_ap,-0.0858515970055942
2,1687,micro_ap,-0.055243933138631074
2,1688,micro_ap,-0.05798854327911923
2,1689,micro_ap,-0.0939149988502869
2,1690,micro_ap,-0.10128669378336597
2,1691,micro_ap,-0.008961732039219295
2,1692,micro_ap,0.008965924474808873
2,1693,micro_ap,0.012151321848067498
2,1694,micro_ap,-0.053072735474615884
2,1695,micro_ap,-0.051432220629849146
2,1696,micro_ap,-0.024004321579639387
2,1697,micro_ap,-0.0063860701892048954
2,1698,micro_ap,0.0019105992714092968
2,1699,micro_ap,-0.028864429986298457
2,1700,micro_ap,-0.053274071962230274
2,1701,micro_ap,0.056264057811673485
2,1702,micro_ap,-0.09019075589006437
2,1703,micro_ap,-0.04900387015589397
2,1704,micro_ap,-0.00585083575417894
2,1705,micro_ap,0.0010550160963856414
2,1706,micro_ap,0.01653993622230371
2,1707,micro_ap,-0.004211041218402156
2,1708,micro_ap,-0.010046099076028048
2,1709,micro_ap,-0.008396930673224667
2,1710,micro_ap,-0.09682697495367379
2,1711,micro_ap,-0.004506628235009857
2,1712,micro_ap,0.014024987832593871
2,1713,micro_ap,-0.06818285832746149
2,1714,micro_ap,-0.04879707409892803
2,1715,micro_ap,-0.04809614795418138
2,1716,micro_ap,-0.051738385913376705
2,1717,micro_ap,-0.06991698839223484
2,1718,micro_ap,-0.03134808937669553
2,1719,micro_ap,-0.041746493566965526
2,1720,micro_ap,0.023698619385229547
2,1721,micro_ap,-0.03468692183347516
2,1722,micro_ap,-0.08117386217231065
2,1723,micro_ap,-0.04736112747094218
2,1724,micro_ap,-0.02195581158876239
2,1725,micro_ap,-0.03827978036471652
2,1726,micro_ap,-0.057966192078624135
2,1727,micro_ap,-0.024483702578139865
2,1728,micro_ap,-0.030501816196766063
2,1729,micro_ap,-0.05917233481081957
2,1730,micro_ap,-0.06458900314428168
2,1731,micro_ap,-0.01727519530770133
2,1732,micro_ap,-0.06994404814757407
2,1733,micro_ap,-0.10144848713388127
2,1734,micro_ap,-0.03021341950335782
2,1735,micro_ap,-0.04727208050642984
2,1736,micro_ap,-0.002555287503248016
2,1737,micro_ap,-0.026410686014979756
2,1738,micro_ap,-0.07464304410885209
2,1739,micro_ap,-0.053206792649386436
2,1740,micro_ap,-0.0037233869578136014
2,1741,micro_ap,-0.05967998857156914
2,1742,micro_ap,-0.033726709918938114
2,1743,micro_ap,-0.07491030855737812
2,1744,micro_ap,-0.05933224370842147
2,1745,micro_ap,-0.01582943160842165
2,1746,micro_ap,-0.0018506198815790853
2,1747,micro_ap,-0.05246350313383552
2,1748,micro_ap,-0.0833971001867519
2,1749,micro_ap,-0.014760791971928255
2,1750,micro_ap,-0.035714583476806894
2,1751,micro_ap,-0.08640588409362504
2,1752,micro_ap,-0.07626877569290058
2,1753,micro_ap,-0.08084093862972808
2,1754,micro_ap,-0.056556409825049725
2,1755,micro_ap,-0.018655627169111677
2,1756,micro_ap,-0.018109861175862052
2,1757,micro_ap,-0.0019217826675870242
2,1758,micro_ap,-0.02060061081380904
2,1759,micro_ap,-0.054703744635088425
2,1760,micro_ap,-0.04655173033768589
2,1761,micro_ap,0.022104717563750376
2,1762,micro_ap,0.015036572802749615
2,1763,micro_ap,-0.052371231203966695
2,1764,micro_ap,-0.04507465495356747
2,1765,micro_ap,-0.09223508617030146
2,1766,micro_ap,-0.10390905376581139
2,1767,micro_ap,-0.07285079787629628
2,1768,micro_ap,0.008700035354266888
2,1769,micro_ap,-0.016808483816667996
2,1770,micro_ap,-0.10952700194203202
2,1771,micro_ap,-0.0602215183109282
2,1772,micro_ap,-0.07194952061386625
2,1773,micro_ap,-0.02952092151838115
2,1774,micro_ap,-0.04517126318059278
2,1775,micro_ap,-0.010263182566134954
2,1776,micro_ap,-0.05176157939847903
2,1777,micro_ap,-0.06168106383890476
2,1778,micro_ap,-0.026216594647033686
2,1779,micro_ap,-0.05410918977050888
2,1780,micro_ap,-0.05487989974910101
2,1781,micro_ap,-0.003433402048324402
2,1782,micro_ap,-0.018461770901753438
2,1783,micro_ap,0.05874861263714104
2,1784,micro_ap,-0.05684692279026321
2,1785,micro_ap,0.011275851885197308
2,1786,micro_ap,-0.021291066571801798
2,1787,micro_ap,-0.06599363711604511
2,1788,micro_ap,-0.08443884402550927
2,1789,micro_ap,-0.05641870812180322
2,1790,micro_ap,-0.0792058452784486
2,1791,micro_ap,-0.07790630872498788
2,1792,micro_ap,-0.07116229217754913
2,1793,micro_ap,-0.09069988476274493
2,1794,micro_ap,-0.031235726025004018
2,1795,micro_ap,-0.06362239676440506
2,1796,micro_ap,-0.046233477154523195
2,1797,micro_ap,-0.020942811331706557
2,1798,micro_ap,-0.08180984660973273
2,1799,micro_ap,-0.027097543707832156
2,1800,micro_ap,-0.03834794855333984
2,1801,micro_ap,-0.07954862733477897
2,1802,micro_ap,-0.057526251557828145
2,1803,micro_ap,-0.0951121596151811
2,1804,micro_ap,0.04103545216886467
2,1805,micro_ap,-0.0794908266043832
2,1806,micro_ap,-0.07161134962183935
2,1807,micro_ap,-0.040906184129556544
2,1808,micro_ap,-0.029601416008861736
2,1809,micro_ap,-0.04495317921418546
2,1810,micro_ap,-0.05370191261924229
2,1811,micro_ap,0.00469395500031361
2,1812,micro_ap,-0.05340925212324693
2,1813,micro_ap,0.019422143008290926
2,1814,micro_ap,-0.07053364564925729
2,1815,micro_ap,-0.002795412496010119
2,1816,micro_ap,-0.044808173877944335
2,1817,micro_ap,-0.06577401593925042
2,1818,micro_ap,-0.053249533297213436
2,1819,micro_ap,0.00806545586213725
2,1820,micro_ap,-0.07115207711318461
2,1821,micro_ap,0.021484859195683825
2,1822,micro_ap,-0.017255478716666717
2,1823,micro_ap,-0.05698331262862438
2,1824,micro_ap,-0.0494103500546646
2,1825,micro_ap,-0.05156651359860065
2,1826,micro_ap,-0.030619419726407915
2,1827,micro_ap,-0.07350224818239498
2,1828,micro_ap,-0.018020184583908194
2,1829,micro_ap,-0.10425671563001154
2,1830,micro_ap,0.01223539372461141
2,1831,micro_ap,-0.10211290592553723
2,1832,micro_ap,0.017340855329830207
2,1833,micro_ap,-0.047973225262721575
2,1834,micro_ap,0.0015133094331920005
2,1835,micro_ap,-0.0569444282634341
2,1836,micro_ap,-0.0552577263989561
2,1837,micro_ap,0.018270994902699733
2,1838,micro_ap,0.0314202136329742
2,1839,micro_ap,-0.06172232534972932
2,1840,micro_ap,-0.04294857016662329
2,1841,micro_ap,-0.06742566774479283
2,1842,micro_ap,-0.11075561894967736
2,1843,micro_ap,-0.058354735654158996
2,1844,micro_ap,-0.0663971067118988
2,1845,micro_ap,-0.0643894443194559
2,1846,micro_ap,-0.03276826225276952
2,1847,micro_ap,0.02967055439870886
2,1848,micro_ap,-0.012743838973202581
2,1849,micro_ap,-0.04161990055615994
2,1850,micro_ap,-0.0728334703278524
2,1851,micro_ap,-0.04554622197227781
2,1852,micro_ap,-0.03174668077694265
2,1853,micro_ap,-0.05196170819338525
2,1854,micro_ap,-0.04810102395804555
2,1855,micro_ap,-0.09071218197341255
2,1856,micro_ap,0.007185733123960092
2,1857,micro_ap,-0.03837005568391677
2,1858,micro_ap,-0.0033748176919286
2,1859,micro_ap,-0.028442948129019374
2,1860,micro_ap,0.011330370234349352
2,1861,micro_ap,-0.05619979584726109
2,1862,micro_ap,-0.08433381850332267
2,1863,micro_ap,-0.08066031508086857
2,1864,micro_ap,-0.009133919078969932
2,1865,micro_ap,0.017178639117065575
2,1866,micro_ap,-0.031917450180506735
2,1867,micro_ap,-0.0218502694805483
2,1868,micro_ap,-0.05158875882882574
2,1869,micro_ap,-0.05820185672364331
2,1870,micro_ap,-0.007768485254698698
2,1871,micro_ap,-0.009839293680121597
2,1872,micro_ap,-0.06194523013157305
2,1873,micro_ap,-0.02889046846600818
2,1874,micro_ap,0.03307865739975491
2,1875,micro_ap,0.008754443131314793
2,1876,micro_ap,-0.021037317743037687
2,1877,micro_ap,-0.07573938939128427
2,1878,micro_ap,-0.06484836122305257
2,1879,micro_ap,-0.10934245111871835
2,1880,micro_ap,-0.02282572034317981
2,1881,micro_ap,-0.07382702688370019
2,1882,micro_ap,0.039746810526550824
2,1883,micro_ap,-0.07181524594274724
2,1884,micro_ap,-0.06158637823310603
2,1885,micro_ap,-0.034361920762087717
2,1886,micro_ap,0.04261625475111719
2,1887,micro_ap,-0.02860034756073704
2,1888,micro_ap,-0.022067450990209014
2,1889,micro_ap,-0.061351026847447865
2,1890,micro_ap,0.04845065243442015
2,1891,micro_ap,-0.022141018086957287
2,1892,micro_ap,-0.10800308889883303
2,1893,micro_ap,-0.10006313956705032
2,1894,micro_ap,-0.03771578247602553
2,1895,micro_ap,-0.01759528758990453
2,1896,micro_ap,-0.06102576512155772
2,1897,micro_ap,-0.09860052765740773
2,1898,micro_ap,-0.0585032472116806
2,1899,micro_ap,-0.057435640675592314
2,1900,micro_ap,-0.04963332694408659
2,1901,micro_ap,-0.03557662466060446
2,1902,micro_ap,-0.04244677283896678
2,1903,micro_ap,-0.05121765084951632
2,1904,micro_ap,-0.0622699324348546
2,1905,micro_ap,-0.10799282460400178
2,1906,micro_ap,-0.05274449183304902
2,1907,micro_ap,-0.015140804895477866
2,1908,micro_ap,-0.002578108740276419
2,1909,micro_ap,-0.09239955468184166
2,1910,micro_ap,-0.06585713093349921
2,1911,micro_ap,-0.10450892907187517
2,1912,micro_ap,-0.027995419067318977
2,1913,micro_ap,-0.0006573205619342382
2,1914,micro_ap,-0.03970385011628738
2,1915,micro_ap,-0.07610636390234438
2,1916,micro_ap,-0.010046311841482636
2,1917,micro_ap,-0.011363936750705295
2,1918,micro_ap,0.01901201631006988
2,1919,micro_ap,-0.0730897703248641
2,1920,micro_ap,-0.06382122368310439
2,1921,micro_ap,-0.025730989632078427
2,1922,micro_ap,-0.07666333434699896
2,1923,micro_ap,-0.033926182475149114
2,1924,micro_ap,-0.013831091704953391
2,1925,micro_ap,-0.07102311940603157
2,1926,micro_ap,-0.08468997745584439
2,1927,micro_ap,0.005792163066024092
2,1928,micro_ap,-0.09994543289206365
2,1929,micro_ap,-0.0697103307764369
2,1930,micro_ap,-0.11594749907181906
2,1931,micro_ap,-0.078391496777726
2,1932,micro_ap,-0.06378469076821863
2,1933,micro_ap,-0.04774625479004818
2,1934,micro_ap,0.013910704462972212
2,1935,micro_ap,-0.09301471546721266
2,1936,micro_ap,-0.019558188699950296
2,1937,micro_ap,-0.047585257979218754
2,1938,micro_ap,-0.0396935281804561
2,1939,micro_ap,-0.08790248308470139
2,1940,micro_ap,-0.04212338267927895
2,1941,micro_ap,-0.04331812195264459
2,1942,micro_ap,0.0019259236605823071
2,1943,micro_ap,-0.02340366907039723
2,1944,micro_ap,0.007509619576284987
2,1945,micro_ap,-0.06307789146236908
2,1946,micro_ap,-0.0734937761537966
2,1947,micro_ap,-0.03261565231918517
2,1948,micro_ap,-0.023169347157024567
2,1949,micro_ap,-0.023964137241451466
2,1950,micro_ap,-0.06480549495350404
2,1951,micro_ap,-0.061730725258946434
2,1952,micro_ap,-0.05307253855514671
2,1953,micro_ap,-0.02765331164033147
2,1954,micro_ap,-0.054631301619600864
2,1955,micro_ap,-0.021033829740942755
2,1956,micro_ap,-0.020285437534054596
2,1957,micro_ap,-0.049403788045734365
2,1958,micro_ap,-0.07585039909459163
2,1959,micro_ap,-0.016896711553515187
2,1960,micro_ap,-0.09116161859344102
2,1961,micro_ap,0.016002393110400692
2,1962,micro_ap,-0.05465584208055407
2,1963,micro_ap,0.030333579341310812
2,1964,micro_ap,-0.04249486755813131
2,1965,micro_ap,-0.04653022483183822
2,1966,micro_ap,-0.043239242164615055
2,1967,micro_ap,-0.0778378340491902
2,1968,micro_ap,-0.051647862900291386
2,1969,micro_ap,0.004376669237756092
2,1970,micro_ap,-0.015814936845433614
2,1971,micro_ap,-0.04091346591310191
2,1972,micro_ap,-0.02962716373547214
2,1973,micro_ap,-0.08179636101278664
2,1974,micro_ap,-0.03881191350769558
2,1975,micro_ap,-0.05533428431709536
2,1976,micro_ap,-0.04821279729642619
2,1977,micro_ap,-0.07530054633993397
2,1978,micro_ap,-0.07857954849641396
2,1979,micro_ap,-0.08063403829436899
2,1980,micro_ap,0.013362642757369203
2,1981,micro_ap,-0.050965303375103854
2,1982,micro_ap,-0.04223693153539576
2,1983,micro_ap,-0.0598429503546338
2,1984,micro_ap,-0.08991806128680668
2,1985,micro_ap,-0.0552236099964761
2,1986,micro_ap,-0.021670847730087983
2,1987,micro_ap,-0.058185591767744044
2,1988,micro_ap,-0.019839424125613264
2,1989,micro_ap,-0.038270594648221024
2,1990,micro_ap,-0.04413293914418748
2,1991,micro_ap,0.0008492428460237234
2,1992,micro_ap,-0.01359034055464331
2,1993,micro_ap,-0.006874355127795606
2,1994,micro_ap,-0.031230413606134044
2,1995,micro_ap,-0.06040656564422078
2,1996,micro_ap,-0.07566468847748231
2,1997,micro_ap,-0.071644717809067
2,1998,micro_ap,-0.04512453938380401
2,1999,micro_ap,0.03712881992094458
3,0,macro_roc_auc,0.002579993584187923
3,1,macro_roc_auc,0.012334668086799505
3,2,macro_roc_auc,0.003049201641687427
3,3,macro_roc_auc,0.0075477990163069775
3,4,macro_roc_auc,-0.0063775839209578855
3,5,macro_roc_auc,-0.0031972069847981954
3,6,macro_roc_auc,0.010620290669030363
3,7,macro_roc_auc,-0.00037331991315991964
3,8,macro_roc_auc,0.018588222324069426
3,9,macro_roc_auc,0.012410370861459574
3,10,macro_roc_auc,0.009950152631322817
3,11,macro_roc_auc,-0.011671999166385172
3,12,macro_roc_auc,0.003929566220119418
3,13,macro_roc_auc,0.007212795078044176
3,14,macro_roc_auc,0.0167508330899917
3,15,macro_roc_auc,0.006495513796604846
3,16,macro_roc_auc,0.003512184927043749
3,17,macro_roc_auc,0.018260187030449293
3,18,macro_roc_auc,0.004225411419249925
3,19,macro_roc_auc,0.00971291840659827
3,20,macro_roc_auc,0.00897151516595629
3,21,macro_roc_auc,-0.004587694118693197
3,22,macro_roc_auc,0.0016886330435885721
3,23,macro_roc_auc,0.0005496040919866774
3,24,macro_roc_auc,-0.0030499750723821384
3,25,macro_roc_auc,-0.0017680836874980344
3,26,macro_roc_auc,0.0011134728938659855
3,27,macro_roc_auc,-0.011078969826985863
3,28,macro_roc_auc,0.01901290679589762
3,29,macro_roc_auc,0.002366277183766141
3,30,macro_roc_auc,0.001930625007822817
3,31,macro_roc_auc,-0.0071389807092967494
3,32,macro_roc_auc,0.0065118317298114015
3,33,macro_roc_auc,0.005552100434562002
3,34,macro_roc_auc,0.013532991134223571
3,35,macro_roc_auc,-0.007184342553982925
3,36,macro_roc_auc,0.0065664003989849284
3,37,macro_roc_auc,0.014313611113582314
3,38,macro_roc_auc,0.009106684796789222
3,39,macro_roc_auc,0.013767227183970276
3,40,macro_roc_auc,-0.013221630685463115
3,41,macro_roc_auc,0.00536175271236583
3,42,macro_roc_auc,0.006151368825312198
3,43,macro_roc_auc,0.0005997536822900384
3,44,macro_roc_auc,-0.0027619749040097563
3,45,macro_roc_auc,0.0019165265624412342
3,46,macro_roc_auc,0.012380079273713207
3,47,macro_roc_auc,0.022409994217614693
3,48,macro_roc_auc,0.007372312637706102
3,49,macro_roc_auc,0.007747014484035808
3,50,macro_roc_auc,-0.000709716982778219
3,51,macro_roc_auc,0.0029733601538080023
3,52,macro_roc_auc,0.00859945226237746
3,53,macro_roc_auc,0.0031464605766911014
3,54,macro_roc_auc,0.020174281500423552
3,55,macro_roc_auc,0.0065039730155749265
3,56,macro_roc_auc,0.005805719567062773
3,57,macro_roc_auc,0.01762477369031379
3,58,macro_roc_auc,0.00516059497383814
3,59,macro_roc_auc,0.007897384023581755
3,60,macro_roc_auc,0.0011590428834646893
3,61,macro_roc_auc,0.0071678585462049416
3,62,macro_roc_auc,0.01410282763186299
3,63,macro_roc_auc,0.00694447093231898
3,64,macro_roc_auc,0.008023786891722118
3,65,macro_roc_auc,-0.001008675584896812
3,66,macro_roc_auc,-0.00794628851090029
3,67,macro_roc_auc,0.012190083266989005
3,68,macro_roc_auc,0.018313833072853947
3,69,macro_roc_auc,-0.007586072204567196
3,70,macro_roc_auc,0.016092100648356755
3,71,macro_roc_auc,0.013934873027129702
3,72,macro_roc_auc,-0.001991793005744036
3,73,macro_roc_auc,0.015516914868546783
3,74,macro_roc_auc,0.008408096873756876
3,75,macro_roc_auc,-0.0022798989263593805
3,76,macro_roc_auc,0.010590319998756925
3,77,macro_roc_auc,0.009414426660021902
3,78,macro_roc_auc,0.001838908089238589
3,79,macro_roc_auc,0.0031931768151618467
3,80,macro_roc_auc,0.005067865518915915
3,81,macro_roc_auc,-0.001707026553880775
3,82,macro_roc_auc,-0.004431719271463241
3,83,macro_roc_auc,0.008164349960419814
3,84,macro_roc_auc,-0.007163343238291264
3,85,macro_roc_auc,0.0115164807484478
3,86,macro_roc_auc,-0.00868751913737198
3,87,macro_roc_auc,-0.0004358192285560669
3,88,macro_roc_auc,0.019337259763217318
3,89,macro_roc_auc,0.010981445434251391
3,90,macro_roc_auc,0.0025970707356786082
3,91,macro_roc_auc,0.011704951822915977
3,92,macro_roc_auc,-0.003648203259303706
3,93,macro_roc_auc,-0.011831298312255933
3,94,macro_roc_auc,-0.0037188058199494334
3,95,macro_roc_auc,-0.00164559689709598
3,96,macro_roc_auc,0.0059970373246654995
3,97,macro_roc_auc,0.002290250790779269
3,98,macro_roc_auc,0.013636243265684578
3,99,macro_roc_auc,-0.0005052212101759324
3,100,macro_roc_auc,0.0099263077553563
3,101,macro_roc_auc,0.009558934789441698
3,102,macro_roc_auc,-0.00149229242745752
3,103,macro_roc_auc,0.008171092255260803
3,104,macro_roc_auc,0.0017989321536957537
3,105,macro_roc_auc,0.005843480317128891
3,106,macro_roc_auc,0.021324640701698594
3,107,macro_roc_auc,0.006947262792318942
3,108,macro_roc_auc,0.004973150369526502
3,109,macro_roc_auc,0.009111988087735612
3,110,macro_roc_auc,-0.004653070148842753
3,111,macro_roc_auc,0.017374392643881298
3,112,macro_roc_auc,-0.0011601569488055574
3,113,macro_roc_auc,0.0027336125354663343
3,114,macro_roc_auc,0.02177945011161242
3,115,macro_roc_auc,0.011962605606741228
3,116,macro_roc_auc,-0.012945434014582036
3,117,macro_roc_auc,0.016928667514492624
3,118,macro_roc_auc,-0.006519458031952308
3,119,macro_roc_auc,-0.0023378633766337753
3,120,macro_roc_auc,0.007894656075286832
3,121,macro_roc_auc,0.0053253947434199755
3,122,macro_roc_auc,0.004893792980608547
3,123,macro_roc_auc,0.009739690139333401
3,124,macro_roc_auc,0.00864618416631302
3,125,macro_roc_auc,0.012916986181958467
3,126,macro_roc_auc,0.0106927469885858
3,127,macro_roc_auc,0.02029629560962043
3,128,macro_roc_auc,0.012199421028849855
3,129,macro_roc_auc,0.005493076303531685
3,130,macro_roc_auc,0.01292571583886859
3,131,macro_roc_auc,0.021352749105292834
3,132,macro_roc_auc,0.011977914907233655
3,133,macro_roc_auc,-0.004531938314595529
3,134,macro_roc_auc,0.0011662762593479536
3,135,macro_roc_auc,-0.0005649017549743673
3,136,macro_roc_auc,0.014663179091628065
3,137,macro_roc_auc,0.004919837982272135
3,138,macro_roc_auc,-0.009431966140957204
3,139,macro_roc_auc,-5.2296340696700305e-05
3,140,macro_roc_auc,0.010378783221921761
3,141,macro_roc_auc,-0.0028726284005538005
3,142,macro_roc_auc,0.01135026324170707
3,143,macro_roc_auc,0.02328412897581056
3,144,macro_roc_auc,0.004883534725989014
3,145,macro_roc_auc,-0.00016777501863973754
3,146,macro_roc_auc,0.00844458903823131
3,147,macro_roc_auc,-0.005392916748231724
3,148,macro_roc_auc,-0.0028533048066701205
3,149,macro_roc_auc,0.0032289027060328213
3,150,macro_roc_auc,-0.004369000195369677
3,151,macro_roc_auc,0.002605603485930308
3,152,macro_roc_auc,-0.004429432403087907
3,153,macro_roc_auc,-0.0015858650305446975
3,154,macro_roc_auc,-0.00035842459194956877
3,155,macro_roc_auc,0.0006699318712107827
3,156,macro_roc_auc,0.0182768560027341
3,157,macro_roc_auc,-0.00022873666413414373
3,158,macro_roc_auc,0.006531341007450675
3,159,macro_roc_auc,0.011089526092472268
3,160,macro_roc_auc,0.005779648236074686
3,161,macro_roc_auc,0.0014400939345655672
3,162,macro_roc_auc,0.009681707906338599
3,163,macro_roc_auc,-0.005053453566851274
3,164,macro_roc_auc,0.00880778576468777
3,165,macro_roc_auc,0.015370216488111543
3,166,macro_roc_auc,0.015606652933887855
3,167,macro_roc_auc,0.0005455066096864414
3,168,macro_roc_auc,0.017926186009407874
3,169,macro_roc_auc,0.010235931548956745
3,170,macro_roc_auc,0.007484917711282124
3,171,macro_roc_auc,-0.0014802332419735498
3,172,macro_roc_auc,0.012771134321646227
3,173,macro_roc_auc,-0.0046562286407367814
3,174,macro_roc_auc,0.012699611330645122
3,175,macro_roc_auc,0.011277571905122907
3,176,macro_roc_auc,0.00048729385906498557
3,177,macro_roc_auc,0.011181463308209572
3,178,macro_roc_auc,0.012286106842395617
3,179,macro_roc_auc,0.006256739783801368
3,180,macro_roc_auc,0.005522682046497751
3,181,macro_roc_auc,0.017730878381250648
3,182,macro_roc_auc,0.00018729626245961306
3,183,macro_roc_auc,0.004681247498780183
3,184,macro_roc_auc,0.007214488794489049
3,185,macro_roc_auc,0.012045589135286305
3,186,macro_roc_auc,0.011254398361500217
3,187,macro_roc_auc,0.013095676464892958
3,188,macro_roc_auc,0.016652117456916637
3,189,macro_roc_auc,0.02080464760460843
3,190,macro_roc_auc,0.014148585385719059
3,191,macro_roc_auc,-0.004119676572108544
3,192,macro_roc_auc,0.024507930946353063
3,193,macro_roc_auc,0.013198810144411932
3,194,macro_roc_auc,0.009384662514520414
3,195,macro_roc_auc,-0.005276021891411187
3,196,macro_roc_auc,0.0016436113042876954
3,197,macro_roc_auc,0.00864788115473325
3,198,macro_roc_auc,0.015374304243067405
3,199,macro_roc_auc,0.007977375503904538
3,200,macro_roc_auc,-0.006246344544141413
3,201,macro_roc_auc,0.014679239667917843
3,202,macro_roc_auc,0.019290950511745564
3,203,macro_roc_auc,0.009786940771754793
3,204,macro_roc_auc,0.012967211713628468
3,205,macro_roc_auc,0.02648778901555593
3,206,macro_roc_auc,-0.00595113864300445
3,207,macro_roc_auc,0.001469237563596848
3,208,macro_roc_auc,0.0035332537604743086
3,209,macro_roc_auc,0.007587933403065961
3,210,macro_roc_auc,0.014611784161255081
3,211,macro_roc_auc,0.004319044168103248
3,212,macro_roc_auc,0.01017662387405538
3,213,macro_roc_auc,0.0156657814201695
3,214,macro_roc_auc,-0.0050200442594707795
3,215,macro_roc_auc,-0.006433240561311782
3,216,macro_roc_auc,-0.0004296583991744152
3,217,macro_roc_auc,0.0041606536748185485
3,218,macro_roc_auc,0.01880862154602858
3,219,macro_roc_auc,-0.002103846897700379
3,220,macro_roc_auc,0.016092184075922278
3,221,macro_roc_auc,0.03026866205959422
3,222,macro_roc_auc,-0.004254365913167746
3,223,macro_roc_auc,0.0002316769333238211
3,224,macro_roc_auc,0.004887739894996579
3,225,macro_roc_auc,-0.0001401466180996902
3,226,macro_roc_auc,0.014970462601201273
3,227,macro_roc_auc,0.0028362128507133377
3,228,macro_roc_auc,0.0142665959540057
3,229,macro_roc_auc,0.00684348527731149
3,230,macro_roc_auc,0.010846569554613938
3,231,macro_roc_auc,0.00849658146748411
3,232,macro_roc_auc,0.010435704211697039
3,233,macro_roc_auc,-0.0042252585748800975
3,234,macro_roc_auc,0.008690358120105324
3,235,macro_roc_auc,0.0010574075935130267
3,236,macro_roc_auc,0.005941031511815575
3,237,macro_roc_auc,0.015062433089520932
3,238,macro_roc_auc,-0.0002876717120902095
3,239,macro_roc_auc,0.001732567584434741
3,240,macro_roc_auc,0.010454531847733484
3,241,macro_roc_auc,0.0031672434272189687
3,242,macro_roc_auc,-0.005512217746472148
3,243,macro_roc_auc,0.005884254694821789
3,244,macro_roc_auc,-0.0006502659412724876
3,245,macro_roc_auc,0.009316204298352115
3,246,macro_roc_auc,0.0025472146143318275
3,247,macro_roc_auc,0.010197455875552985
3,248,macro_roc_auc,0.003474646009834159
3,249,macro_roc_auc,0.0016278950771049239
3,250,macro_roc_auc,0.007858113881952455
3,251,macro_roc_auc,-0.004958430757417087
3,252,macro_roc_auc,-0.010694979056094511
3,253,macro_roc_auc,0.014815687749122453
3,254,macro_roc_auc,0.008601889407369279
3,255,macro_roc_auc,-0.0006528555741500686
3,256,macro_roc_auc,0.004497885416155034
3,257,macro_roc_auc,0.0005902991182479278
3,258,macro_roc_auc,0.006138236024582078
3,259,macro_roc_auc,0.0067243788413949845
3,260,macro_roc_auc,-0.004104903565011031
3,261,macro_roc_auc,0.006737447831004273
3,262,macro_roc_auc,0.009638908045720984
3,263,macro_roc_auc,0.007269023625355531
3,264,macro_roc_auc,0.013390382740629647
3,265,macro_roc_auc,0.010439656726393243
3,266,macro_roc_auc,-0.014009115492337298
3,267,macro_roc_auc,0.004499856878640518
3,268,macro_roc_auc,0.0013944036354728295
3,269,macro_roc_auc,-0.013140612384583639
3,270,macro_roc_auc,0.013959007690395708
3,271,macro_roc_auc,0.010454899418868124
3,272,macro_roc_auc,0.016267940746959253
3,273,macro_roc_auc,0.013430289449866573
3,274,macro_roc_auc,0.010055548346093457
3,275,macro_roc_auc,-0.013108086220619986
3,276,macro_roc_auc,-0.0024748883863687787
3,277,macro_roc_auc,0.006942428659831967
3,278,macro_roc_auc,-0.0015591639017404901
3,279,macro_roc_auc,-0.005538118089755906
3,280,macro_roc_auc,0.0011567392368250218
3,281,macro_roc_auc,-0.012472998904637933
3,282,macro_roc_auc,-0.0019023853102352328
3,283,macro_roc_auc,0.00372252733010614
3,284,macro_roc_auc,-0.005200082052862043
3,285,macro_roc_auc,0.01026185823452097
3,286,macro_roc_auc,-0.00037545238040603834
3,287,macro_roc_auc,0.002649402547616586
3,288,macro_roc_auc,0.00678710132806426
3,289,macro_roc_auc,-0.01152342250786964
3,290,macro_roc_auc,0.015015062876405305
3,291,macro_roc_auc,0.01602186978848763
3,292,macro_roc_auc,0.013808792131745795
3,293,macro_roc_auc,0.0077513675615134
3,294,macro_roc_auc,0.012670854129619546
3,295,macro_roc_auc,-0.010010533552969103
3,296,macro_roc_auc,0.018968696675538244
3,297,macro_roc_auc,-0.004160554058143751
3,298,macro_roc_auc,0.012649174176580402
3,299,macro_roc_auc,0.023608600192769558
3,300,macro_roc_auc,0.005224423933279487
3,301,macro_roc_auc,0.0025468636481736917
3,302,macro_roc_auc,0.005757047437870311
3,303,macro_roc_auc,0.0005026157879620685
3,304,macro_roc_auc,0.006080244203155005
3,305,macro_roc_auc,0.0020958543009649278
3,306,macro_roc_auc,0.008645157219135724
3,307,macro_roc_auc,-0.001257677371338639
3,308,macro_roc_auc,0.005195827167374767
3,309,macro_roc_auc,0.004327197035631891
3,310,macro_roc_auc,5.287882917170972e-05
3,311,macro_roc_auc,-0.00606868526148463
3,312,macro_roc_auc,0.008789831050520447
3,313,macro_roc_auc,0.008608364734047025
3,314,macro_roc_auc,0.011319855127045364
3,315,macro_roc_auc,0.014158898815172072
3,316,macro_roc_auc,0.004816542452087846
3,317,macro_roc_auc,0.003718967211341573
3,318,macro_roc_auc,0.005688723343679758
3,319,macro_roc_auc,-0.004856000373628544
3,320,macro_roc_auc,0.0058189132058958926
3,321,macro_roc_auc,0.007509772969345185
3,322,macro_roc_auc,0.014939125837667877
3,323,macro_roc_auc,0.012877711454725382
3,324,macro_roc_auc,0.009411436574609855
3,325,macro_roc_auc,0.0036319717983844813
3,326,macro_roc_auc,0.00797363305648957
3,327,macro_roc_auc,0.005704815422117981
3,328,macro_roc_auc,-0.014997054420234801
3,329,macro_roc_auc,-0.0034938876596148916
3,330,macro_roc_auc,-0.0074995291545242315
3,331,macro_roc_auc,0.01020026254993145
3,332,macro_roc_auc,0.0014634269358402285
3,333,macro_roc_auc,0.0049618142490416295
3,334,macro_roc_auc,0.01059052478885536
3,335,macro_roc_auc,-0.002118497058701152
3,336,macro_roc_auc,0.004328056569917971
3,337,macro_roc_auc,-0.015868676983442853
3,338,macro_roc_auc,-0.008309378701276016
3,339,macro_roc_auc,0.0029735568152512437
3,340,macro_roc_auc,-0.0005135463512475624
3,341,macro_roc_auc,0.007101122487652489
3,342,macro_roc_auc,-0.002262688367238974
3,343,macro_roc_auc,0.003524428635747534
3,344,macro_roc_auc,0.004742711622225948
3,345,macro_roc_auc,0.0026967148699603705
3,346,macro_roc_auc,0.002540594643934413
3,347,macro_roc_auc,0.002628657030110171
3,348,macro_roc_auc,0.014872213335710094
3,349,macro_roc_auc,0.013345000617398961
3,350,macro_roc_auc,0.004247182535898619
3,351,macro_roc_auc,-0.00036982598675605605
3,352,macro_roc_auc,0.013403324555909979
3,353,macro_roc_auc,0.010682951497491988
3,354,macro_roc_auc,0.010070905576707867
3,355,macro_roc_auc,0.010939335970571618
3,356,macro_roc_auc,-0.0014379784685073504
3,357,macro_roc_auc,0.010455035693544223
3,358,macro_roc_auc,0.012557258973289187
3,359,macro_roc_auc,-0.009284488535874047
3,360,macro_roc_auc,0.003974372658604897
3,361,macro_roc_auc,0.009872581771705136
3,362,macro_roc_auc,0.010311859718332372
3,363,macro_roc_auc,-0.007863536620939304
3,364,macro_roc_auc,0.006141451433519074
3,365,macro_roc_auc,0.012611731569051488
3,366,macro_roc_auc,0.004919941431426156
3,367,macro_roc_auc,0.0024640748159211467
3,368,macro_roc_auc,0.012197686201111835
3,369,macro_roc_auc,0.02039625372188425
3,370,macro_roc_auc,-0.0024420617097971054
3,371,macro_roc_auc,0.02058632397560689
3,372,macro_roc_auc,0.0013802826397578682
3,373,macro_roc_auc,0.0037812812375801474
3,374,macro_roc_auc,0.020857314218619583
3,375,macro_roc_auc,0.017439363161522725
3,376,macro_roc_auc,0.005114913731301796
3,377,macro_roc_auc,0.013149905188504785
3,378,macro_roc_auc,0.01882760816147544
3,379,macro_roc_auc,0.014044448117232489
3,380,macro_roc_auc,-0.00046406065497717197
3,381,macro_roc_auc,-9.558503452933298e-05
3,382,macro_roc_auc,0.007964023525900088
3,383,macro_roc_auc,-0.00815144616393293
3,384,macro_roc_auc,-0.0108340696753354
3,385,macro_roc_auc,-0.0006430779877494297
3,386,macro_roc_auc,0.005495194489119615
3,387,macro_roc_auc,-0.006545603283230617
3,388,macro_roc_auc,0.007951783125205059
3,389,macro_roc_auc,-0.00039786507486416767
3,390,macro_roc_auc,0.014403333207550273
3,391,macro_roc_auc,0.003928517672480036
3,392,macro_roc_auc,0.01580696169807627
3,393,macro_roc_auc,0.015642749009220025
3,394,macro_roc_auc,-0.00018223889372315227
3,395,macro_roc_auc,0.008322511469007421
3,396,macro_roc_auc,-0.0023223187082643815
3,397,macro_roc_auc,-0.008358098446784368
3,398,macro_roc_auc,0.0004570410919648715
3,399,macro_roc_auc,-0.0006762207308144141
3,400,macro_roc_auc,-0.0017806722532806019
3,401,macro_roc_auc,0.012436121445259962
3,402,macro_roc_auc,0.004026513825315381
3,403,macro_roc_auc,0.011646601294122205
3,404,macro_roc_auc,-9.943477041962634e-05
3,405,macro_roc_auc,0.005325413001951995
3,406,macro_roc_auc,-0.014405458886765365
3,407,macro_roc_auc,0.006710509085696259
3,408,macro_roc_auc,0.010372678146433723
3,409,macro_roc_auc,-0.004945352088710608
3,410,macro_roc_auc,0.0005821301046968763
3,411,macro_roc_auc,0.010337268070131467
3,412,macro_roc_auc,-0.00413016773694197
3,413,macro_roc_auc,0.007397326317669428
3,414,macro_roc_auc,0.00038293062142324974
3,415,macro_roc_auc,0.012582522305995325
3,416,macro_roc_auc,0.026505193248645198
3,417,macro_roc_auc,-0.0010143893478069543
3,418,macro_roc_auc,0.01234009325289498
3,419,macro_roc_auc,-0.002170359226076779
3,420,macro_roc_auc,0.015075438260460094
3,421,macro_roc_auc,-0.008457350199808533
3,422,macro_roc_auc,-0.0009958875913462784
3,423,macro_roc_auc,0.032256990962631016
3,424,macro_roc_auc,8.320148922624782e-05
3,425,macro_roc_auc,0.0022745375117243505
3,426,macro_roc_auc,-0.00016560674677568166
3,427,macro_roc_auc,0.010721171347777614
3,428,macro_roc_auc,0.000580567811969801
3,429,macro_roc_auc,0.0038955728894219943
3,430,macro_roc_auc,0.005765866868782998
3,431,macro_roc_auc,0.006936551940054159
3,432,macro_roc_auc,0.0014592837395094316
3,433,macro_roc_auc,0.0166572364007731
3,434,macro_roc_auc,0.001329693430747514
3,435,macro_roc_auc,0.006116728847574859
3,436,macro_roc_auc,0.007924892493481162
3,437,macro_roc_auc,0.007509772547886651
3,438,macro_roc_auc,0.017626543529244088
3,439,macro_roc_auc,-0.004820667419890956
3,440,macro_roc_auc,0.008631788898015968
3,441,macro_roc_auc,-0.006826190981516489
3,442,macro_roc_auc,0.006607904522379915
3,443,macro_roc_auc,0.0065738140881326235
3,444,macro_roc_auc,0.018409310023102532
3,445,macro_roc_auc,0.01019759847639834
3,446,macro_roc_auc,-0.004954346549223443
3,447,macro_roc_auc,-0.007660178868515
3,448,macro_roc_auc,0.017575013070468604
3,449,macro_roc_auc,0.0026934172266900314
3,450,macro_roc_auc,0.004065860844161384
3,451,macro_roc_auc,0.010601887059677462
3,452,macro_roc_auc,0.015069881953937436
3,453,macro_roc_auc,0.011887036618049795
3,454,macro_roc_auc,0.01070982963418321
3,455,macro_roc_auc,-0.005551388942265811
3,456,macro_roc_auc,-0.001870170083056677
3,457,macro_roc_auc,-0.007819840987240756
3,458,macro_roc_auc,-0.018478784373350488
3,459,macro_roc_auc,-0.007100830115276513
3,460,macro_roc_auc,0.020032055332028786
3,461,macro_roc_auc,0.002707891215892655
3,462,macro_roc_auc,0.0011908336050148183
3,463,macro_roc_auc,5.666632050993492e-05
3,464,macro_roc_auc,0.005055573837183802
3,465,macro_roc_auc,0.002726143748895238
3,466,macro_roc_auc,0.0014424132938301026
3,467,macro_roc_auc,-0.0050023831763185145
3,468,macro_roc_auc,0.0031826006837821774
3,469,macro_roc_auc,0.007986401787231756
3,470,macro_roc_auc,0.0032839906702759603
3,471,macro_roc_auc,0.01134817436258484
3,472,macro_roc_auc,-0.00035336979318456585
3,473,macro_roc_auc,0.004107281971988286
3,474,macro_roc_auc,-5.058392950108015e-05
3,475,macro_roc_auc,-0.0013246287117244515
3,476,macro_roc_auc,-9.770130126007803e-05
3,477,macro_roc_auc,0.0013293643522517273
3,478,macro_roc_auc,0.01191241112852992
3,479,macro_roc_auc,0.007489777191279079
3,480,macro_roc_auc,-0.00035590434042886976
3,481,macro_roc_auc,-0.00015197874895123142
3,482,macro_roc_auc,0.016415308912302362
3,483,macro_roc_auc,0.008035095167982842
3,484,macro_roc_auc,0.0022927858841751414
3,485,macro_roc_auc,0.00751988902901457
3,486,macro_roc_auc,0.01557709393880824
3,487,macro_roc_auc,-0.0012970812396467801
3,488,macro_roc_auc,0.00856454814294394
3,489,macro_roc_auc,0.0043399122840942495
3,490,macro_roc_auc,0.03284561936370034
3,491,macro_roc_auc,0.018993873954246454
3,492,macro_roc_auc,0.009876802247521632
3,493,macro_roc_auc,0.01602532188391992
3,494,macro_roc_auc,0.005724944805473586
3,495,macro_roc_auc,-0.002282668683928568
3,496,macro_roc_auc,-0.0017273193655745755
3,497,macro_roc_auc,0.014320302426543363
3,498,macro_roc_auc,0.0015217229870158056
3,499,macro_roc_auc,0.010937844284116593
3,500,macro_roc_auc,0.017332449520340965
3,501,macro_roc_auc,-0.01249146929756062
3,502,macro_roc_auc,-0.00044076284133309773
3,503,macro_roc_auc,0.010372832119083575
3,504,macro_roc_auc,0.0002850310365046793
3,505,macro_roc_auc,-0.004766948129681037
3,506,macro_roc_auc,0.002936619408609009
3,507,macro_roc_auc,0.008899627670641785
3,508,macro_roc_auc,0.009062284912210616
3,509,macro_roc_auc,-0.004843475889403259
3,510,macro_roc_auc,0.012869225080773927
3,511,macro_roc_auc,0.010021041251967455
3,512,macro_roc_auc,0.011251436953289895
3,513,macro_roc_auc,0.013342223760626437
3,514,macro_roc_auc,0.004406838494709575
3,515,macro_roc_auc,0.0063923313482412425
3,516,macro_roc_auc,-0.0003979621504944797
3,517,macro_roc_auc,0.01803912860764212
3,518,macro_roc_auc,0.019572264056465727
3,519,macro_roc_auc,0.001710714788221046
3,520,macro_roc_auc,0.002945935833780222
3,521,macro_roc_auc,0.01698512767943683
3,522,macro_roc_auc,-0.0013208045100120414
3,523,macro_roc_auc,-0.001617161192549843
3,524,macro_roc_auc,-0.003741972950410233
3,525,macro_roc_auc,0.004424521430999806
3,526,macro_roc_auc,-0.0031894274498996955
3,527,macro_roc_auc,0.013979853290451594
3,528,macro_roc_auc,-0.0037978688115688497
3,529,macro_roc_auc,0.008101853543341697
3,530,macro_roc_auc,0.006675760571755451
3,531,macro_roc_auc,0.016509627008878036
3,532,macro_roc_auc,0.012280144730957177
3,533,macro_roc_auc,-0.012853188299286278
3,534,macro_roc_auc,0.011113089571847201
3,535,macro_roc_auc,0.0010529362397396769
3,536,macro_roc_auc,-0.004984048083559789
3,537,macro_roc_auc,-0.00497965275301071
3,538,macro_roc_auc,-0.0019555495235099585
3,539,macro_roc_auc,0.006770835657703755
3,540,macro_roc_auc,0.012155992853840614
3,541,macro_roc_auc,0.013567210198396684
3,542,macro_roc_auc,0.00972920803271049
3,543,macro_roc_auc,0.010998924948996347
3,544,macro_roc_auc,0.007342547552803613
3,545,macro_roc_auc,0.008956985927339622
3,546,macro_roc_auc,0.01568784009919011
3,547,macro_roc_auc,-0.0022254575740433546
3,548,macro_roc_auc,0.0032263082354586636
3,549,macro_roc_auc,0.004612158795263888
3,550,macro_roc_auc,-0.002751545693403301
3,551,macro_roc_auc,-0.005368170063585143
3,552,macro_roc_auc,0.013886580276597837
3,553,macro_roc_auc,-0.006296685001274782
3,554,macro_roc_auc,0.013943426033475093
3,555,macro_roc_auc,0.003638347691686805
3,556,macro_roc_auc,0.011970995747280222
3,557,macro_roc_auc,0.020767004346571527
3,558,macro_roc_auc,0.009408281281810815
3,559,macro_roc_auc,-0.007104083588908905
3,560,macro_roc_auc,-0.002651791374390644
3,561,macro_roc_auc,-0.007282604899618739
3,562,macro_roc_auc,-0.010976901348248136
3,563,macro_roc_auc,-0.023211081148288626
3,564,macro_roc_auc,0.014810025504452096
3,565,macro_roc_auc,0.010944120713663685
3,566,macro_roc_auc,0.005069566206514664
3,567,macro_roc_auc,0.004946975758564509
3,568,macro_roc_auc,0.006919557747756877
3,569,macro_roc_auc,0.003490603375275847
3,570,macro_roc_auc,-0.0009983196580486409
3,571,macro_roc_auc,-0.001363888990797535
3,572,macro_roc_auc,0.004720327376531275
3,573,macro_roc_auc,0.00738631970272452
3,574,macro_roc_auc,-0.0042472523251070315
3,575,macro_roc_auc,0.00010743623464759544
3,576,macro_roc_auc,-0.0027678284908841944
3,577,macro_roc_auc,0.02107861278097012
3,578,macro_roc_auc,0.020891216626009235
3,579,macro_roc_auc,0.00531974635432797
3,580,macro_roc_auc,0.016208999084221132
3,581,macro_roc_auc,-0.015541260129699808
3,582,macro_roc_auc,-0.0029859425648340876
3,583,macro_roc_auc,0.011559833517379214
3,584,macro_roc_auc,0.0007301181214323105
3,585,macro_roc_auc,0.019675269064112655
3,586,macro_roc_auc,0.02320593977895069
3,587,macro_roc_auc,0.012288998187516498
3,588,macro_roc_auc,0.006202292203126292
3,589,macro_roc_auc,0.013886735149055585
3,590,macro_roc_auc,-0.006963007628433826
3,591,macro_roc_auc,0.003446144907312765
3,592,macro_roc_auc,0.005590386911973666
3,593,macro_roc_auc,0.004098145883969173
3,594,macro_roc_auc,0.01466021069906509
3,595,macro_roc_auc,0.007674707652561397
3,596,macro_roc_auc,0.0012507742040474001
3,597,macro_roc_auc,-0.0007359541081886078
3,598,macro_roc_auc,0.01270792288726963
3,599,macro_roc_auc,0.00010143277901808467
3,600,macro_roc_auc,-0.005276141972242576
3,601,macro_roc_auc,-0.00808565928954319
3,602,macro_roc_auc,-0.00018330990882930998
3,603,macro_roc_auc,0.0013942688976102957
3,604,macro_roc_auc,-0.00500489339950827
3,605,macro_roc_auc,0.001985529576748024
3,606,macro_roc_auc,0.007250433421918223
3,607,macro_roc_auc,0.004714310128054233
3,608,macro_roc_auc,0.010498856123341671
3,609,macro_roc_auc,-0.0034300611377675594
3,610,macro_roc_auc,0.01585960258913055
3,611,macro_roc_auc,0.007747120006056485
3,612,macro_roc_auc,-0.012783601871454886
3,613,macro_roc_auc,0.0052829649124074285
3,614,macro_roc_auc,0.007493045792589914
3,615,macro_roc_auc,-0.009229427003202173
3,616,macro_roc_auc,-0.001611391096418946
3,617,macro_roc_auc,-0.002020640408378571
3,618,macro_roc_auc,0.013625970416186739
3,619,macro_roc_auc,-0.0013600426001170174
3,620,macro_roc_auc,0.01133555257206842
3,621,macro_roc_auc,0.013994381945257484
3,622,macro_roc_auc,-0.00739949466873735
3,623,macro_roc_auc,0.006688276094681034
3,624,macro_roc_auc,0.011105071938513289
3,625,macro_roc_auc,-0.0026815396246892
3,626,macro_roc_auc,0.006560484174117032
3,627,macro_roc_auc,0.0036309080538933225
3,628,macro_roc_auc,-0.004625784946460043
3,629,macro_roc_auc,0.0036873355071568303
3,630,macro_roc_auc,0.014039057355231033
3,631,macro_roc_auc,0.019020341226317905
3,632,macro_roc_auc,0.005427408543112855
3,633,macro_roc_auc,0.02250847389954269
3,634,macro_roc_auc,0.012506691033624007
3,635,macro_roc_auc,0.011825392767719212
3,636,macro_roc_auc,0.00952819426921192
3,637,macro_roc_auc,0.015448858715754632
3,638,macro_roc_auc,0.010974768001220991
3,639,macro_roc_auc,0.013231630629436664
3,640,macro_roc_auc,0.016070786109986024
3,641,macro_roc_auc,0.008613942501456195
3,642,macro_roc_auc,0.009690596894983527
3,643,macro_roc_auc,-0.0017146921729154219
3,644,macro_roc_auc,0.007874338710811113
3,645,macro_roc_auc,0.008421004428225798
3,646,macro_roc_auc,0.010310073003922504
3,647,macro_roc_auc,0.013952142220850838
3,648,macro_roc_auc,0.005219975655440523
3,649,macro_roc_auc,0.011139913820169656
3,650,macro_roc_auc,0.02371595189874187
3,651,macro_roc_auc,0.02099686540994694
3,652,macro_roc_auc,0.008060903140649778
3,653,macro_roc_auc,-0.008895645441457267
3,654,macro_roc_auc,0.007523951370668858
3,655,macro_roc_auc,0.011569211752148978
3,656,macro_roc_auc,-0.004888542907561688
3,657,macro_roc_auc,-0.004635965102247952
3,658,macro_roc_auc,0.019796481612578187
3,659,macro_roc_auc,0.00740003813688439
3,660,macro_roc_auc,0.006602341827343872
3,661,macro_roc_auc,0.013697409053016307
3,662,macro_roc_auc,0.01735157852033653
3,663,macro_roc_auc,0.0044810947365554465
3,664,macro_roc_auc,-0.0007378484607983848
3,665,macro_roc_auc,0.0050091230811684095
3,666,macro_roc_auc,0.0064737975678967885
3,667,macro_roc_auc,0.0014798843405746664
3,668,macro_roc_auc,0.018085046267236726
3,669,macro_roc_auc,-0.009690258369411175
3,670,macro_roc_auc,0.016540477015862254
3,671,macro_roc_auc,-0.005209291673643368
3,672,macro_roc_auc,0.015343993490833818
3,673,macro_roc_auc,-0.000755785290242561
3,674,macro_roc_auc,-0.0016970544123644515
3,675,macro_roc_auc,0.007589500390777104
3,676,macro_roc_auc,-0.0014846586507467618
3,677,macro_roc_auc,-0.00048792604403147255
3,678,macro_roc_auc,0.009176391269353545
3,679,macro_roc_auc,0.0074150673185071625
3,680,macro_roc_auc,-0.00695324922305951
3,681,macro_roc_auc,0.0076755502646967955
3,682,macro_roc_auc,0.010707308234480295
3,683,macro_roc_auc,0.005059214363652975
3,684,macro_roc_auc,0.008325230226178815
3,685,macro_roc_auc,-0.005313628572469864
3,686,macro_roc_auc,-0.00025739111690925576
3,687,macro_roc_auc,-0.0005194933755358067
3,688,macro_roc_auc,-0.006719122747266715
3,689,macro_roc_auc,0.006992691699575615
3,690,macro_roc_auc,0.006728350224964541
3,691,macro_roc_auc,0.0059656107103741585
3,692,macro_roc_auc,0.0013724646989400346
3,693,macro_roc_auc,-0.003917320705503546
3,694,macro_roc_auc,0.013518598569903117
3,695,macro_roc_auc,0.005809393607861257
3,696,macro_roc_auc,0.01317939159166881
3,697,macro_roc_auc,0.013435013448436894
3,698,macro_roc_auc,-0.000911569744374785
3,699,macro_roc_auc,0.012412100965135675
3,700,macro_roc_auc,0.015931604710117453
3,701,macro_roc_auc,-0.002685856907006956
3,702,macro_roc_auc,0.0033869927871689187
3,703,macro_roc_auc,0.002461457618010421
3,704,macro_roc_auc,-0.0017205910380798661
3,705,macro_roc_auc,-0.006236668308358673
3,706,macro_roc_auc,-0.0007076157089714874
3,707,macro_roc_auc,0.005507202756540153
3,708,macro_roc_auc,-0.0033291948386332537
3,709,macro_roc_auc,0.009194045608370227
3,710,macro_roc_auc,0.010243101893753992
3,711,macro_roc_auc,0.008501654568370265
3,712,macro_roc_auc,0.024790231141548325
3,713,macro_roc_auc,-0.013013933678851841
3,714,macro_roc_auc,0.007674707873716158
3,715,macro_roc_auc,-0.005932563641268596
3,716,macro_roc_auc,0.007428202718760102
3,717,macro_roc_auc,-0.007473707865846446
3,718,macro_roc_auc,-0.002714719626242146
3,719,macro_roc_auc,0.007271221727114474
3,720,macro_roc_auc,0.012656738187520777
3,721,macro_roc_auc,-0.0060702280110942475
3,722,macro_roc_auc,0.006567860307496232
3,723,macro_roc_auc,0.004322201403425652
3,724,macro_roc_auc,0.009235514222272423
3,725,macro_roc_auc,0.0030139592240648883
3,726,macro_roc_auc,0.008089091394258396
3,727,macro_roc_auc,0.026045214904187763
3,728,macro_roc_auc,0.011147587061975717
3,729,macro_roc_auc,0.0021344153566248414
3,730,macro_roc_auc,0.007635105408163256
3,731,macro_roc_auc,0.008788251870388564
3,732,macro_roc_auc,0.00680437649830834
3,733,macro_roc_auc,-0.0005759711690636049
3,734,macro_roc_auc,0.011886805878209783
3,735,macro_roc_auc,0.01927697481624635
3,736,macro_roc_auc,0.004200975859668832
3,737,macro_roc_auc,0.014697593414594867
3,738,macro_roc_auc,-0.0011426621892861588
3,739,macro_roc_auc,0.014879487710503514
3,740,macro_roc_auc,0.007618767018698347
3,741,macro_roc_auc,0.0005111072556561735
3,742,macro_roc_auc,0.012214179872339526
3,743,macro_roc_auc,0.008287318267541921
3,744,macro_roc_auc,0.02194140491886243
3,745,macro_roc_auc,0.015023163297991915
3,746,macro_roc_auc,0.0055999512863191825
3,747,macro_roc_auc,0.002555173404967359
3,748,macro_roc_auc,0.002922303738851939
3,749,macro_roc_auc,-0.001748987070030239
3,750,macro_roc_auc,-0.0025831807936783635
3,751,macro_roc_auc,-0.0038485699453235656
3,752,macro_roc_auc,0.025499170922752668
3,753,macro_roc_auc,0.018337894708407076
3,754,macro_roc_auc,0.014056658794417975
3,755,macro_roc_auc,0.014675617934411633
3,756,macro_roc_auc,-0.00961140952851669
3,757,macro_roc_auc,0.015121074168450988
3,758,macro_roc_auc,0.0015000994895914
3,759,macro_roc_auc,0.0012443093508756053
3,760,macro_roc_auc,0.0010114465578349163
3,761,macro_roc_auc,0.013165200187786885
3,762,macro_roc_auc,0.0022755480200779
3,763,macro_roc_auc,-0.00844427977732809
3,764,macro_roc_auc,0.0012492530509291555
3,765,macro_roc_auc,0.009245309762176523
3,766,macro_roc_auc,-0.0016953626773487107
3,767,macro_roc_auc,0.004097412886254981
3,768,macro_roc_auc,0.01033903264800995
3,769,macro_roc_auc,0.008283829661062114
3,770,macro_roc_auc,0.010295653242853198
3,771,macro_roc_auc,0.01654222589294163
3,772,macro_roc_auc,0.003992080306390311
3,773,macro_roc_auc,-0.0027930800385556065
3,774,macro_roc_auc,0.007776657864266845
3,775,macro_roc_auc,0.01348419865213546
3,776,macro_roc_auc,0.007459784645288514
3,777,macro_roc_auc,0.00490413696230918
3,778,macro_roc_auc,0.015578351224811104
3,779,macro_roc_auc,0.0018401243160112157
3,780,macro_roc_auc,0.01072225667869564
3,781,macro_roc_auc,0.00744235646436564
3,782,macro_roc_auc,-0.004330416320425967
3,783,macro_roc_auc,0.006011135004323376
3,784,macro_roc_auc,0.0031537208632502756
3,785,macro_roc_auc,-0.00416066917492508
3,786,macro_roc_auc,-0.0012293999754053875
3,787,macro_roc_auc,0.012020945891964563
3,788,macro_roc_auc,-0.005615688202591174
3,789,macro_roc_auc,-0.00230281067004523
3,790,macro_roc_auc,0.0012753434377272832
3,791,macro_roc_auc,-0.003613950862400239
3,792,macro_roc_auc,0.019231212020974553
3,793,macro_roc_auc,0.00906244998502026
3,794,macro_roc_auc,0.022989181237597855
3,795,macro_roc_auc,0.007907429135591726
3,796,macro_roc_auc,-0.004093051267303416
3,797,macro_roc_auc,-0.003844625110881128
3,798,macro_roc_auc,7.266259822724663e-07
3,799,macro_roc_auc,0.01046896976786793
3,800,macro_roc_auc,0.016785586457443546
3,801,macro_roc_auc,0.0031440276597745065
3,802,macro_roc_auc,-0.004367444279261279
3,803,macro_roc_auc,0.0016361590296167794
3,804,macro_roc_auc,0.0059857031581698195
3,805,macro_roc_auc,0.022885220640352144
3,806,macro_roc_auc,-0.0008807921971598631
3,807,macro_roc_auc,-0.005046335796978996
3,808,macro_roc_auc,0.000666053423880042
3,809,macro_roc_auc,0.015134117754932341
3,810,macro_roc_auc,-0.002825756266908619
3,811,macro_roc_auc,0.003016815282186447
3,812,macro_roc_auc,0.009494776958889228
3,813,macro_roc_auc,0.004456329339967202
3,814,macro_roc_auc,0.0009328396846495224
3,815,macro_roc_auc,0.010700523834308195
3,816,macro_roc_auc,0.0005529174972626061
3,817,macro_roc_auc,0.005848789752512573
3,818,macro_roc_auc,0.002644224506644144
3,819,macro_roc_auc,0.001765951614339012
3,820,macro_roc_auc,0.01406064398827378
3,821,macro_roc_auc,7.166300645833346e-05
3,822,macro_roc_auc,0.008480138186251374
3,823,macro_roc_auc,0.006006337377958526
3,824,macro_roc_auc,0.008021137816791146
3,825,macro_roc_auc,0.0058139698659983585
3,826,macro_roc_auc,0.007202654828536881
3,827,macro_roc_auc,0.01466960664136252
3,828,macro_roc_auc,-0.0010119259112576495
3,829,macro_roc_auc,-0.0023628868794037805
3,830,macro_roc_auc,-0.007197306941484127
3,831,macro_roc_auc,0.013301269779663172
3,832,macro_roc_auc,0.021418496709947887
3,833,macro_roc_auc,0.011676107010027192
3,834,macro_roc_auc,0.0016957925411580366
3,835,macro_roc_auc,0.006742212424969973
3,836,macro_roc_auc,0.0020825637421127974
3,837,macro_roc_auc,0.0060562698696344786
3,838,macro_roc_auc,-0.0010369911941885412
3,839,macro_roc_auc,0.005310989289081469
3,840,macro_roc_auc,-0.005091028348883531
3,841,macro_roc_auc,0.013574290407762368
3,842,macro_roc_auc,0.006023152135847254
3,843,macro_roc_auc,0.014209484417650686
3,844,macro_roc_auc,0.010731542224233115
3,845,macro_roc_auc,0.015475015792825952
3,846,macro_roc_auc,0.002116596761248535
3,847,macro_roc_auc,0.01855860195476111
3,848,macro_roc_auc,-0.0011067260013180036
3,849,macro_roc_auc,0.0018492743020064317
3,850,macro_roc_auc,0.015670357970535287
3,851,macro_roc_auc,0.0017812773176589802
3,852,macro_roc_auc,0.007681586224281278
3,853,macro_roc_auc,0.008281049346694047
3,854,macro_roc_auc,0.022455697942953767
3,855,macro_roc_auc,-0.006154233377528073
3,856,macro_roc_auc,0.01739357217134707
3,857,macro_roc_auc,0.019856014508946584
3,858,macro_roc_auc,-0.006768434718289584
3,859,macro_roc_auc,-0.0024579893124434538
3,860,macro_roc_auc,0.005438387337291184
3,861,macro_roc_auc,0.011896328109980314
3,862,macro_roc_auc,0.002610163443312219
3,863,macro_roc_auc,0.013540527198053098
3,864,macro_roc_auc,0.0023646499372640406
3,865,macro_roc_auc,0.00150723170211986
3,866,macro_roc_auc,0.007552723070595291
3,867,macro_roc_auc,0.007256462325880175
3,868,macro_roc_auc,-0.0017816421755915135
3,869,macro_roc_auc,0.019336663653070296
3,870,macro_roc_auc,0.006206500339783649
3,871,macro_roc_auc,0.013227470777694927
3,872,macro_roc_auc,-0.0016725076022422458
3,873,macro_roc_auc,-0.02601250909630104
3,874,macro_roc_auc,0.0021602726779421655
3,875,macro_roc_auc,-0.0013235711014426554
3,876,macro_roc_auc,0.00844440748530606
3,877,macro_roc_auc,0.0036915764178800936
3,878,macro_roc_auc,0.009274737794314647
3,879,macro_roc_auc,-0.003133470360377144
3,880,macro_roc_auc,0.004206893403885137
3,881,macro_roc_auc,0.006909605360525539
3,882,macro_roc_auc,0.010264854170820348
3,883,macro_roc_auc,-0.016152176246981287
3,884,macro_roc_auc,0.007621070911633887
3,885,macro_roc_auc,0.011930239493800343
3,886,macro_roc_auc,0.009553712056856511
3,887,macro_roc_auc,0.01047183226660009
3,888,macro_roc_auc,0.008396843221593397
3,889,macro_roc_auc,0.006684006581102464
3,890,macro_roc_auc,0.014797098709119605
3,891,macro_roc_auc,0.007063830907433011
3,892,macro_roc_auc,-0.0072842859624074885
3,893,macro_roc_auc,0.009016524960908767
3,894,macro_roc_auc,0.018448328654476875
3,895,macro_roc_auc,0.011798720153080478
3,896,macro_roc_auc,-0.006783122877119241
3,897,macro_roc_auc,0.00039236419944188583
3,898,macro_roc_auc,-0.0024511054199186644
3,899,macro_roc_auc,0.0041836690887561145
3,900,macro_roc_auc,0.014991441875241818
3,901,macro_roc_auc,-0.0006557321223326085
3,902,macro_roc_auc,0.004369795899595075
3,903,macro_roc_auc,-0.0026304093249380767
3,904,macro_roc_auc,0.00730448012411844
3,905,macro_roc_auc,-0.00438501254472301
3,906,macro_roc_auc,0.004823590700560598
3,907,macro_roc_auc,0.0056844897964356544
3,908,macro_roc_auc,-0.0029714431242667816
3,909,macro_roc_auc,0.007526098941440518
3,910,macro_roc_auc,-0.005595252461895739
3,911,macro_roc_auc,0.0005931111719342796
3,912,macro_roc_auc,0.020269889298040855
3,913,macro_roc_auc,-0.004255226853819849
3,914,macro_roc_auc,-0.006411988536801361
3,915,macro_roc_auc,0.010265665817246306
3,916,macro_roc_auc,-0.0012153854470503545
3,917,macro_roc_auc,0.015915076628728042
3,918,macro_roc_auc,0.01002007883530498
3,919,macro_roc_auc,0.005321840105398712
3,920,macro_roc_auc,0.0020427748587562577
3,921,macro_roc_auc,0.0012462013006327988
3,922,macro_roc_auc,0.0009094631191990388
3,923,macro_roc_auc,0.015131825427869061
3,924,macro_roc_auc,-0.007662013638985332
3,925,macro_roc_auc,0.009370633650795046
3,926,macro_roc_auc,0.01703046514119777
3,927,macro_roc_auc,0.002227611073515323
3,928,macro_roc_auc,0.003239830836125779
3,929,macro_roc_auc,0.008165644315659804
3,930,macro_roc_auc,0.004258172064641852
3,931,macro_roc_auc,0.017383666140225795
3,932,macro_roc_auc,-0.01131062147621087
3,933,macro_roc_auc,0.005562324472741631
3,934,macro_roc_auc,0.015248323130090058
3,935,macro_roc_auc,0.02019622429750534
3,936,macro_roc_auc,0.009130998021295467
3,937,macro_roc_auc,-0.0073222931999360474
3,938,macro_roc_auc,-0.004116179389690444
3,939,macro_roc_auc,0.011847581761478043
3,940,macro_roc_auc,0.0034259691751099552
3,941,macro_roc_auc,0.0021765450440570655
3,942,macro_roc_auc,-0.0019275372168164884
3,943,macro_roc_auc,0.007381600633018737
3,944,macro_roc_auc,0.011952259929500109
3,945,macro_roc_auc,0.001020216612555358
3,946,macro_roc_auc,0.006357581981304983
3,947,macro_roc_auc,-0.008798423741624983
3,948,macro_roc_auc,0.003810601459047658
3,949,macro_roc_auc,2.0445179560124593e-05
3,950,macro_roc_auc,0.0028892575784063013
3,951,macro_roc_auc,0.015103656773988283
3,952,macro_roc_auc,0.004104973176565996
3,953,macro_roc_auc,0.008798355252452428
3,954,macro_roc_auc,0.007904982236432878
3,955,macro_roc_auc,0.013346397971871538
3,956,macro_roc_auc,0.004902078625302453
3,957,macro_roc_auc,-0.0019294334608181973
3,958,macro_roc_auc,0.002320601632246233
3,959,macro_roc_auc,-0.006485703387641317
3,960,macro_roc_auc,0.0015984276044639367
3,961,macro_roc_auc,0.0024909868508841138
3,962,macro_roc_auc,0.013659556360438363
3,963,macro_roc_auc,0.009005977376475238
3,964,macro_roc_auc,0.006846740484118818
3,965,macro_roc_auc,-0.005988461280636015
3,966,macro_roc_auc,0.0004053549074319873
3,967,macro_roc_auc,0.0029128449563727843
3,968,macro_roc_auc,0.012237673425071982
3,969,macro_roc_auc,0.010404680132746424
3,970,macro_roc_auc,0.015392168736028777
3,971,macro_roc_auc,0.0024169202697681413
3,972,macro_roc_auc,-0.005260975502683007
3,973,macro_roc_auc,0.01163675816156129
3,974,macro_roc_auc,-0.006879338218807263
3,975,macro_roc_auc,0.012735355774187607
3,976,macro_roc_auc,0.0043816032080657985
3,977,macro_roc_auc,0.005779965669401421
3,978,macro_roc_auc,-0.011741491904836643
3,979,macro_roc_auc,0.0178820777527966
3,980,macro_roc_auc,-0.0005098682986509617
3,981,macro_roc_auc,-0.00042502208890915494
3,982,macro_roc_auc,0.012677980963357705
3,983,macro_roc_auc,-0.0053411441492720035
3,984,macro_roc_auc,0.00031924808492878043
3,985,macro_roc_auc,0.004287871585181624
3,986,macro_roc_auc,0.002249245860707516
3,987,macro_roc_auc,-0.004167077803293839
3,988,macro_roc_auc,0.0014160171046486703
3,989,macro_roc_auc,0.003909316097510107
3,990,macro_roc_auc,0.0020612029359081685
3,991,macro_roc_auc,0.0035204397329645643
3,992,macro_roc_auc,-0.0007825441124701404
3,993,macro_roc_auc,-0.01981178613966983
3,994,macro_roc_auc,-0.008751246359930076
3,995,macro_roc_auc,-0.002705541934934441
3,996,macro_roc_auc,0.007285712589527926
3,997,macro_roc_auc,0.0009967895248852443
3,998,macro_roc_auc,-0.005548825894358345
3,999,macro_roc_auc,0.006732751892089883
3,1000,macro_roc_auc,0.018332819587263627
3,1001,macro_roc_auc,-0.00867809011869669
3,1002,macro_roc_auc,0.01887284851018345
3,1003,macro_roc_auc,0.00982357740994333
3,1004,macro_roc_auc,0.0012718569139972269
3,1005,macro_roc_auc,-0.005924302596281961
3,1006,macro_roc_auc,0.00446288865001887
3,1007,macro_roc_auc,0.015704855679227525
3,1008,macro_roc_auc,0.013818631766633227
3,1009,macro_roc_auc,0.005364360229467069
3,1010,macro_roc_auc,0.014839759671549047
3,1011,macro_roc_auc,0.011107861665783036
3,1012,macro_roc_auc,0.011405758964498802
3,1013,macro_roc_auc,0.018622866658243642
3,1014,macro_roc_auc,-0.004360273633555178
3,1015,macro_roc_auc,0.012443665566783113
3,1016,macro_roc_auc,0.0007925291647248311
3,1017,macro_roc_auc,0.005610801650472119
3,1018,macro_roc_auc,1.1633219701545627e-05
3,1019,macro_roc_auc,0.008246538394811376
3,1020,macro_roc_auc,-0.010956547352267476
3,1021,macro_roc_auc,-0.0010604900600904577
3,1022,macro_roc_auc,-8.024866099431982e-05
3,1023,macro_roc_auc,0.006914349820284382
3,1024,macro_roc_auc,0.006095521901016365
3,1025,macro_roc_auc,0.006028660874807801
3,1026,macro_roc_auc,0.007141845934860336
3,1027,macro_roc_auc,0.01192116910647223
3,1028,macro_roc_auc,0.005292904275565946
3,1029,macro_roc_auc,-0.0019038196551309783
3,1030,macro_roc_auc,-0.005527714774997028
3,1031,macro_roc_auc,0.0055052092994389845
3,1032,macro_roc_auc,0.010636618183706315
3,1033,macro_roc_auc,-0.0029219867019447676
3,1034,macro_roc_auc,-0.002100776390141279
3,1035,macro_roc_auc,0.008374587050195115
3,1036,macro_roc_auc,0.010678285499512108
3,1037,macro_roc_auc,0.003313813684280742
3,1038,macro_roc_auc,0.008637015648091717
3,1039,macro_roc_auc,0.006854791484355416
3,1040,macro_roc_auc,0.016109403541636147
3,1041,macro_roc_auc,0.005227446339346464
3,1042,macro_roc_auc,-0.0023789790964631186
3,1043,macro_roc_auc,-0.0016191112259881235
3,1044,macro_roc_auc,0.012213110794330628
3,1045,macro_roc_auc,0.017784322117819662
3,1046,macro_roc_auc,0.016115502987512187
3,1047,macro_roc_auc,0.0034240201719877295
3,1048,macro_roc_auc,0.018766585198422447
3,1049,macro_roc_auc,0.01743575762200522
3,1050,macro_roc_auc,-0.0005765950121665586
3,1051,macro_roc_auc,-0.004976678397699996
3,1052,macro_roc_auc,0.0030569816885689383
3,1053,macro_roc_auc,0.0014412000237704614
3,1054,macro_roc_auc,0.005488318129177272
3,1055,macro_roc_auc,-0.004821085074188214
3,1056,macro_roc_auc,0.009665686787478478
3,1057,macro_roc_auc,-0.006463856777566446
3,1058,macro_roc_auc,0.008016482647626444
3,1059,macro_roc_auc,0.0017866224276475995
3,1060,macro_roc_auc,0.012400592091146856
3,1061,macro_roc_auc,-0.005065848591154443
3,1062,macro_roc_auc,-0.002241999978767173
3,1063,macro_roc_auc,0.005642314761100553
3,1064,macro_roc_auc,-0.004467812984218944
3,1065,macro_roc_auc,0.0007466958357452702
3,1066,macro_roc_auc,0.01375357168008362
3,1067,macro_roc_auc,0.0005392485994990537
3,1068,macro_roc_auc,-0.0050832207389566175
3,1069,macro_roc_auc,0.008663599199991046
3,1070,macro_roc_auc,-0.0037981602006575965
3,1071,macro_roc_auc,0.012198850621527701
3,1072,macro_roc_auc,0.004928185400040808
3,1073,macro_roc_auc,0.0013862961213172431
3,1074,macro_roc_auc,0.0028771725451965935
3,1075,macro_roc_auc,0.005670691914337667
3,1076,macro_roc_auc,0.01845403469847151
3,1077,macro_roc_auc,-0.0024718739715167137
3,1078,macro_roc_auc,0.012597888760992881
3,1079,macro_roc_auc,0.008014183184268275
3,1080,macro_roc_auc,0.015464385622270926
3,1081,macro_roc_auc,0.008101698530595391
3,1082,macro_roc_auc,0.004525496170716736
3,1083,macro_roc_auc,0.029364286381280857
3,1084,macro_roc_auc,0.0018100221166903463
3,1085,macro_roc_auc,0.014468320312973515
3,1086,macro_roc_auc,0.00540687527361694
3,1087,macro_roc_auc,0.01280535258997162
3,1088,macro_roc_auc,0.014132513315149309
3,1089,macro_roc_auc,-0.0017004491015661927
3,1090,macro_roc_auc,0.002770261177366007
3,1091,macro_roc_auc,0.00818476032572879
3,1092,macro_roc_auc,-0.004544867484680304
3,1093,macro_roc_auc,0.0005759114283282463
3,1094,macro_roc_auc,-0.0030318973709795305
3,1095,macro_roc_auc,0.004406406576019095
3,1096,macro_roc_auc,0.02076114465515566
3,1097,macro_roc_auc,-0.00022716724624138873
3,1098,macro_roc_auc,-0.01484823564449822
3,1099,macro_roc_auc,0.018895656992441445
3,1100,macro_roc_auc,0.0024141936236965478
3,1101,macro_roc_auc,0.0037488324963891317
3,1102,macro_roc_auc,0.003974032903986235
3,1103,macro_roc_auc,0.010420295223512177
3,1104,macro_roc_auc,0.010099093659481473
3,1105,macro_roc_auc,0.01180104012971639
3,1106,macro_roc_auc,0.017255557836925117
3,1107,macro_roc_auc,0.0033100336013225373
3,1108,macro_roc_auc,0.015681694233981247
3,1109,macro_roc_auc,0.0057765952585516755
3,1110,macro_roc_auc,-0.005479692750559151
3,1111,macro_roc_auc,0.006708640624950579
3,1112,macro_roc_auc,0.014381692680899949
3,1113,macro_roc_auc,0.024667317941109546
3,1114,macro_roc_auc,-0.004393816846083642
3,1115,macro_roc_auc,0.011149677753808929
3,1116,macro_roc_auc,0.015817446036095473
3,1117,macro_roc_auc,0.0099286507346793
3,1118,macro_roc_auc,-0.005502309336543942
3,1119,macro_roc_auc,0.005001605456365632
3,1120,macro_roc_auc,-0.0007515354434599608
3,1121,macro_roc_auc,0.004067301098075515
3,1122,macro_roc_auc,0.002797545469687135
3,1123,macro_roc_auc,-0.006260403723670427
3,1124,macro_roc_auc,-0.0067108290911118695
3,1125,macro_roc_auc,0.00268628158281059
3,1126,macro_roc_auc,-0.012249663402548405
3,1127,macro_roc_auc,-0.012144675179956543
3,1128,macro_roc_auc,-0.0006576002369950151
3,1129,macro_roc_auc,0.00480840912925895
3,1130,macro_roc_auc,5.0443263282407e-05
3,1131,macro_roc_auc,0.015481213227781176
3,1132,macro_roc_auc,-0.0018393626981116906
3,1133,macro_roc_auc,0.011671339276653203
3,1134,macro_roc_auc,-0.0050508067847326865
3,1135,macro_roc_auc,0.012111906558220586
3,1136,macro_roc_auc,0.006330056753386937
3,1137,macro_roc_auc,0.0007247333894870867
3,1138,macro_roc_auc,0.002120974536811593
3,1139,macro_roc_auc,-0.0025684454585985783
3,1140,macro_roc_auc,-0.008233066236105757
3,1141,macro_roc_auc,0.0075262926892405435
3,1142,macro_roc_auc,0.0022449135929737407
3,1143,macro_roc_auc,-0.0106618405656832
3,1144,macro_roc_auc,-0.0003537581381869437
3,1145,macro_roc_auc,0.02610047728719722
3,1146,macro_roc_auc,-0.00499117147099859
3,1147,macro_roc_auc,-0.00037271396679816604
3,1148,macro_roc_auc,-0.0028430397616058256
3,1149,macro_roc_auc,0.010227782708691069
3,1150,macro_roc_auc,0.004829712904222072
3,1151,macro_roc_auc,-0.007038908601169291
3,1152,macro_roc_auc,0.007911539126190026
3,1153,macro_roc_auc,0.0014390416976450826
3,1154,macro_roc_auc,0.007067033483225571
3,1155,macro_roc_auc,-0.0061742507744309005
3,1156,macro_roc_auc,0.0007632890019202421
3,1157,macro_roc_auc,0.0007164896397189313
3,1158,macro_roc_auc,-0.004997926840481504
3,1159,macro_roc_auc,0.0024928226294405054
3,1160,macro_roc_auc,0.0020700354781831853
3,1161,macro_roc_auc,0.006267286855340948
3,1162,macro_roc_auc,0.01145652702585942
3,1163,macro_roc_auc,0.0058088052492777376
3,1164,macro_roc_auc,0.02347695574784081
3,1165,macro_roc_auc,0.012127828442156763
3,1166,macro_roc_auc,0.004407708700655211
3,1167,macro_roc_auc,0.010969634601784128
3,1168,macro_roc_auc,0.010715093879961168
3,1169,macro_roc_auc,-0.0027552508869993497
3,1170,macro_roc_auc,0.003197679271860765
3,1171,macro_roc_auc,-0.0031618189015220066
3,1172,macro_roc_auc,0.010180290239495404
3,1173,macro_roc_auc,-0.007916065331350697
3,1174,macro_roc_auc,-0.006986399826081069
3,1175,macro_roc_auc,-0.013060075168462193
3,1176,macro_roc_auc,0.014775147592147042
3,1177,macro_roc_auc,0.01487440422030617
3,1178,macro_roc_auc,0.0015904860222906159
3,1179,macro_roc_auc,0.005751120083485772
3,1180,macro_roc_auc,0.004890935895374482
3,1181,macro_roc_auc,0.005257992897392372
3,1182,macro_roc_auc,0.005148558435759565
3,1183,macro_roc_auc,0.00838168414455931
3,1184,macro_roc_auc,-0.0037273101709380807
3,1185,macro_roc_auc,0.007340200300929189
3,1186,macro_roc_auc,-0.0016177138031593374
3,1187,macro_roc_auc,0.00972827331647208
3,1188,macro_roc_auc,0.0038398021572015884
3,1189,macro_roc_auc,-0.004911112944202989
3,1190,macro_roc_auc,0.016091138334722976
3,1191,macro_roc_auc,0.007660798756710663
3,1192,macro_roc_auc,0.007984519700526715
3,1193,macro_roc_auc,0.027009164238521288
3,1194,macro_roc_auc,-0.014218161804165574
3,1195,macro_roc_auc,-0.004286063942968488
3,1196,macro_roc_auc,0.01103894641888803
3,1197,macro_roc_auc,-0.0029449613970746746
3,1198,macro_roc_auc,0.0014979381431782235
3,1199,macro_roc_auc,0.0147065457671538
3,1200,macro_roc_auc,0.012364846603084678
3,1201,macro_roc_auc,0.006202441787507507
3,1202,macro_roc_auc,0.00397183100310472
3,1203,macro_roc_auc,-0.005348647486526414
3,1204,macro_roc_auc,0.007019648250517818
3,1205,macro_roc_auc,0.0130065233188158
3,1206,macro_roc_auc,0.010293928967160526
3,1207,macro_roc_auc,0.030856436657218378
3,1208,macro_roc_auc,0.008367680981449244
3,1209,macro_roc_auc,0.0006798617072244495
3,1210,macro_roc_auc,0.005320369823026305
3,1211,macro_roc_auc,0.0019523880902770907
3,1212,macro_roc_auc,-0.003168289898326071
3,1213,macro_roc_auc,0.010339399980284991
3,1214,macro_roc_auc,0.0025730231463353403
3,1215,macro_roc_auc,0.004080079572249429
3,1216,macro_roc_auc,0.00730350236841304
3,1217,macro_roc_auc,0.012927514297558562
3,1218,macro_roc_auc,-0.011879544470759118
3,1219,macro_roc_auc,0.002937749217422736
3,1220,macro_roc_auc,0.018879399799813013
3,1221,macro_roc_auc,-0.002788393750446705
3,1222,macro_roc_auc,0.014824866265277903
3,1223,macro_roc_auc,0.010133025698476628
3,1224,macro_roc_auc,0.011368820975265037
3,1225,macro_roc_auc,0.011353777718885572
3,1226,macro_roc_auc,-0.008527975229684182
3,1227,macro_roc_auc,0.008312612861582136
3,1228,macro_roc_auc,0.009551061553821794
3,1229,macro_roc_auc,0.009323434971711064
3,1230,macro_roc_auc,0.006475104677575616
3,1231,macro_roc_auc,-0.007714801309558594
3,1232,macro_roc_auc,0.01864132367316018
3,1233,macro_roc_auc,-0.007526392419452299
3,1234,macro_roc_auc,-0.0038222736933393175
3,1235,macro_roc_auc,-0.004885509458214421
3,1236,macro_roc_auc,0.020630273929531096
3,1237,macro_roc_auc,0.004606883037630682
3,1238,macro_roc_auc,0.002302182510347972
3,1239,macro_roc_auc,0.006030213969396514
3,1240,macro_roc_auc,0.01615454331959132
3,1241,macro_roc_auc,0.014913081167110986
3,1242,macro_roc_auc,0.007486335574985792
3,1243,macro_roc_auc,0.0009670329471356265
3,1244,macro_roc_auc,0.019793501430818816
3,1245,macro_roc_auc,0.006370973759018961
3,1246,macro_roc_auc,0.00650827765893236
3,1247,macro_roc_auc,0.01813212041941692
3,1248,macro_roc_auc,0.009770522530945347
3,1249,macro_roc_auc,-0.004332418665999316
3,1250,macro_roc_auc,0.005239340774224388
3,1251,macro_roc_auc,0.012629026350520545
3,1252,macro_roc_auc,0.0049557539787690175
3,1253,macro_roc_auc,0.0206010638118439
3,1254,macro_roc_auc,0.012727892360439252
3,1255,macro_roc_auc,0.0015187334253399243
3,1256,macro_roc_auc,0.002159179156575486
3,1257,macro_roc_auc,0.009192761956993256
3,1258,macro_roc_auc,0.011928110999573582
3,1259,macro_roc_auc,0.013960597763907345
3,1260,macro_roc_auc,0.004850959038535829
3,1261,macro_roc_auc,0.013267030098977006
3,1262,macro_roc_auc,0.008808805831594935
3,1263,macro_roc_auc,0.004941085941079115
3,1264,macro_roc_auc,0.009334323425210234
3,1265,macro_roc_auc,0.0036000797518159766
3,1266,macro_roc_auc,-0.006242371671588143
3,1267,macro_roc_auc,0.020481516554679113
3,1268,macro_roc_auc,0.0022210829527179454
3,1269,macro_roc_auc,-0.0001886356612511575
3,1270,macro_roc_auc,0.014265246294578593
3,1271,macro_roc_auc,-0.0018237890085696096
3,1272,macro_roc_auc,-0.003723752752693432
3,1273,macro_roc_auc,0.001699848007194471
3,1274,macro_roc_auc,0.006742333949292245
3,1275,macro_roc_auc,-0.0025984708936550582
3,1276,macro_roc_auc,0.01919818577490473
3,1277,macro_roc_auc,-0.0070011934584459645
3,1278,macro_roc_auc,0.0028142803239826764
3,1279,macro_roc_auc,0.00953396142445917
3,1280,macro_roc_auc,0.0021360317297549614
3,1281,macro_roc_auc,-0.007649171881042971
3,1282,macro_roc_auc,0.023827535468646355
3,1283,macro_roc_auc,0.014851922112946392
3,1284,macro_roc_auc,-0.00030218458283115535
3,1285,macro_roc_auc,-0.003761206540731865
3,1286,macro_roc_auc,0.00524479967332836
3,1287,macro_roc_auc,0.0030680092498488465
3,1288,macro_roc_auc,0.005854606232235882
3,1289,macro_roc_auc,0.007659578238483844
3,1290,macro_roc_auc,0.008582805773434177
3,1291,macro_roc_auc,0.008393161350530698
3,1292,macro_roc_auc,0.0018432884344216083
3,1293,macro_roc_auc,0.003226842635443705
3,1294,macro_roc_auc,0.008164222464183912
3,1295,macro_roc_auc,0.012652274582917622
3,1296,macro_roc_auc,-0.009832774619789153
3,1297,macro_roc_auc,0.013006707944852147
3,1298,macro_roc_auc,0.006904986554495229
3,1299,macro_roc_auc,0.0025180510522948563
3,1300,macro_roc_auc,0.007479304105084461
3,1301,macro_roc_auc,0.0061769014313568515
3,1302,macro_roc_auc,0.005518333521221774
3,1303,macro_roc_auc,0.01469563190620704
3,1304,macro_roc_auc,-0.0003992005149230371
3,1305,macro_roc_auc,0.008219804989419766
3,1306,macro_roc_auc,0.00506353399236914
3,1307,macro_roc_auc,-0.0004959683095557832
3,1308,macro_roc_auc,0.006420399720958203
3,1309,macro_roc_auc,0.00031686589667068166
3,1310,macro_roc_auc,0.006487965317197086
3,1311,macro_roc_auc,0.006393693872162931
3,1312,macro_roc_auc,0.006473399451563444
3,1313,macro_roc_auc,0.0027294190900625237
3,1314,macro_roc_auc,-0.01524146003983029
3,1315,macro_roc_auc,0.01628435677293094
3,1316,macro_roc_auc,0.0007577980298578701
3,1317,macro_roc_auc,0.002170359959490109
3,1318,macro_roc_auc,0.0012781580678996596
3,1319,macro_roc_auc,0.010054484640578565
3,1320,macro_roc_auc,-0.0013576928463842064
3,1321,macro_roc_auc,0.010914661716708407
3,1322,macro_roc_auc,0.010753372827210339
3,1323,macro_roc_auc,-0.0029262478498423006
3,1324,macro_roc_auc,0.012005480397753954
3,1325,macro_roc_auc,0.005922736286285035
3,1326,macro_roc_auc,0.0032549125099294862
3,1327,macro_roc_auc,0.015130622141235839
3,1328,macro_roc_auc,0.003981814474235623
3,1329,macro_roc_auc,0.00017014558821359937
3,1330,macro_roc_auc,0.016696036237219047
3,1331,macro_roc_auc,0.005839554769363042
3,1332,macro_roc_auc,0.014860079845215979
3,1333,macro_roc_auc,-0.005563193477068906
3,1334,macro_roc_auc,-0.0020128769070166808
3,1335,macro_roc_auc,0.006078037705357198
3,1336,macro_roc_auc,-0.008856199609958093
3,1337,macro_roc_auc,0.010068241184255311
3,1338,macro_roc_auc,-0.010653978503936345
3,1339,macro_roc_auc,0.014984998689824391
3,1340,macro_roc_auc,0.009794344761686835
3,1341,macro_roc_auc,0.0069576167015620305
3,1342,macro_roc_auc,0.006082135672709099
3,1343,macro_roc_auc,0.007913801042630397
3,1344,macro_roc_auc,0.004332796470240985
3,1345,macro_roc_auc,0.015511427642063813
3,1346,macro_roc_auc,0.005007664328688155
3,1347,macro_roc_auc,-0.002772258452286902
3,1348,macro_roc_auc,-0.0027425446249159657
3,1349,macro_roc_auc,0.006188909774867746
3,1350,macro_roc_auc,-0.006094635800137804
3,1351,macro_roc_auc,-0.004301100442095973
3,1352,macro_roc_auc,0.010246239885285724
3,1353,macro_roc_auc,0.0026023926446376855
3,1354,macro_roc_auc,0.014627134914271034
3,1355,macro_roc_auc,-0.007863597905895081
3,1356,macro_roc_auc,0.009256174690717822
3,1357,macro_roc_auc,-0.011470930224674714
3,1358,macro_roc_auc,-0.006155477852217595
3,1359,macro_roc_auc,0.004520141665091626
3,1360,macro_roc_auc,0.006333330012865068
3,1361,macro_roc_auc,0.0019391918408550035
3,1362,macro_roc_auc,0.0032377643603642703
3,1363,macro_roc_auc,0.025130021363584665
3,1364,macro_roc_auc,-0.005264075479704644
3,1365,macro_roc_auc,-0.002781940685594897
3,1366,macro_roc_auc,0.01080993878117753
3,1367,macro_roc_auc,0.009960163207433759
3,1368,macro_roc_auc,-0.0036603005146866874
3,1369,macro_roc_auc,0.0037118562885419815
3,1370,macro_roc_auc,0.0001774649250971816
3,1371,macro_roc_auc,0.009882013049620775
3,1372,macro_roc_auc,0.014533870101525848
3,1373,macro_roc_auc,0.014097512704029369
3,1374,macro_roc_auc,0.012309575596703204
3,1375,macro_roc_auc,-0.0012954204726541851
3,1376,macro_roc_auc,0.007171707719652698
3,1377,macro_roc_auc,0.00796110288432983
3,1378,macro_roc_auc,0.005504390573041196
3,1379,macro_roc_auc,-0.002635473837133917
3,1380,macro_roc_auc,-0.003235284345169398
3,1381,macro_roc_auc,0.01147621582280689
3,1382,macro_roc_auc,-0.0007406132587576275
3,1383,macro_roc_auc,-0.005093380061083619
3,1384,macro_roc_auc,0.006010512820659342
3,1385,macro_roc_auc,0.0025761928117018495
3,1386,macro_roc_auc,0.0059734135195491644
3,1387,macro_roc_auc,0.0031153196855630005
3,1388,macro_roc_auc,0.010223733603487273
3,1389,macro_roc_auc,0.00556540805294059
3,1390,macro_roc_auc,0.003022044824909975
3,1391,macro_roc_auc,0.003210072473822767
3,1392,macro_roc_auc,0.011567695730005156
3,1393,macro_roc_auc,0.002918580525529957
3,1394,macro_roc_auc,0.010465847295377806
3,1395,macro_roc_auc,0.005344284407028055
3,1396,macro_roc_auc,0.0054288099817547675
3,1397,macro_roc_auc,-0.01854458268439152
3,1398,macro_roc_auc,-0.005200077173838635
3,1399,macro_roc_auc,0.010477181620925147
3,1400,macro_roc_auc,-0.005123900346768906
3,1401,macro_roc_auc,0.006810502546350183
3,1402,macro_roc_auc,0.015471813969378578
3,1403,macro_roc_auc,0.009813150724086839
3,1404,macro_roc_auc,0.008584384209938012
3,1405,macro_roc_auc,0.010285348359112434
3,1406,macro_roc_auc,0.006620207710918091
3,1407,macro_roc_auc,0.005983806639537237
3,1408,macro_roc_auc,0.007055803088915291
3,1409,macro_roc_auc,-0.006095184885778981
3,1410,macro_roc_auc,-0.008094662126935215
3,1411,macro_roc_auc,0.0005326449296905178
3,1412,macro_roc_auc,0.011994514450256455
3,1413,macro_roc_auc,0.014466985784059805
3,1414,macro_roc_auc,-0.0008643095651424959
3,1415,macro_roc_auc,0.00315114893031454
3,1416,macro_roc_auc,-0.0022247098479046823
3,1417,macro_roc_auc,-0.00019517241723965295
3,1418,macro_roc_auc,-0.019392914983603626
3,1419,macro_roc_auc,0.008020221983254028
3,1420,macro_roc_auc,0.0003501596619263081
3,1421,macro_roc_auc,0.026112370576984567
3,1422,macro_roc_auc,0.025149263798635912
3,1423,macro_roc_auc,-0.01183495450146832
3,1424,macro_roc_auc,0.012046401107109084
3,1425,macro_roc_auc,-0.004191257147637573
3,1426,macro_roc_auc,0.007495360430838538
3,1427,macro_roc_auc,-0.0012040714944094866
3,1428,macro_roc_auc,0.002848463611850982
3,1429,macro_roc_auc,0.0021568505337110633
3,1430,macro_roc_auc,-0.001589770659529255
3,1431,macro_roc_auc,0.006264376456362908
3,1432,macro_roc_auc,0.016825066415017575
3,1433,macro_roc_auc,0.008349456916703746
3,1434,macro_roc_auc,0.0020265936234771242
3,1435,macro_roc_auc,0.007214059407137929
3,1436,macro_roc_auc,0.004197727184628741
3,1437,macro_roc_auc,0.02627538310619626
3,1438,macro_roc_auc,0.029449231284912836
3,1439,macro_roc_auc,0.007930325708090269
3,1440,macro_roc_auc,0.020722761680904256
3,1441,macro_roc_auc,0.006732470492202491
3,1442,macro_roc_auc,0.00011063724461890523
3,1443,macro_roc_auc,0.005700647729074415
3,1444,macro_roc_auc,0.002574739446443708
3,1445,macro_roc_auc,0.013543308744632165
3,1446,macro_roc_auc,0.003085160091540806
3,1447,macro_roc_auc,0.009546166952327573
3,1448,macro_roc_auc,0.01225109829918769
3,1449,macro_roc_auc,0.0028256838778241145
3,1450,macro_roc_auc,-0.011233568569832708
3,1451,macro_roc_auc,-0.009301162526934137
3,1452,macro_roc_auc,-0.0013518196158441853
3,1453,macro_roc_auc,0.008817375483166301
3,1454,macro_roc_auc,-0.008729330197390972
3,1455,macro_roc_auc,0.008481647192297492
3,1456,macro_roc_auc,0.018394932414571796
3,1457,macro_roc_auc,0.0004052776540761638
3,1458,macro_roc_auc,0.017891886275914537
3,1459,macro_roc_auc,0.003980072244294197
3,1460,macro_roc_auc,-0.00010089856327522018
3,1461,macro_roc_auc,0.009276994696450602
3,1462,macro_roc_auc,0.002247446103588624
3,1463,macro_roc_auc,0.004193264419540266
3,1464,macro_roc_auc,0.002099632075784341
3,1465,macro_roc_auc,0.013590061768382289
3,1466,macro_roc_auc,0.008605975216764983
3,1467,macro_roc_auc,0.017020509339429113
3,1468,macro_roc_auc,0.01332976449483192
3,1469,macro_roc_auc,0.0060247941790325665
3,1470,macro_roc_auc,0.00215550741045889
3,1471,macro_roc_auc,-0.005726987534520278
3,1472,macro_roc_auc,0.000835259926985521
3,1473,macro_roc_auc,0.004112678472809828
3,1474,macro_roc_auc,0.003936341824132272
3,1475,macro_roc_auc,0.00706598338584985
3,1476,macro_roc_auc,0.0010141811888224606
3,1477,macro_roc_auc,0.009101427256199779
3,1478,macro_roc_auc,0.016140882938683876
3,1479,macro_roc_auc,0.020258617112979826
3,1480,macro_roc_auc,0.00614161693713644
3,1481,macro_roc_auc,0.004154280183134018
3,1482,macro_roc_auc,0.017215847876172363
3,1483,macro_roc_auc,0.010765812302474198
3,1484,macro_roc_auc,0.003212881172934723
3,1485,macro_roc_auc,-0.007326713590457223
3,1486,macro_roc_auc,0.005704275589079599
3,1487,macro_roc_auc,0.02684206665611366
3,1488,macro_roc_auc,0.0012498102859496152
3,1489,macro_roc_auc,0.010245914880319118
3,1490,macro_roc_auc,0.005604349236759787
3,1491,macro_roc_auc,0.007847898711363932
3,1492,macro_roc_auc,0.009594047331532463
3,1493,macro_roc_auc,0.007323374694995444
3,1494,macro_roc_auc,-0.003316724516023717
3,1495,macro_roc_auc,0.008287404605979765
3,1496,macro_roc_auc,-0.002209773603367604
3,1497,macro_roc_auc,0.003277340089492653
3,1498,macro_roc_auc,9.094562126266137e-05
3,1499,macro_roc_auc,0.009507455605106574
3,1500,macro_roc_auc,0.01479630711310731
3,1501,macro_roc_auc,0.0016364643091051345
3,1502,macro_roc_auc,0.014429353797055011
3,1503,macro_roc_auc,-0.009066874061372188
3,1504,macro_roc_auc,-0.004630743500088519
3,1505,macro_roc_auc,-0.0019025202720699408
3,1506,macro_roc_auc,-0.008762108685211212
3,1507,macro_roc_auc,-0.0136329180082988
3,1508,macro_roc_auc,0.004827784171254623
3,1509,macro_roc_auc,0.017288564020459085
3,1510,macro_roc_auc,0.016350813931691577
3,1511,macro_roc_auc,9.111157062735575e-05
3,1512,macro_roc_auc,0.01356872177088686
3,1513,macro_roc_auc,0.0035154573934863542
3,1514,macro_roc_auc,0.008616930470262352
3,1515,macro_roc_auc,0.0028434755583061078
3,1516,macro_roc_auc,-0.0020595544290648027
3,1517,macro_roc_auc,0.0038036372355074732
3,1518,macro_roc_auc,0.011385443203046464
3,1519,macro_roc_auc,-0.011306003534369169
3,1520,macro_roc_auc,0.015184574138744744
3,1521,macro_roc_auc,0.00896545317537234
3,1522,macro_roc_auc,0.002955739196449536
3,1523,macro_roc_auc,0.005392468756794666
3,1524,macro_roc_auc,-0.0020816661838440886
3,1525,macro_roc_auc,0.002593467149662354
3,1526,macro_roc_auc,-0.0007863616633045911
3,1527,macro_roc_auc,0.0023644228701472647
3,1528,macro_roc_auc,0.020654329299618523
3,1529,macro_roc_auc,0.006667473751982067
3,1530,macro_roc_auc,0.016440763456112784
3,1531,macro_roc_auc,0.006228772489877077
3,1532,macro_roc_auc,-0.005368798451109602
3,1533,macro_roc_auc,0.0044034862263026
3,1534,macro_roc_auc,0.012881184006262925
3,1535,macro_roc_auc,0.005171510741591945
3,1536,macro_roc_auc,-0.002638600346767883
3,1537,macro_roc_auc,-6.664639340492329e-05
3,1538,macro_roc_auc,0.005245972962726664
3,1539,macro_roc_auc,0.008301816618827229
3,1540,macro_roc_auc,0.0034022017246911895
3,1541,macro_roc_auc,0.00704880867662705
3,1542,macro_roc_auc,-0.00973020737709207
3,1543,macro_roc_auc,-0.005002273758669684
3,1544,macro_roc_auc,-0.007826746650979932
3,1545,macro_roc_auc,0.015250876848790673
3,1546,macro_roc_auc,0.0010913530261578153
3,1547,macro_roc_auc,-0.006458060767633
3,1548,macro_roc_auc,-0.01076316270782185
3,1549,macro_roc_auc,0.012011491653200479
3,1550,macro_roc_auc,0.007824592737403213
3,1551,macro_roc_auc,0.00018001088270858112
3,1552,macro_roc_auc,0.01309708303572088
3,1553,macro_roc_auc,0.008222588744437265
3,1554,macro_roc_auc,0.007219660080738821
3,1555,macro_roc_auc,0.014608240023984975
3,1556,macro_roc_auc,0.007007191831575721
3,1557,macro_roc_auc,0.007803067499120742
3,1558,macro_roc_auc,0.013789076296068514
3,1559,macro_roc_auc,0.0007158012571227834
3,1560,macro_roc_auc,0.010893635346859942
3,1561,macro_roc_auc,0.004925459251686526
3,1562,macro_roc_auc,0.0013814618555605396
3,1563,macro_roc_auc,0.013953642576992054
3,1564,macro_roc_auc,0.019683161338283628
3,1565,macro_roc_auc,0.0008481717028339109
3,1566,macro_roc_auc,0.013518957716401436
3,1567,macro_roc_auc,0.015227048259752962
3,1568,macro_roc_auc,0.0100762717905295
3,1569,macro_roc_auc,0.011984312833563493
3,1570,macro_roc_auc,-0.007174282373374918
3,1571,macro_roc_auc,0.017625163710504377
3,1572,macro_roc_auc,0.00188739427830098
3,1573,macro_roc_auc,0.009254146685878761
3,1574,macro_roc_auc,0.01569709364970706
3,1575,macro_roc_auc,0.014361365707572293
3,1576,macro_roc_auc,-0.009423903697949765
3,1577,macro_roc_auc,0.013296436935410827
3,1578,macro_roc_auc,0.00536480751224222
3,1579,macro_roc_auc,0.012633733268970437
3,1580,macro_roc_auc,0.009944173040036586
3,1581,macro_roc_auc,0.00549711222246918
3,1582,macro_roc_auc,-8.717601509133921e-05
3,1583,macro_roc_auc,0.010844754080217345
3,1584,macro_roc_auc,0.009407023099122669
3,1585,macro_roc_auc,-0.011892232952585013
3,1586,macro_roc_auc,0.013807700755139707
3,1587,macro_roc_auc,0.010414931414346573
3,1588,macro_roc_auc,0.006329819177175344
3,1589,macro_roc_auc,0.01655628827194633
3,1590,macro_roc_auc,0.006995838603392701
3,1591,macro_roc_auc,0.013348222535381815
3,1592,macro_roc_auc,0.016002544715906897
3,1593,macro_roc_auc,0.010636025468213961
3,1594,macro_roc_auc,0.005807248221866068
3,1595,macro_roc_auc,0.003167386429527408
3,1596,macro_roc_auc,0.0086548119087283
3,1597,macro_roc_auc,0.021533300888231466
3,1598,macro_roc_auc,-0.003961918422747068
3,1599,macro_roc_auc,0.005210199218115497
3,1600,macro_roc_auc,0.014574114347971512
3,1601,macro_roc_auc,0.008673812101137934
3,1602,macro_roc_auc,0.01194099339889243
3,1603,macro_roc_auc,-0.0017947427093788493
3,1604,macro_roc_auc,0.011971671906405912
3,1605,macro_roc_auc,0.0019341086892035175
3,1606,macro_roc_auc,0.027678593500725546
3,1607,macro_roc_auc,0.0023264551670437728
3,1608,macro_roc_auc,-0.0033022808753504496
3,1609,macro_roc_auc,0.013937563353284
3,1610,macro_roc_auc,0.006459619384843185
3,1611,macro_roc_auc,0.004652722606258708
3,1612,macro_roc_auc,0.007088841996289674
3,1613,macro_roc_auc,0.002627816786649917
3,1614,macro_roc_auc,0.0022269430655990075
3,1615,macro_roc_auc,0.009531505079110603
3,1616,macro_roc_auc,0.0035116388472753446
3,1617,macro_roc_auc,-0.013520039487752933
3,1618,macro_roc_auc,0.0009220086205024014
3,1619,macro_roc_auc,0.006558994668364182
3,1620,macro_roc_auc,-0.0058368876384780055
3,1621,macro_roc_auc,0.0002834142062161371
3,1622,macro_roc_auc,0.008369205370033939
3,1623,macro_roc_auc,0.00276064144684518
3,1624,macro_roc_auc,0.00789403546790024
3,1625,macro_roc_auc,0.010048030916434691
3,1626,macro_roc_auc,0.012724287868718709
3,1627,macro_roc_auc,0.0015125875477794981
3,1628,macro_roc_auc,0.009182618148079413
3,1629,macro_roc_auc,0.006174642236001171
3,1630,macro_roc_auc,-0.0066857948006756596
3,1631,macro_roc_auc,0.01334897737962748
3,1632,macro_roc_auc,0.02137597814094816
3,1633,macro_roc_auc,0.0028385248810270935
3,1634,macro_roc_auc,-0.0016315190308138217
3,1635,macro_roc_auc,0.005177171346050002
3,1636,macro_roc_auc,0.015436693370834309
3,1637,macro_roc_auc,0.017527260180282722
3,1638,macro_roc_auc,-0.0031501600394787665
3,1639,macro_roc_auc,0.0020888017659833613
3,1640,macro_roc_auc,0.0002324723209660151
3,1641,macro_roc_auc,-0.0002665775351142763
3,1642,macro_roc_auc,0.009080038328812878
3,1643,macro_roc_auc,0.010009597909131474
3,1644,macro_roc_auc,0.004386041269512808
3,1645,macro_roc_auc,0.009942598485588539
3,1646,macro_roc_auc,0.0018895441587374329
3,1647,macro_roc_auc,0.008754119699365237
3,1648,macro_roc_auc,0.025747257102490928
3,1649,macro_roc_auc,0.008661835398220852
3,1650,macro_roc_auc,-0.003718120044176265
3,1651,macro_roc_auc,0.0030156117113512293
3,1652,macro_roc_auc,0.006198501286004188
3,1653,macro_roc_auc,0.008880675485892442
3,1654,macro_roc_auc,0.014177750690949287
3,1655,macro_roc_auc,-0.00832314459047545
3,1656,macro_roc_auc,-0.00601912097117463
3,1657,macro_roc_auc,0.006730042419386684
3,1658,macro_roc_auc,0.0052295429093270895
3,1659,macro_roc_auc,0.012097137782815626
3,1660,macro_roc_auc,0.003604833278569086
3,1661,macro_roc_auc,0.015361044145423719
3,1662,macro_roc_auc,0.0054180641474653735
3,1663,macro_roc_auc,0.009390096212393062
3,1664,macro_roc_auc,-0.0005529142104657714
3,1665,macro_roc_auc,0.0006352474008569642
3,1666,macro_roc_auc,-0.0003141941530181436
3,1667,macro_roc_auc,0.015628525006316507
3,1668,macro_roc_auc,0.007410795491947897
3,1669,macro_roc_auc,0.0009728091465426303
3,1670,macro_roc_auc,0.003925679726355602
3,1671,macro_roc_auc,0.02437711677675225
3,1672,macro_roc_auc,0.02169009620842144
3,1673,macro_roc_auc,-0.0004968812866255057
3,1674,macro_roc_auc,0.010048428930839348
3,1675,macro_roc_auc,0.007641781278588278
3,1676,macro_roc_auc,0.010543523812052369
3,1677,macro_roc_auc,-0.0032855564740357224
3,1678,macro_roc_auc,-0.008742054383269138
3,1679,macro_roc_auc,0.0016987954583915776
3,1680,macro_roc_auc,0.015720481438567968
3,1681,macro_roc_auc,-0.0004027365375612879
3,1682,macro_roc_auc,0.008745327243491086
3,1683,macro_roc_auc,0.007891269321876448
3,1684,macro_roc_auc,-0.004497387802706365
3,1685,macro_roc_auc,0.02159262022632702
3,1686,macro_roc_auc,0.002537424335636196
3,1687,macro_roc_auc,0.006141078060325822
3,1688,macro_roc_auc,0.0005872907668644789
3,1689,macro_roc_auc,0.011183411692392231
3,1690,macro_roc_auc,0.00233013365368695
3,1691,macro_roc_auc,0.0014631908810411876
3,1692,macro_roc_auc,0.01108960708022444
3,1693,macro_roc_auc,0.0038699503117828327
3,1694,macro_roc_auc,0.006543549450413577
3,1695,macro_roc_auc,0.012428231206062845
3,1696,macro_roc_auc,-0.002503097698003498
3,1697,macro_roc_auc,0.014355529282313872
3,1698,macro_roc_auc,0.01154219638845766
3,1699,macro_roc_auc,-0.005649614469143138
3,1700,macro_roc_auc,0.008945604967507403
3,1701,macro_roc_auc,0.0014664402655257813
3,1702,macro_roc_auc,0.016343100998844284
3,1703,macro_roc_auc,0.010019094968126807
3,1704,macro_roc_auc,0.003948456989642746
3,1705,macro_roc_auc,0.012957910368624814
3,1706,macro_roc_auc,0.0018350012986595443
3,1707,macro_roc_auc,-0.009051678416732378
3,1708,macro_roc_auc,-0.0007689538961939135
3,1709,macro_roc_auc,0.004992999554105593
3,1710,macro_roc_auc,0.021394834383061112
3,1711,macro_roc_auc,-0.012701456417973933
3,1712,macro_roc_auc,-0.004167493917797915
3,1713,macro_roc_auc,0.0020541316139732757
3,1714,macro_roc_auc,0.0064803296171762614
3,1715,macro_roc_auc,0.010925090963186501
3,1716,macro_roc_auc,0.0006565888442657819
3,1717,macro_roc_auc,0.003581283977946881
3,1718,macro_roc_auc,-0.0014743950590968558
3,1719,macro_roc_auc,0.003347961942408939
3,1720,macro_roc_auc,-0.010565446754978058
3,1721,macro_roc_auc,0.004779613912173519
3,1722,macro_roc_auc,0.00201762606199829
3,1723,macro_roc_auc,0.01964730797111003
3,1724,macro_roc_auc,0.009557403129576647
3,1725,macro_roc_auc,0.007670987620345793
3,1726,macro_roc_auc,0.016827578999813797
3,1727,macro_roc_auc,-0.007591315936946397
3,1728,macro_roc_auc,0.015595410881926619
3,1729,macro_roc_auc,0.005654736290194751
3,1730,macro_roc_auc,0.012113081034423323
3,1731,macro_roc_auc,0.019667901430711066
3,1732,macro_roc_auc,-0.004103606970560114
3,1733,macro_roc_auc,-0.0095648683946854
3,1734,macro_roc_auc,0.011449301771242149
3,1735,macro_roc_auc,-0.007062022129497358
3,1736,macro_roc_auc,-0.00903299251796763
3,1737,macro_roc_auc,0.002774819070373802
3,1738,macro_roc_auc,-0.01300211232951587
3,1739,macro_roc_auc,0.005108051927463664
3,1740,macro_roc_auc,0.008043629762203741
3,1741,macro_roc_auc,0.004268535812036012
3,1742,macro_roc_auc,-0.0035888556942416105
3,1743,macro_roc_auc,0.011826112105652431
3,1744,macro_roc_auc,-0.0020833941226403585
3,1745,macro_roc_auc,0.02060831948704711
3,1746,macro_roc_auc,0.0006071508239112733
3,1747,macro_roc_auc,0.011924474232970717
3,1748,macro_roc_auc,0.010014156542341501
3,1749,macro_roc_auc,-0.0033956621280483157
3,1750,macro_roc_auc,0.0014893361951883177
3,1751,macro_roc_auc,0.0009663674140567569
3,1752,macro_roc_auc,-0.005168792833651681
3,1753,macro_roc_auc,0.006800978270404934
3,1754,macro_roc_auc,0.0009455284215187376
3,1755,macro_roc_auc,0.0017836864349293213
3,1756,macro_roc_auc,0.014981447479955445
3,1757,macro_roc_auc,0.006731122992096328
3,1758,macro_roc_auc,-0.0015595952131300939
3,1759,macro_roc_auc,0.001528932180163145
3,1760,macro_roc_auc,-0.001068601422570481
3,1761,macro_roc_auc,0.010867986421540965
3,1762,macro_roc_auc,0.004384699166752881
3,1763,macro_roc_auc,-0.0024812949463798306
3,1764,macro_roc_auc,-0.002414209105337517
3,1765,macro_roc_auc,0.005639874066207584
3,1766,macro_roc_auc,0.020464262790227394
3,1767,macro_roc_auc,-0.0031254620453273763
3,1768,macro_roc_auc,0.015077778804229003
3,1769,macro_roc_auc,-0.007693529908864072
3,1770,macro_roc_auc,0.0069870151047035645
3,1771,macro_roc_auc,-0.0014267811722126211
3,1772,macro_roc_auc,0.0019943903243968553
3,1773,macro_roc_auc,-0.006863716685910237
3,1774,macro_roc_auc,0.016348406137883353
3,1775,macro_roc_auc,0.006321513602839057
3,1776,macro_roc_auc,-0.004030462600532747
3,1777,macro_roc_auc,0.011791499864124977
3,1778,macro_roc_auc,0.004778496993299131
3,1779,macro_roc_auc,-0.0026050351817522577
3,1780,macro_roc_auc,0.00029748624601122486
3,1781,macro_roc_auc,0.01442528384123165
3,1782,macro_roc_auc,0.008720234451934039
3,1783,macro_roc_auc,0.004561681640139814
3,1784,macro_roc_auc,0.013542226691153791
3,1785,macro_roc_auc,-0.003478694776397284
3,1786,macro_roc_auc,0.023479694162072295
3,1787,macro_roc_auc,-0.002823933333811146
3,1788,macro_roc_auc,0.006537919489205901
3,1789,macro_roc_auc,0.011588518211844923
3,1790,macro_roc_auc,0.005298309139268431
3,1791,macro_roc_auc,0.01356302577228008
3,1792,macro_roc_auc,-0.0010675158706324739
3,1793,macro_roc_auc,0.0006495766579622808
3,1794,macro_roc_auc,-0.01270937994527821
3,1795,macro_roc_auc,-0.0009619626587106245
3,1796,macro_roc_auc,0.0068381233739833736
3,1797,macro_roc_auc,0.00025823674246783224
3,1798,macro_roc_auc,0.007431436776752509
3,1799,macro_roc_auc,0.009007606412925973
3,1800,macro_roc_auc,0.00028584052685454164
3,1801,macro_roc_auc,0.007497680532902007
3,1802,macro_roc_auc,0.009389500979176235
3,1803,macro_roc_auc,0.00989288544309641
3,1804,macro_roc_auc,0.007819925040417841
3,1805,macro_roc_auc,0.02188176292974009
3,1806,macro_roc_auc,0.02331987189697915
3,1807,macro_roc_auc,0.01803717857874476
3,1808,macro_roc_auc,-0.0027301495456293345
3,1809,macro_roc_auc,-0.0011685077623775353
3,1810,macro_roc_auc,0.0015503104245598864
3,1811,macro_roc_auc,-0.0032218379272925812
3,1812,macro_roc_auc,0.00477000771701197
3,1813,macro_roc_auc,0.009618556360613595
3,1814,macro_roc_auc,0.007107645965165443
3,1815,macro_roc_auc,0.00011667710561036326
3,1816,macro_roc_auc,0.01156141621857043
3,1817,macro_roc_auc,0.003516554937614602
3,1818,macro_roc_auc,-0.005488869399698948
3,1819,macro_roc_auc,0.004494349915155071
3,1820,macro_roc_auc,0.010199912078703632
3,1821,macro_roc_auc,0.01576635454453823
3,1822,macro_roc_auc,0.002476224689735629
3,1823,macro_roc_auc,0.013860537584999943
3,1824,macro_roc_auc,0.009408908260368665
3,1825,macro_roc_auc,0.0008524387028251423
3,1826,macro_roc_auc,-0.0017405286273104448
3,1827,macro_roc_auc,0.0024373178805625617
3,1828,macro_roc_auc,0.0017398879723421468
3,1829,macro_roc_auc,0.005313920543086659
3,1830,macro_roc_auc,0.005666842021577412
3,1831,macro_roc_auc,-0.00518637311564818
3,1832,macro_roc_auc,-0.011245100322545776
3,1833,macro_roc_auc,0.0033550443241147088
3,1834,macro_roc_auc,-0.005395299663326414
3,1835,macro_roc_auc,0.004014737378980948
3,1836,macro_roc_auc,-0.0014516325564376542
3,1837,macro_roc_auc,0.00976316926396581
3,1838,macro_roc_auc,0.01138202044343628
3,1839,macro_roc_auc,0.0035427401552440285
3,1840,macro_roc_auc,0.010132734362722218
3,1841,macro_roc_auc,0.0008492704855362909
3,1842,macro_roc_auc,0.008603620025692149
3,1843,macro_roc_auc,-0.009402319536235382
3,1844,macro_roc_auc,0.008703634425067386
3,1845,macro_roc_auc,8.323753298855596e-05
3,1846,macro_roc_auc,0.008030257510586059
3,1847,macro_roc_auc,-0.009425361858853898
3,1848,macro_roc_auc,0.006938759496925129
3,1849,macro_roc_auc,0.004754368460872627
3,1850,macro_roc_auc,-0.006061280773890232
3,1851,macro_roc_auc,-0.004730731655243847
3,1852,macro_roc_auc,-0.00020568950765320615
3,1853,macro_roc_auc,0.011139071659259758
3,1854,macro_roc_auc,0.004386743908924795
3,1855,macro_roc_auc,0.0006997282786422865
3,1856,macro_roc_auc,0.011229402676109279
3,1857,macro_roc_auc,0.0038763446650106337
3,1858,macro_roc_auc,-0.008288521505863233
3,1859,macro_roc_auc,0.012870357325571513
3,1860,macro_roc_auc,-0.0011203875262830731
3,1861,macro_roc_auc,0.01617676097554721
3,1862,macro_roc_auc,0.003985456005054289
3,1863,macro_roc_auc,0.007108402075263753
3,1864,macro_roc_auc,-0.00333910651059377
3,1865,macro_roc_auc,0.01151394455729382
3,1866,macro_roc_auc,-0.008656205532550643
3,1867,macro_roc_auc,-0.0027851843075507032
3,1868,macro_roc_auc,-0.0012630506439033073
3,1869,macro_roc_auc,-0.004631099645742709
3,1870,macro_roc_auc,0.00488093759368835
3,1871,macro_roc_auc,0.02410349782572274
3,1872,macro_roc_auc,0.015138748204861274
3,1873,macro_roc_auc,0.005922010843162018
3,1874,macro_roc_auc,0.017097183305104457
3,1875,macro_roc_auc,0.009422785975610304
3,1876,macro_roc_auc,-0.006495480745703164
3,1877,macro_roc_auc,0.00825418645754783
3,1878,macro_roc_auc,0.003636927874921314
3,1879,macro_roc_auc,0.006566462604884027
3,1880,macro_roc_auc,0.014228218660992997
3,1881,macro_roc_auc,0.00550297551233514
3,1882,macro_roc_auc,-0.0039900339482923375
3,1883,macro_roc_auc,0.003848576086670219
3,1884,macro_roc_auc,0.020444835527330896
3,1885,macro_roc_auc,0.019544448268582704
3,1886,macro_roc_auc,0.005189454829087059
3,1887,macro_roc_auc,0.0018031934063261756
3,1888,macro_roc_auc,0.01994124528222674
3,1889,macro_roc_auc,0.0020347446137110037
3,1890,macro_roc_auc,0.020620101776003152
3,1891,macro_roc_auc,0.013362436586311532
3,1892,macro_roc_auc,0.02349771006283352
3,1893,macro_roc_auc,0.007349468998108066
3,1894,macro_roc_auc,0.0005900798163442911
3,1895,macro_roc_auc,0.013746133109631131
3,1896,macro_roc_auc,0.014289370509024901
3,1897,macro_roc_auc,-0.0017870460681468359
3,1898,macro_roc_auc,0.02336243600025234
3,1899,macro_roc_auc,0.01612456679845864
3,1900,macro_roc_auc,-0.004382807835258129
3,1901,macro_roc_auc,0.014613280245884042
3,1902,macro_roc_auc,0.002010600227249082
3,1903,macro_roc_auc,-0.006239601836294684
3,1904,macro_roc_auc,-0.00037286398660907327
3,1905,macro_roc_auc,0.014990722419879754
3,1906,macro_roc_auc,0.0013497890202121
3,1907,macro_roc_auc,0.012632535824285918
3,1908,macro_roc_auc,0.0007722850816156424
3,1909,macro_roc_auc,0.014465413707223096
3,1910,macro_roc_auc,0.009904998526752862
3,1911,macro_roc_auc,0.009267646963163179
3,1912,macro_roc_auc,0.003542505444782962
3,1913,macro_roc_auc,-0.007541604190907214
3,1914,macro_roc_auc,-0.011192819864464076
3,1915,macro_roc_auc,0.014892064517699866
3,1916,macro_roc_auc,-0.0012646014999750932
3,1917,macro_roc_auc,-0.0044577329768009655
3,1918,macro_roc_auc,-0.005582252567321144
3,1919,macro_roc_auc,-0.003359438274539106
3,1920,macro_roc_auc,0.01192200387668696
3,1921,macro_roc_auc,-0.009080808674500784
3,1922,macro_roc_auc,-0.001649672227102994
3,1923,macro_roc_auc,-0.006517408817836801
3,1924,macro_roc_auc,0.0074341984902336344
3,1925,macro_roc_auc,0.02018780462498304
3,1926,macro_roc_auc,0.00966496923182869
3,1927,macro_roc_auc,0.011665214523176148
3,1928,macro_roc_auc,0.004849757721793191
3,1929,macro_roc_auc,0.0055734007846112155
3,1930,macro_roc_auc,0.005258153639052243
3,1931,macro_roc_auc,-0.00037261025914614443
3,1932,macro_roc_auc,-0.007276618146767055
3,1933,macro_roc_auc,0.021239204063490003
3,1934,macro_roc_auc,0.01580445904979999
3,1935,macro_roc_auc,0.0071456897573168865
3,1936,macro_roc_auc,0.014702121829835879
3,1937,macro_roc_auc,0.02252590544964328
3,1938,macro_roc_auc,0.007087951355552402
3,1939,macro_roc_auc,0.011920141328564782
3,1940,macro_roc_auc,0.016590004565999794
3,1941,macro_roc_auc,0.007634885399301572
3,1942,macro_roc_auc,0.004391427081627763
3,1943,macro_roc_auc,0.0015005661464546627
3,1944,macro_roc_auc,-0.0005732271618494877
3,1945,macro_roc_auc,0.004565039397223414
3,1946,macro_roc_auc,-0.01036879874601615
3,1947,macro_roc_auc,-0.0069069418345804046
3,1948,macro_roc_auc,7.306577571963846e-05
3,1949,macro_roc_auc,0.0118007354065095
3,1950,macro_roc_auc,0.00379871668208398
3,1951,macro_roc_auc,0.01500981636766241
3,1952,macro_roc_auc,0.004695811160669416
3,1953,macro_roc_auc,0.016063890633981615
3,1954,macro_roc_auc,0.014818321843460658
3,1955,macro_roc_auc,0.017209374144814493
3,1956,macro_roc_auc,-0.005670001519871071
3,1957,macro_roc_auc,-0.0029624446567259044
3,1958,macro_roc_auc,0.002966799776465079
3,1959,macro_roc_auc,0.009062425711932054
3,1960,macro_roc_auc,0.02648738132596551
3,1961,macro_roc_auc,0.008909434780427494
3,1962,macro_roc_auc,0.020263760730404257
3,1963,macro_roc_auc,0.0022313657452909252
3,1964,macro_roc_auc,0.006115294789373893
3,1965,macro_roc_auc,-0.019965162685823934
3,1966,macro_roc_auc,0.006874799729850611
3,1967,macro_roc_auc,-0.0002561407732939447
3,1968,macro_roc_auc,0.003964796209739885
3,1969,macro_roc_auc,-0.0008336949616567502
3,1970,macro_roc_auc,0.0022040797823243974
3,1971,macro_roc_auc,-0.0015463553515495665
3,1972,macro_roc_auc,0.00815461525081651
3,1973,macro_roc_auc,0.01744319139964423
3,1974,macro_roc_auc,0.029380651066418517
3,1975,macro_roc_auc,-0.0028644688958767706
3,1976,macro_roc_auc,0.01196419681433003
3,1977,macro_roc_auc,0.014060186276238729
3,1978,macro_roc_auc,0.017612350637986496
3,1979,macro_roc_auc,-0.010955303470661204
3,1980,macro_roc_auc,0.0008003476240514562
3,1981,macro_roc_auc,0.00831626576369604
3,1982,macro_roc_auc,0.0025560634033251484
3,1983,macro_roc_auc,-0.006329923381049207
3,1984,macro_roc_auc,0.011622044871508752
3,1985,macro_roc_auc,0.003468519514194024
3,1986,macro_roc_auc,0.006535863547777909
3,1987,macro_roc_auc,-0.0034647247265863212
3,1988,macro_roc_auc,-0.01169921351352654
3,1989,macro_roc_auc,0.0031696513425516493
3,1990,macro_roc_auc,0.013709042779344927
3,1991,macro_roc_auc,0.0015159757886498149
3,1992,macro_roc_auc,-0.00936186458169963
3,1993,macro_roc_auc,-0.0008696263669552007
3,1994,macro_roc_auc,0.0019692724851045895
3,1995,macro_roc_auc,0.001641202157197208
3,1996,macro_roc_auc,0.015062964965681158
3,1997,macro_roc_auc,0.0009891549488658669
3,1998,macro_roc_auc,0.004628037948336106
3,1999,macro_roc_auc,0.021941606884686826
3,0,micro_roc_auc,0.0004922063084017436
3,1,micro_roc_auc,0.003946019062818218
3,2,micro_roc_auc,-0.002800022213583553
3,3,micro_roc_auc,0.006728616562903356
3,4,micro_roc_auc,-0.0062080998357194606
3,5,micro_roc_auc,-0.002530543677458752
3,6,micro_roc_auc,-0.00020735353535350498
3,7,micro_roc_auc,-0.0038417739735455703
3,8,micro_roc_auc,0.002720782552407708
3,9,micro_roc_auc,-0.005728820589702255
3,10,micro_roc_auc,0.0010528719938559528
3,11,micro_roc_auc,-0.012796787145957667
3,12,micro_roc_auc,-0.0004744819270121603
3,13,micro_roc_auc,-0.0016660023467301999
3,14,micro_roc_auc,0.00795864200738694
3,15,micro_roc_auc,-0.0021279139001154634
3,16,micro_roc_auc,0.0012462633152288127
3,17,micro_roc_auc,0.008095548902478877
3,18,micro_roc_auc,0.0014760234416049123
3,19,micro_roc_auc,0.006587874863423604
3,20,micro_roc_auc,0.0018540220584172262
3,21,micro_roc_auc,-0.008688683846654666
3,22,micro_roc_auc,0.00017823677391737291
3,23,micro_roc_auc,0.005246874651769651
3,24,micro_roc_auc,-0.007208517382563118
3,25,micro_roc_auc,9.149120236806585e-05
3,26,micro_roc_auc,-8.644172369121073e-06
3,27,micro_roc_auc,-0.011139346970652664
3,28,micro_roc_auc,0.006514301959387403
3,29,micro_roc_auc,0.0011337452393365144
3,30,micro_roc_auc,-0.005560421299180551
3,31,micro_roc_auc,0.00020360980076616908
3,32,micro_roc_auc,5.851088668185067e-05
3,33,micro_roc_auc,-0.00043328430060018963
3,34,micro_roc_auc,0.009490292107187215
3,35,micro_roc_auc,-0.0035990894209126933
3,36,micro_roc_auc,-0.003669008322370937
3,37,micro_roc_auc,0.0007673248454080905
3,38,micro_roc_auc,0.0035315283944168385
3,39,micro_roc_auc,0.006489384173921642
3,40,micro_roc_auc,-0.012733104735587863
3,41,micro_roc_auc,0.000569486918110762
3,42,micro_roc_auc,0.0014248036329189695
3,43,micro_roc_auc,-0.0034628800364725487
3,44,micro_roc_auc,-0.004479618933623919
3,45,micro_roc_auc,0.004443971861033402
3,46,micro_roc_auc,0.005179407167945516
3,47,micro_roc_auc,0.0027015084288350977
3,48,micro_roc_auc,0.003596661742358731
3,49,micro_roc_auc,0.0035817557274130385
3,50,micro_roc_auc,-0.0011084467273010379
3,51,micro_roc_auc,0.0022443641649045887
3,52,micro_roc_auc,0.0008957178509361174
3,53,micro_roc_auc,0.002129094538007026
3,54,micro_roc_auc,0.00965306858425452
3,55,micro_roc_auc,0.005268174704027406
3,56,micro_roc_auc,0.00275670061615374
3,57,micro_roc_auc,0.018874219288820493
3,58,micro_roc_auc,0.0006063178911148714
3,59,micro_roc_auc,0.005652260439815593
3,60,micro_roc_auc,-0.006732813301645213
3,61,micro_roc_auc,0.001963285756389155
3,62,micro_roc_auc,0.012807624363523007
3,63,micro_roc_auc,0.004844149713728818
3,64,micro_roc_auc,0.004200959269802906
3,65,micro_roc_auc,-6.353886036647438e-06
3,66,micro_roc_auc,-0.003206659906653586
3,67,micro_roc_auc,0.008055942393760729
3,68,micro_roc_auc,0.006382495924376896
3,69,micro_roc_auc,0.0005478073681405293
3,70,micro_roc_auc,0.007797178542138683
3,71,micro_roc_auc,0.004282095758227689
3,72,micro_roc_auc,-0.0005072065900576517
3,73,micro_roc_auc,-0.0015261398176291685
3,74,micro_roc_auc,0.00731022015061511
3,75,micro_roc_auc,-0.010793377836775586
3,76,micro_roc_auc,0.0015570869464607284
3,77,micro_roc_auc,0.0024076202778321454
3,78,micro_roc_auc,0.0017762617094645439
3,79,micro_roc_auc,0.007467744511741148
3,80,micro_roc_auc,-0.003417285071725562
3,81,micro_roc_auc,-0.007744625667292837
3,82,micro_roc_auc,-0.006704898217081978
3,83,micro_roc_auc,0.0001234114848793766
3,84,micro_roc_auc,-0.008206056942840712
3,85,micro_roc_auc,-0.0017833342264493846
3,86,micro_roc_auc,-0.0011944826812959608
3,87,micro_roc_auc,-0.0014651541611023777
3,88,micro_roc_auc,0.010363710150650185
3,89,micro_roc_auc,-0.0015432527589694933
3,90,micro_roc_auc,0.0021325473378975834
3,91,micro_roc_auc,0.0031026519304850897
3,92,micro_roc_auc,-0.0064069316899044715
3,93,micro_roc_auc,-0.012530531366111819
3,94,micro_roc_auc,-0.003536871831560817
3,95,micro_roc_auc,0.0006118399803128893
3,96,micro_roc_auc,0.005611441232254433
3,97,micro_roc_auc,-0.0020606230442296036
3,98,micro_roc_auc,0.003752420797202838
3,99,micro_roc_auc,-0.001018401657166379
3,100,micro_roc_auc,-0.007079238121892151
3,101,micro_roc_auc,-0.002115026758876648
3,102,micro_roc_auc,-0.002480064938740534
3,103,micro_roc_auc,-0.0003765983485171098
3,104,micro_roc_auc,0.003906280633788173
3,105,micro_roc_auc,-0.005017262462685301
3,106,micro_roc_auc,0.01563131131218698
3,107,micro_roc_auc,-0.0020667474747475545
3,108,micro_roc_auc,0.004389615570654315
3,109,micro_roc_auc,-0.0003735487339500132
3,110,micro_roc_auc,-0.011478479196556646
3,111,micro_roc_auc,0.00858753880387908
3,112,micro_roc_auc,-0.002633890577507625
3,113,micro_roc_auc,-0.0015794578568903983
3,114,micro_roc_auc,0.0014569321629418486
3,115,micro_roc_auc,0.0061444873407496825
3,116,micro_roc_auc,-0.011455623100304013
3,117,micro_roc_auc,0.005729323628362426
3,118,micro_roc_auc,-0.004340872848301092
3,119,micro_roc_auc,0.002410496504984705
3,120,micro_roc_auc,0.0015662978461815635
3,121,micro_roc_auc,-0.006691062460704722
3,122,micro_roc_auc,0.006958128708819289
3,123,micro_roc_auc,0.0029083248386000404
3,124,micro_roc_auc,0.0045175021638265145
3,125,micro_roc_auc,0.010706846247601431
3,126,micro_roc_auc,-0.004576310675498907
3,127,micro_roc_auc,0.0013469314256715492
3,128,micro_roc_auc,0.012309666889062543
3,129,micro_roc_auc,0.010184287955888105
3,130,micro_roc_auc,0.001290913974737462
3,131,micro_roc_auc,0.0022582309036699444
3,132,micro_roc_auc,0.0024532237808382318
3,133,micro_roc_auc,5.9771865697388904e-05
3,134,micro_roc_auc,-0.009099380623137199
3,135,micro_roc_auc,-0.0024558619131329618
3,136,micro_roc_auc,0.0036596056032321966
3,137,micro_roc_auc,0.0009590984072351816
3,138,micro_roc_auc,-0.005017501848101347
3,139,micro_roc_auc,-0.002628516483947574
3,140,micro_roc_auc,0.005543933896694608
3,141,micro_roc_auc,-0.008246609120507009
3,142,micro_roc_auc,0.0040415204216932565
3,143,micro_roc_auc,-0.003259710829529805
3,144,micro_roc_auc,-0.00029261925813650613
3,145,micro_roc_auc,-0.005025213605772683
3,146,micro_roc_auc,0.004758681062824843
3,147,micro_roc_auc,-0.0025438619258504325
3,148,micro_roc_auc,0.003923245416629251
3,149,micro_roc_auc,0.001222402451112936
3,150,micro_roc_auc,-0.0037010855814911814
3,151,micro_roc_auc,-0.0038602799923505016
3,152,micro_roc_auc,-0.0015720754110881696
3,153,micro_roc_auc,-0.002994573526626909
3,154,micro_roc_auc,-0.009379573408892061
3,155,micro_roc_auc,-0.004917417709896066
3,156,micro_roc_auc,0.003280476385701503
3,157,micro_roc_auc,-0.0010971264112678014
3,158,micro_roc_auc,0.0019989344267368203
3,159,micro_roc_auc,0.003738069099128216
3,160,micro_roc_auc,0.0014481306700991903
3,161,micro_roc_auc,-0.006198817045011351
3,162,micro_roc_auc,0.005108229979858714
3,163,micro_roc_auc,-0.009117190839108114
3,164,micro_roc_auc,0.011507885822368946
3,165,micro_roc_auc,0.003698784194528848
3,166,micro_roc_auc,-0.0015615753163684687
3,167,micro_roc_auc,-0.00653516343171523
3,168,micro_roc_auc,0.014160747425451481
3,169,micro_roc_auc,-0.0009643640801052511
3,170,micro_roc_auc,0.005954629514391296
3,171,micro_roc_auc,-0.0016416417530298322
3,172,micro_roc_auc,-0.0003456446784058098
3,173,micro_roc_auc,-0.010445061577028958
3,174,micro_roc_auc,0.0026129752401570228
3,175,micro_roc_auc,0.0051094224924012055
3,176,micro_roc_auc,-0.005703606214679469
3,177,micro_roc_auc,0.00793681469227614
3,178,micro_roc_auc,0.003500490020086011
3,179,micro_roc_auc,0.005242697525793316
3,180,micro_roc_auc,-0.003464334694180171
3,181,micro_roc_auc,0.006500864041847687
3,182,micro_roc_auc,-0.0031746738777425065
3,183,micro_roc_auc,0.008688609268666103
3,184,micro_roc_auc,0.0038070301291248665
3,185,micro_roc_auc,0.002342172682091803
3,186,micro_roc_auc,-0.0002672964656630361
3,187,micro_roc_auc,0.002340914459978971
3,188,micro_roc_auc,0.012738118248394659
3,189,micro_roc_auc,0.009004721841979757
3,190,micro_roc_auc,0.002917151334613899
3,191,micro_roc_auc,0.00027736271347311714
3,192,micro_roc_auc,0.01976656834476742
3,193,micro_roc_auc,-8.672860940006633e-05
3,194,micro_roc_auc,0.0013115602898081669
3,195,micro_roc_auc,-0.00676660462483869
3,196,micro_roc_auc,-0.00622754662840741
3,197,micro_roc_auc,0.005613713664419762
3,198,micro_roc_auc,0.011116396244032267
3,199,micro_roc_auc,-0.0002289777086210698
3,200,micro_roc_auc,-0.0025632145610283708
3,201,micro_roc_auc,0.002641015842296923
3,202,micro_roc_auc,0.011661528442368674
3,203,micro_roc_auc,-0.0016311939830742084
3,204,micro_roc_auc,0.008091334843066011
3,205,micro_roc_auc,0.009109197710004291
3,206,micro_roc_auc,-0.0025675261521184156
3,207,micro_roc_auc,-0.005984899319362524
3,208,micro_roc_auc,0.0014376387034498173
3,209,micro_roc_auc,0.0016559183653539478
3,210,micro_roc_auc,0.010428660905730913
3,211,micro_roc_auc,-0.00015556093511037705
3,212,micro_roc_auc,0.004174456657323522
3,213,micro_roc_auc,0.004610888094686905
3,214,micro_roc_auc,-0.002168815545120273
3,215,micro_roc_auc,-0.0060995680792248486
3,216,micro_roc_auc,-0.007875714546184631
3,217,micro_roc_auc,0.0036227081682875806
3,218,micro_roc_auc,0.0037781042329688708
3,219,micro_roc_auc,-0.003546702657044265
3,220,micro_roc_auc,0.00966060916547895
3,221,micro_roc_auc,0.008419946234214715
3,222,micro_roc_auc,-0.0024326442388497016
3,223,micro_roc_auc,-0.000895170082315655
3,224,micro_roc_auc,0.0024094058894591486
3,225,micro_roc_auc,0.0030372278217328796
3,226,micro_roc_auc,7.747489239595673e-05
3,227,micro_roc_auc,-0.003111706338664977
3,228,micro_roc_auc,0.008854358265987794
3,229,micro_roc_auc,-0.0013868518689817977
3,230,micro_roc_auc,-0.00016923974010107923
3,231,micro_roc_auc,0.008793058860375402
3,232,micro_roc_auc,0.007668128583173561
3,233,micro_roc_auc,0.00034449694740557035
3,234,micro_roc_auc,0.0018751175992025582
3,235,micro_roc_auc,0.010933009512244407
3,236,micro_roc_auc,-0.00372672027844434
3,237,micro_roc_auc,0.0029094950587246204
3,238,micro_roc_auc,-0.0005715645200599084
3,239,micro_roc_auc,-0.0003444038968115626
3,240,micro_roc_auc,-0.00032439670265704823
3,241,micro_roc_auc,-0.0014179914923418968
3,242,micro_roc_auc,-0.0069920741604109216
3,243,micro_roc_auc,0.00341852240410101
3,244,micro_roc_auc,-0.00014556553008249207
3,245,micro_roc_auc,0.007683904629221305
3,246,micro_roc_auc,0.002279825012065473
3,247,micro_roc_auc,0.008689003851908295
3,248,micro_roc_auc,0.00021051442852393354
3,249,micro_roc_auc,-0.0023978830068625
3,250,micro_roc_auc,0.0011027686393463298
3,251,micro_roc_auc,-0.0090325271369327
3,252,micro_roc_auc,-0.008957459779131538
3,253,micro_roc_auc,-0.0019563944565814673
3,254,micro_roc_auc,0.00123837526509607
3,255,micro_roc_auc,0.0010337621921177043
3,256,micro_roc_auc,0.0006626475801866372
3,257,micro_roc_auc,0.002788874546547082
3,258,micro_roc_auc,0.0001823646727342476
3,259,micro_roc_auc,0.006188995792185903
3,260,micro_roc_auc,-0.002083268855807563
3,261,micro_roc_auc,-0.0016388674317715513
3,262,micro_roc_auc,0.007343997080647147
3,263,micro_roc_auc,0.009783646197900064
3,264,micro_roc_auc,0.005254347442308793
3,265,micro_roc_auc,0.0028820041511409267
3,266,micro_roc_auc,-0.012957702087684098
3,267,micro_roc_auc,0.0029348939693766285
3,268,micro_roc_auc,-0.00046333045679336493
3,269,micro_roc_auc,-0.015235222281503202
3,270,micro_roc_auc,0.013101331940454486
3,271,micro_roc_auc,-0.0016312051428610808
3,272,micro_roc_auc,0.009022448109129111
3,273,micro_roc_auc,9.33496298509695e-05
3,274,micro_roc_auc,-0.006277506702300317
3,275,micro_roc_auc,-0.01001344086021505
3,276,micro_roc_auc,-0.004794080897085995
3,277,micro_roc_auc,-0.000414195522650429
3,278,micro_roc_auc,-0.0032086751391180446
3,279,micro_roc_auc,-0.006261875080346591
3,280,micro_roc_auc,0.0007346763059840056
3,281,micro_roc_auc,-0.006902731371677184
3,282,micro_roc_auc,0.00045057875207299425
3,283,micro_roc_auc,-0.0002931439326412377
3,284,micro_roc_auc,-0.012441543437327174
3,285,micro_roc_auc,0.00654247606867886
3,286,micro_roc_auc,0.0028801147853810827
3,287,micro_roc_auc,-0.009080318394491083
3,288,micro_roc_auc,0.00555976708050443
3,289,micro_roc_auc,0.005447363638250269
3,290,micro_roc_auc,0.0057775923442101584
3,291,micro_roc_auc,0.002649652482074716
3,292,micro_roc_auc,0.009749873912495266
3,293,micro_roc_auc,0.0017862698578353653
3,294,micro_roc_auc,0.010402569209843171
3,295,micro_roc_auc,-0.010274217535246932
3,296,micro_roc_auc,-0.002438439398784853
3,297,micro_roc_auc,-0.006646459462347987
3,298,micro_roc_auc,0.004969231614516012
3,299,micro_roc_auc,0.010469636737669541
3,300,micro_roc_auc,0.006626190819861488
3,301,micro_roc_auc,0.000980766244792708
3,302,micro_roc_auc,0.0057276874034325465
3,303,micro_roc_auc,-0.002145732579440063
3,304,micro_roc_auc,0.0006286468610211537
3,305,micro_roc_auc,-0.0011424660113540375
3,306,micro_roc_auc,0.008151062155782873
3,307,micro_roc_auc,0.0017529381791596688
3,308,micro_roc_auc,-0.0017942021415513487
3,309,micro_roc_auc,0.0017017216642754018
3,310,micro_roc_auc,-0.0019373925107111223
3,311,micro_roc_auc,0.0025716507931849986
3,312,micro_roc_auc,0.008747502784981487
3,313,micro_roc_auc,0.0018872058268768477
3,314,micro_roc_auc,0.00839185040006818
3,315,micro_roc_auc,0.001696339807007341
3,316,micro_roc_auc,-5.134050189581352e-05
3,317,micro_roc_auc,0.0007858774031250793
3,318,micro_roc_auc,-0.0004358314380638051
3,319,micro_roc_auc,-0.007512510113737658
3,320,micro_roc_auc,0.0030107686752617324
3,321,micro_roc_auc,0.0020031075180150237
3,322,micro_roc_auc,0.011466651857610977
3,323,micro_roc_auc,0.008157468201423046
3,324,micro_roc_auc,0.006306148413563917
3,325,micro_roc_auc,0.0005804676799713304
3,326,micro_roc_auc,0.0015137013196460103
3,327,micro_roc_auc,0.00362299661985499
3,328,micro_roc_auc,-0.012305247442728984
3,329,micro_roc_auc,-0.002197371495760936
3,330,micro_roc_auc,-0.010477694373245416
3,331,micro_roc_auc,0.0033713784652525947
3,332,micro_roc_auc,-0.0034311874948012022
3,333,micro_roc_auc,0.008330099537428248
3,334,micro_roc_auc,0.004146493619214264
3,335,micro_roc_auc,-0.0006716326779826476
3,336,micro_roc_auc,0.002382195609915261
3,337,micro_roc_auc,-0.013035866261398188
3,338,micro_roc_auc,0.0015093874234641813
3,339,micro_roc_auc,-0.005310159234680811
3,340,micro_roc_auc,0.0014615430049185196
3,341,micro_roc_auc,0.006374987584602088
3,342,micro_roc_auc,-0.008294552118620513
3,343,micro_roc_auc,0.0038982616065497133
3,344,micro_roc_auc,0.005475590461907931
3,345,micro_roc_auc,-0.003827323604946309
3,346,micro_roc_auc,0.0044896783080484726
3,347,micro_roc_auc,0.004210347996660091
3,348,micro_roc_auc,0.004238823788577539
3,349,micro_roc_auc,-0.00014560815830177987
3,350,micro_roc_auc,0.004814427410815614
3,351,micro_roc_auc,-0.005371095420138916
3,352,micro_roc_auc,0.0018283245576380391
3,353,micro_roc_auc,-0.0014135078160629755
3,354,micro_roc_auc,0.0036275769551378234
3,355,micro_roc_auc,0.01000393956207879
3,356,micro_roc_auc,-0.0064773276578107275
3,357,micro_roc_auc,0.006119522557832546
3,358,micro_roc_auc,0.006033707101597008
3,359,micro_roc_auc,-0.0022365612913770594
3,360,micro_roc_auc,0.007748373269700237
3,361,micro_roc_auc,0.004349210903873746
3,362,micro_roc_auc,-0.0009012926967723045
3,363,micro_roc_auc,-0.00256885393229922
3,364,micro_roc_auc,0.0012203817169315068
3,365,micro_roc_auc,-0.008100080226386197
3,366,micro_roc_auc,0.002549471142762938
3,367,micro_roc_auc,0.0002881667688534595
3,368,micro_roc_auc,-0.0008545018496873835
3,369,micro_roc_auc,0.013384029618410453
3,370,micro_roc_auc,-0.002532847732388599
3,371,micro_roc_auc,0.006490644987253491
3,372,micro_roc_auc,-0.005723270547575043
3,373,micro_roc_auc,0.002354417927641572
3,374,micro_roc_auc,0.014185627118497579
3,375,micro_roc_auc,0.001260092358724596
3,376,micro_roc_auc,0.0018997367762836337
3,377,micro_roc_auc,0.0066468618944452995
3,378,micro_roc_auc,0.003844678959886272
3,379,micro_roc_auc,0.00683674101051579
3,380,micro_roc_auc,0.0013571235469045373
3,381,micro_roc_auc,0.001602715269421795
3,382,micro_roc_auc,0.0036047184149999856
3,383,micro_roc_auc,0.004154633648641548
3,384,micro_roc_auc,-0.0026245106772193605
3,385,micro_roc_auc,-0.002121033500343872
3,386,micro_roc_auc,0.00414602654523244
3,387,micro_roc_auc,0.0018966808160116866
3,388,micro_roc_auc,0.0011503656282928487
3,389,micro_roc_auc,-0.0022267733733120076
3,390,micro_roc_auc,0.006504112589337696
3,391,micro_roc_auc,-0.002240711800356121
3,392,micro_roc_auc,0.007140819878744709
3,393,micro_roc_auc,0.0016491607560201738
3,394,micro_roc_auc,-0.0042937544932856175
3,395,micro_roc_auc,-5.985777791961411e-05
3,396,micro_roc_auc,-0.0035877337717555857
3,397,micro_roc_auc,-0.009911528192108832
3,398,micro_roc_auc,-0.00020391667311103756
3,399,micro_roc_auc,-0.00814715375366748
3,400,micro_roc_auc,0.001901021410797954
3,401,micro_roc_auc,0.007900458285219347
3,402,micro_roc_auc,-0.000573388498392724
3,403,micro_roc_auc,0.0061675552811600864
3,404,micro_roc_auc,0.0006273467303474778
3,405,micro_roc_auc,-0.0026125976258418726
3,406,micro_roc_auc,-0.007939732059820459
3,407,micro_roc_auc,-0.00017838869140285318
3,408,micro_roc_auc,0.005100064934188242
3,409,micro_roc_auc,-0.002425060212994379
3,410,micro_roc_auc,0.0030864197530864335
3,411,micro_roc_auc,0.004905515947117078
3,412,micro_roc_auc,-0.0006781692360022795
3,413,micro_roc_auc,-4.7049459470649424e-05
3,414,micro_roc_auc,-0.0014780253503544616
3,415,micro_roc_auc,0.008457000872061693
3,416,micro_roc_auc,0.0060388809182210235
3,417,micro_roc_auc,-0.002942947234273796
3,418,micro_roc_auc,0.0007790390508876088
3,419,micro_roc_auc,-0.0026357490603915457
3,420,micro_roc_auc,0.0035690189941620654
3,421,micro_roc_auc,-0.005228060284910074
3,422,micro_roc_auc,0.00017238735386959636
3,423,micro_roc_auc,0.012854117198239812
3,424,micro_roc_auc,0.0016194379297646
3,425,micro_roc_auc,-0.0021772278219023278
3,426,micro_roc_auc,-0.007344568533023121
3,427,micro_roc_auc,0.004672470277004459
3,428,micro_roc_auc,-0.001476850097539728
3,429,micro_roc_auc,-0.0005093228550410167
3,430,micro_roc_auc,0.004185717405917
3,431,micro_roc_auc,-0.002277618294500683
3,432,micro_roc_auc,-0.0014186148316321923
3,433,micro_roc_auc,-0.0004871450579504444
3,434,micro_roc_auc,-0.002758795270377812
3,435,micro_roc_auc,-0.002583441527335917
3,436,micro_roc_auc,0.0028414729694437035
3,437,micro_roc_auc,0.002273352881971613
3,438,micro_roc_auc,0.008517271487130107
3,439,micro_roc_auc,-0.011286444528045614
3,440,micro_roc_auc,0.006857213471143209
3,441,micro_roc_auc,-0.0035911057592669104
3,442,micro_roc_auc,-0.0011769883336657516
3,443,micro_roc_auc,-0.002165394637125062
3,444,micro_roc_auc,0.004257819225251147
3,445,micro_roc_auc,-0.00471233414546901
3,446,micro_roc_auc,-0.004021015960379959
3,447,micro_roc_auc,-0.009371450208254473
3,448,micro_roc_auc,0.008782865898217751
3,449,micro_roc_auc,-2.8182539987264832e-05
3,450,micro_roc_auc,-0.0026542540235277023
3,451,micro_roc_auc,0.00390276409395951
3,452,micro_roc_auc,0.013263907109457684
3,453,micro_roc_auc,0.006196571685744501
3,454,micro_roc_auc,0.004263209535475543
3,455,micro_roc_auc,-0.003690957833960451
3,456,micro_roc_auc,-0.00045543785183321805
3,457,micro_roc_auc,-0.010514228051763164
3,458,micro_roc_auc,-0.005085044864454269
3,459,micro_roc_auc,-0.008263568129330268
3,460,micro_roc_auc,0.005283341134121433
3,461,micro_roc_auc,0.0035330748991950767
3,462,micro_roc_auc,0.005516441423214946
3,463,micro_roc_auc,-0.0005116562850291384
3,464,micro_roc_auc,-0.005364932232434949
3,465,micro_roc_auc,0.0061602895667493
3,466,micro_roc_auc,0.0019580096441113026
3,467,micro_roc_auc,-0.0029715460705913577
3,468,micro_roc_auc,0.011193512921623516
3,469,micro_roc_auc,0.004847396877801113
3,470,micro_roc_auc,0.0005955353657070006
3,471,micro_roc_auc,0.0028009174498555556
3,472,micro_roc_auc,5.571501877144058e-05
3,473,micro_roc_auc,0.003064736914960675
3,474,micro_roc_auc,0.0009481992423311381
3,475,micro_roc_auc,0.0013366851595006946
3,476,micro_roc_auc,-0.0036284889549577093
3,477,micro_roc_auc,-0.0009112574278450358
3,478,micro_roc_auc,0.005415727375141732
3,479,micro_roc_auc,0.001113018873107774
3,480,micro_roc_auc,-0.006095790331759332
3,481,micro_roc_auc,0.005508836075563739
3,482,micro_roc_auc,-0.0008085728290624372
3,483,micro_roc_auc,-0.00012240545492769872
3,484,micro_roc_auc,-0.0038409722369024957
3,485,micro_roc_auc,0.006307557125246888
3,486,micro_roc_auc,0.007769948266936555
3,487,micro_roc_auc,0.0005173478651615548
3,488,micro_roc_auc,0.0036986526140880827
3,489,micro_roc_auc,0.0016464073489439457
3,490,micro_roc_auc,0.02084438214009765
3,491,micro_roc_auc,0.0105502530020537
3,492,micro_roc_auc,0.0037845386911983248
3,493,micro_roc_auc,0.010033606711080556
3,494,micro_roc_auc,0.005478688726088032
3,495,micro_roc_auc,-0.0024446935375896928
3,496,micro_roc_auc,-0.0011123088659656943
3,497,micro_roc_auc,0.000723375785550262
3,498,micro_roc_auc,0.008079182534506346
3,499,micro_roc_auc,0.0033484042892002464
3,500,micro_roc_auc,0.0010479386691506498
3,501,micro_roc_auc,-0.004061798375887604
3,502,micro_roc_auc,-0.007189781021897823
3,503,micro_roc_auc,0.007267089528118942
3,504,micro_roc_auc,-0.005459171864792056
3,505,micro_roc_auc,0.0014112323232323698
3,506,micro_roc_auc,-0.00010959573396507327
3,507,micro_roc_auc,0.004767368553776352
3,508,micro_roc_auc,0.007110211543483902
3,509,micro_roc_auc,-0.007513481571720493
3,510,micro_roc_auc,0.008220878306690826
3,511,micro_roc_auc,0.006484168978508009
3,512,micro_roc_auc,-0.009799954875724604
3,513,micro_roc_auc,0.004482711076754797
3,514,micro_roc_auc,0.0021453312643445743
3,515,micro_roc_auc,-0.00902717899417571
3,516,micro_roc_auc,0.0002929726962916934
3,517,micro_roc_auc,0.0035591890753478017
3,518,micro_roc_auc,0.0019534308662491062
3,519,micro_roc_auc,-0.0013710326231373138
3,520,micro_roc_auc,-0.008030107729682823
3,521,micro_roc_auc,0.00532419324247424
3,522,micro_roc_auc,-0.008371916745547825
3,523,micro_roc_auc,-0.0075075082957415384
3,524,micro_roc_auc,-0.0024101033086649792
3,525,micro_roc_auc,-0.006102167450916185
3,526,micro_roc_auc,0.006146649622015721
3,527,micro_roc_auc,0.0070695222889686216
3,528,micro_roc_auc,-0.003676239672453563
3,529,micro_roc_auc,-0.004256097560975558
3,530,micro_roc_auc,0.001774464233210149
3,531,micro_roc_auc,0.006667504125743906
3,532,micro_roc_auc,0.009632209897430632
3,533,micro_roc_auc,-0.01001284148017667
3,534,micro_roc_auc,0.007555669710047508
3,535,micro_roc_auc,0.0006465872837131403
3,536,micro_roc_auc,-0.006116807657532863
3,537,micro_roc_auc,0.0019836668504747967
3,538,micro_roc_auc,-0.011795712625096488
3,539,micro_roc_auc,0.0004925665061951134
3,540,micro_roc_auc,0.01132663898988906
3,541,micro_roc_auc,0.001959470607313607
3,542,micro_roc_auc,0.007704462333847695
3,543,micro_roc_auc,0.00581022158916078
3,544,micro_roc_auc,-0.005011149493833744
3,545,micro_roc_auc,-0.0068637863921799935
3,546,micro_roc_auc,-0.003044039739958704
3,547,micro_roc_auc,0.0005797650625236628
3,548,micro_roc_auc,-0.002418377626743462
3,549,micro_roc_auc,0.004199134457478881
3,550,micro_roc_auc,0.0005917548917611093
3,551,micro_roc_auc,-0.009245967981194592
3,552,micro_roc_auc,0.004385344088156828
3,553,micro_roc_auc,-0.008898432782396548
3,554,micro_roc_auc,-0.001473558463457314
3,555,micro_roc_auc,0.002396663914265962
3,556,micro_roc_auc,0.0051563950394566405
3,557,micro_roc_auc,0.008524707929800868
3,558,micro_roc_auc,0.009377294433741246
3,559,micro_roc_auc,-0.005918718725581806
3,560,micro_roc_auc,0.004116307692307641
3,561,micro_roc_auc,-0.011852268293399248
3,562,micro_roc_auc,-0.012068837114732833
3,563,micro_roc_auc,-0.011784954159455019
3,564,micro_roc_auc,0.0031744173453539526
3,565,micro_roc_auc,0.0002665443744005458
3,566,micro_roc_auc,0.001877305505343596
3,567,micro_roc_auc,0.0024287691974392844
3,568,micro_roc_auc,0.004217483670793332
3,569,micro_roc_auc,0.004264344119375041
3,570,micro_roc_auc,-0.0028896351307716728
3,571,micro_roc_auc,-0.0006553001497014987
3,572,micro_roc_auc,-0.0014523893750865158
3,573,micro_roc_auc,0.0022138981266749402
3,574,micro_roc_auc,-0.009810931187614447
3,575,micro_roc_auc,-0.0011314249608527227
3,576,micro_roc_auc,-0.005042732752693846
3,577,micro_roc_auc,0.002868220880428596
3,578,micro_roc_auc,0.005054505794819697
3,579,micro_roc_auc,0.0029576128008317326
3,580,micro_roc_auc,0.006914495662512232
3,581,micro_roc_auc,-0.006940557591764818
3,582,micro_roc_auc,-0.010999078608251
3,583,micro_roc_auc,0.005876180767923844
3,584,micro_roc_auc,0.002546138631278838
3,585,micro_roc_auc,0.0031798240294206304
3,586,micro_roc_auc,0.013882528051293752
3,587,micro_roc_auc,0.008154479569923656
3,588,micro_roc_auc,0.00310797819343156
3,589,micro_roc_auc,0.0011010172872299995
3,590,micro_roc_auc,-0.0070071541801477455
3,591,micro_roc_auc,0.0006181001230585181
3,592,micro_roc_auc,0.010774421398553669
3,593,micro_roc_auc,0.006762073799249646
3,594,micro_roc_auc,0.009796510150259063
3,595,micro_roc_auc,-0.001726041781869192
3,596,micro_roc_auc,0.00421887784374031
3,597,micro_roc_auc,-0.006120122555645757
3,598,micro_roc_auc,0.0031198776951204543
3,599,micro_roc_auc,-0.008233820721490814
3,600,micro_roc_auc,0.0012184788601607988
3,601,micro_roc_auc,0.0008266394835201307
3,602,micro_roc_auc,-0.00831079185038075
3,603,micro_roc_auc,-0.0009856872063953581
3,604,micro_roc_auc,0.0013358269177313753
3,605,micro_roc_auc,0.004673422659813409
3,606,micro_roc_auc,0.0006299986792480672
3,607,micro_roc_auc,-0.0011243035380966715
3,608,micro_roc_auc,-0.00019577249089097748
3,609,micro_roc_auc,-0.0014000180875962664
3,610,micro_roc_auc,-0.0011438193006308994
3,611,micro_roc_auc,9.4051318522137e-05
3,612,micro_roc_auc,-0.010336932310633706
3,613,micro_roc_auc,-8.302326872877686e-05
3,614,micro_roc_auc,0.005355813717708102
3,615,micro_roc_auc,-0.012447066380889216
3,616,micro_roc_auc,-0.007929842180774749
3,617,micro_roc_auc,-0.003026961754925561
3,618,micro_roc_auc,0.007472484581653838
3,619,micro_roc_auc,0.0020740803932755014
3,620,micro_roc_auc,0.009976558225452736
3,621,micro_roc_auc,0.01163131679216134
3,622,micro_roc_auc,-0.002198360017981349
3,623,micro_roc_auc,-0.0014881292897566123
3,624,micro_roc_auc,0.0028599666920885447
3,625,micro_roc_auc,-0.006610809608387336
3,626,micro_roc_auc,-0.0001480131676799834
3,627,micro_roc_auc,0.0024913057737625532
3,628,micro_roc_auc,-0.013611221831100528
3,629,micro_roc_auc,0.0007815923573064598
3,630,micro_roc_auc,0.0038335914146762073
3,631,micro_roc_auc,0.00431728583285218
3,632,micro_roc_auc,0.011808754699749957
3,633,micro_roc_auc,0.00322835848960501
3,634,micro_roc_auc,0.001999273326287465
3,635,micro_roc_auc,0.008381802288262352
3,636,micro_roc_auc,0.0042861026163778515
3,637,micro_roc_auc,-0.0009095696299488143
3,638,micro_roc_auc,0.009107335984637088
3,639,micro_roc_auc,0.0004554110875606421
3,640,micro_roc_auc,0.0011155402614335674
3,641,micro_roc_auc,-0.0021433830307500124
3,642,micro_roc_auc,-0.0041512118997341085
3,643,micro_roc_auc,-0.005193067768007875
3,644,micro_roc_auc,0.004730864431262027
3,645,micro_roc_auc,0.0012273587456069768
3,646,micro_roc_auc,0.010616969272460364
3,647,micro_roc_auc,0.007493336540712714
3,648,micro_roc_auc,-0.005511868087876959
3,649,micro_roc_auc,0.005628058570974259
3,650,micro_roc_auc,0.00458071126237003
3,651,micro_roc_auc,0.005987342736976764
3,652,micro_roc_auc,0.00477074703211966
3,653,micro_roc_auc,-0.0004917612262822502
3,654,micro_roc_auc,0.0036633269666674906
3,655,micro_roc_auc,0.007739320256195059
3,656,micro_roc_auc,-0.010143317208788472
3,657,micro_roc_auc,-0.0007679336216913635
3,658,micro_roc_auc,-0.0011926110504251186
3,659,micro_roc_auc,0.007775411508940122
3,660,micro_roc_auc,0.0009723099378271538
3,661,micro_roc_auc,0.00664298320592438
3,662,micro_roc_auc,0.00320030098279378
3,663,micro_roc_auc,-0.007542985848409289
3,664,micro_roc_auc,0.0014123103389297453
3,665,micro_roc_auc,0.0004568783665537257
3,666,micro_roc_auc,-0.0018471959388423054
3,667,micro_roc_auc,-0.004807683841333676
3,668,micro_roc_auc,0.013710571370534885
3,669,micro_roc_auc,-0.000587182483894777
3,670,micro_roc_auc,0.00648633151000888
3,671,micro_roc_auc,-0.003177890822556928
3,672,micro_roc_auc,0.016180622753259377
3,673,micro_roc_auc,0.0030979110944754362
3,674,micro_roc_auc,0.0008297354217229325
3,675,micro_roc_auc,0.0015483065397221552
3,676,micro_roc_auc,-0.0051410291069659
3,677,micro_roc_auc,-0.007419421234441503
3,678,micro_roc_auc,0.006919730310849359
3,679,micro_roc_auc,-0.00627612716350745
3,680,micro_roc_auc,-0.0022392903853464263
3,681,micro_roc_auc,-0.0002594679256364696
3,682,micro_roc_auc,0.0071704372400380745
3,683,micro_roc_auc,-0.0028270885151568947
3,684,micro_roc_auc,-0.0002182025640168339
3,685,micro_roc_auc,-0.005569505026028931
3,686,micro_roc_auc,-0.0008429970390352315
3,687,micro_roc_auc,0.00737213525410807
3,688,micro_roc_auc,-0.015020425940944993
3,689,micro_roc_auc,0.006160418681449675
3,690,micro_roc_auc,0.006627123129855361
3,691,micro_roc_auc,-0.0006126508617489979
3,692,micro_roc_auc,0.004892149797909862
3,693,micro_roc_auc,-0.012996576039639662
3,694,micro_roc_auc,0.0034076628196608727
3,695,micro_roc_auc,0.01187910712238116
3,696,micro_roc_auc,0.0013214285714285845
3,697,micro_roc_auc,0.012572992310638909
3,698,micro_roc_auc,-0.011746914576698964
3,699,micro_roc_auc,0.009724897212904371
3,700,micro_roc_auc,0.009475960884536283
3,701,micro_roc_auc,-0.0009714301644192513
3,702,micro_roc_auc,0.002111995022584301
3,703,micro_roc_auc,-0.001811106657055972
3,704,micro_roc_auc,-0.0003496706421751705
3,705,micro_roc_auc,-0.009026877521392307
3,706,micro_roc_auc,-0.002030711323906975
3,707,micro_roc_auc,0.0009530846484935296
3,708,micro_roc_auc,-0.0027297786802124024
3,709,micro_roc_auc,0.008880191713281027
3,710,micro_roc_auc,-0.0001757148806058595
3,711,micro_roc_auc,0.001993125004445262
3,712,micro_roc_auc,0.011331904951523364
3,713,micro_roc_auc,-0.009783725606329563
3,714,micro_roc_auc,0.005941897589838874
3,715,micro_roc_auc,-0.007105722434269324
3,716,micro_roc_auc,0.001686138749755095
3,717,micro_roc_auc,-0.012224978961724808
3,718,micro_roc_auc,-0.001088187926917339
3,719,micro_roc_auc,0.011697920027728403
3,720,micro_roc_auc,0.00518370722938033
3,721,micro_roc_auc,-0.005988600868118921
3,722,micro_roc_auc,-0.00808017081058554
3,723,micro_roc_auc,-0.00037561810012298746
3,724,micro_roc_auc,0.00723727924462314
3,725,micro_roc_auc,0.0023587937521931668
3,726,micro_roc_auc,0.009046996642328442
3,727,micro_roc_auc,0.0028462454148585614
3,728,micro_roc_auc,0.006918841917117335
3,729,micro_roc_auc,-0.009430695587336113
3,730,micro_roc_auc,-0.004205343966341313
3,731,micro_roc_auc,0.0033741737190012833
3,732,micro_roc_auc,0.00020908535569508224
3,733,micro_roc_auc,-0.001282457367223877
3,734,micro_roc_auc,0.01133031966419118
3,735,micro_roc_auc,0.008420803443328628
3,736,micro_roc_auc,-0.005549522236770743
3,737,micro_roc_auc,-0.00038152178613815035
3,738,micro_roc_auc,-0.0012500702139175424
3,739,micro_roc_auc,-0.0009505659974187175
3,740,micro_roc_auc,0.0027701180499233313
3,741,micro_roc_auc,0.00025330489295194436
3,742,micro_roc_auc,0.01555045592705162
3,743,micro_roc_auc,-0.0005394949266362969
3,744,micro_roc_auc,0.009254507883300733
3,745,micro_roc_auc,0.011475978692008115
3,746,micro_roc_auc,0.007053090464819278
3,747,micro_roc_auc,0.0008341026919452821
3,748,micro_roc_auc,-0.0021965612958781966
3,749,micro_roc_auc,0.0048360012814988584
3,750,micro_roc_auc,-0.005234882847644173
3,751,micro_roc_auc,-0.0038654397876006774
3,752,micro_roc_auc,0.01409270473826918
3,753,micro_roc_auc,0.007628652893411969
3,754,micro_roc_auc,0.0049617267450507985
3,755,micro_roc_auc,0.0027112125371038243
3,756,micro_roc_auc,-0.005359306805281294
3,757,micro_roc_auc,0.0067346863482445896
3,758,micro_roc_auc,-0.009558575484693188
3,759,micro_roc_auc,-0.001439062773212152
3,760,micro_roc_auc,-0.008347097475563281
3,761,micro_roc_auc,0.010021037919008435
3,762,micro_roc_auc,-0.0009499950879261476
3,763,micro_roc_auc,-0.011839372591470498
3,764,micro_roc_auc,0.0010015599962743815
3,765,micro_roc_auc,0.0005475603654975236
3,766,micro_roc_auc,-0.0050517309209875405
3,767,micro_roc_auc,-0.004114076433430092
3,768,micro_roc_auc,0.003112749759031086
3,769,micro_roc_auc,0.008132053577872389
3,770,micro_roc_auc,0.011903944782239217
3,771,micro_roc_auc,0.011224915850510664
3,772,micro_roc_auc,0.0004364859806309518
3,773,micro_roc_auc,-0.005825543342676376
3,774,micro_roc_auc,0.0037575089377639426
3,775,micro_roc_auc,0.0033315901994862562
3,776,micro_roc_auc,-0.0013711759502911258
3,777,micro_roc_auc,0.00010273251652559434
3,778,micro_roc_auc,0.006352673763063144
3,779,micro_roc_auc,-0.000625042032630807
3,780,micro_roc_auc,0.007715554653086931
3,781,micro_roc_auc,-0.0050266114725014965
3,782,micro_roc_auc,0.0001733255411359158
3,783,micro_roc_auc,0.0011420721752968266
3,784,micro_roc_auc,-0.002224940245534879
3,785,micro_roc_auc,-0.0032249851599539525
3,786,micro_roc_auc,0.003792107667773381
3,787,micro_roc_auc,0.006673924903741968
3,788,micro_roc_auc,0.0033522348542969205
3,789,micro_roc_auc,-0.006738394017032245
3,790,micro_roc_auc,-0.0044299119063943015
3,791,micro_roc_auc,0.0016018105610160482
3,792,micro_roc_auc,0.013364892902381409
3,793,micro_roc_auc,0.006836655533337899
3,794,micro_roc_auc,0.0140893617021276
3,795,micro_roc_auc,0.003580073280534113
3,796,micro_roc_auc,-0.007269790977744273
3,797,micro_roc_auc,0.0017598681768923319
3,798,micro_roc_auc,0.0002477837901370128
3,799,micro_roc_auc,0.0005155142898525256
3,800,micro_roc_auc,0.007819768029769802
3,801,micro_roc_auc,-0.0017706860929468382
3,802,micro_roc_auc,-0.013188514020384345
3,803,micro_roc_auc,-0.004572933701914805
3,804,micro_roc_auc,0.005589364987954815
3,805,micro_roc_auc,0.006680780272850684
3,806,micro_roc_auc,0.0027656239539070038
3,807,micro_roc_auc,0.002001683062012094
3,808,micro_roc_auc,-0.0041959827833573105
3,809,micro_roc_auc,0.009735591564605461
3,810,micro_roc_auc,-0.00038679198802582526
3,811,micro_roc_auc,0.005537749759945476
3,812,micro_roc_auc,-0.0008598520292040224
3,813,micro_roc_auc,0.0063850039393854585
3,814,micro_roc_auc,-0.0002865791792533434
3,815,micro_roc_auc,-0.004655797367301151
3,816,micro_roc_auc,-0.007593128807395155
3,817,micro_roc_auc,-0.006496118496087555
3,818,micro_roc_auc,-0.0014155131888221595
3,819,micro_roc_auc,-0.002166071791300239
3,820,micro_roc_auc,0.008242375883529385
3,821,micro_roc_auc,0.00413887837941429
3,822,micro_roc_auc,0.005033326900524049
3,823,micro_roc_auc,0.006285222381635536
3,824,micro_roc_auc,-0.001807555527523541
3,825,micro_roc_auc,0.004528913227069831
3,826,micro_roc_auc,-0.008134510111641902
3,827,micro_roc_auc,-0.00851080869897236
3,828,micro_roc_auc,-0.00237265726999647
3,829,micro_roc_auc,-0.0004910334346504008
3,830,micro_roc_auc,-0.0027464631919599247
3,831,micro_roc_auc,-0.0031347151996726774
3,832,micro_roc_auc,0.001503379962963347
3,833,micro_roc_auc,0.00545972644376902
3,834,micro_roc_auc,0.0027257954151758135
3,835,micro_roc_auc,-0.0012324640594474356
3,836,micro_roc_auc,0.0018982371656071084
3,837,micro_roc_auc,0.0005081738293574167
3,838,micro_roc_auc,0.0017469091914397161
3,839,micro_roc_auc,-0.002296228255642907
3,840,micro_roc_auc,-0.01267489752152029
3,841,micro_roc_auc,0.01280614882749287
3,842,micro_roc_auc,0.0078043425410564415
3,843,micro_roc_auc,0.0013445197068906456
3,844,micro_roc_auc,0.014214796765595783
3,845,micro_roc_auc,0.0082831610137436
3,846,micro_roc_auc,0.0003127655978077959
3,847,micro_roc_auc,0.010155376055499432
3,848,micro_roc_auc,0.0054973448400647
3,849,micro_roc_auc,-0.0010507068237586292
3,850,micro_roc_auc,0.0055671953402520735
3,851,micro_roc_auc,0.0033688634927612204
3,852,micro_roc_auc,0.009551998247798399
3,853,micro_roc_auc,0.0031185605719263876
3,854,micro_roc_auc,0.0041140232758416495
3,855,micro_roc_auc,-0.008905091274386212
3,856,micro_roc_auc,0.009032435554752416
3,857,micro_roc_auc,-0.0025849641150187397
3,858,micro_roc_auc,-0.0076260648674442155
3,859,micro_roc_auc,-0.002767077605236423
3,860,micro_roc_auc,0.003101131663879375
3,861,micro_roc_auc,0.005185692141242315
3,862,micro_roc_auc,-0.005617954496472066
3,863,micro_roc_auc,0.0024852286921253075
3,864,micro_roc_auc,-0.002913254288391842
3,865,micro_roc_auc,-0.0017036663744086633
3,866,micro_roc_auc,0.0031539569199710016
3,867,micro_roc_auc,0.0037600303951367264
3,868,micro_roc_auc,-0.01210950424931767
3,869,micro_roc_auc,0.00473362997893767
3,870,micro_roc_auc,-0.009979489757038773
3,871,micro_roc_auc,0.0047295645480464055
3,872,micro_roc_auc,-0.005847923475776562
3,873,micro_roc_auc,-0.010618335763447728
3,874,micro_roc_auc,-0.003667601488310135
3,875,micro_roc_auc,0.00013985516090975203
3,876,micro_roc_auc,0.00943937832190389
3,877,micro_roc_auc,-0.003643472022955563
3,878,micro_roc_auc,-0.006686022445100304
3,879,micro_roc_auc,-0.002218901707784715
3,880,micro_roc_auc,-0.003443620663787672
3,881,micro_roc_auc,0.0035019297176518416
3,882,micro_roc_auc,0.013277358034161635
3,883,micro_roc_auc,-0.014771629350897042
3,884,micro_roc_auc,0.0015615718740717988
3,885,micro_roc_auc,0.0010743953634378967
3,886,micro_roc_auc,0.00801847418537105
3,887,micro_roc_auc,0.004893904644130975
3,888,micro_roc_auc,0.005962623427486657
3,889,micro_roc_auc,0.005958876821008485
3,890,micro_roc_auc,0.00727478959387029
3,891,micro_roc_auc,0.011692483826392541
3,892,micro_roc_auc,-0.008049750453548943
3,893,micro_roc_auc,0.0005121853866830728
3,894,micro_roc_auc,0.009757496209620187
3,895,micro_roc_auc,0.0029373046582361617
3,896,micro_roc_auc,-0.009863902929463375
3,897,micro_roc_auc,0.00016683577128340232
3,898,micro_roc_auc,-0.0020918985949711644
3,899,micro_roc_auc,0.0037063223428691616
3,900,micro_roc_auc,0.0023982177717013498
3,901,micro_roc_auc,-0.008207600202733811
3,902,micro_roc_auc,-0.0003238570411651098
3,903,micro_roc_auc,0.003295378583606845
3,904,micro_roc_auc,0.004450343667068535
3,905,micro_roc_auc,-0.0012602363657797655
3,906,micro_roc_auc,-0.0028978330699782617
3,907,micro_roc_auc,0.001334811189437679
3,908,micro_roc_auc,-0.013741302972802072
3,909,micro_roc_auc,-0.0022760155076285704
3,910,micro_roc_auc,-0.00941743079777202
3,911,micro_roc_auc,0.0038860924819863474
3,912,micro_roc_auc,0.003973252279635187
3,913,micro_roc_auc,-0.0017104666827308934
3,914,micro_roc_auc,-0.011021299439946564
3,915,micro_roc_auc,-0.0005574868396781563
3,916,micro_roc_auc,0.0036978517065623384
3,917,micro_roc_auc,0.00848941606628284
3,918,micro_roc_auc,0.0021519530289906275
3,919,micro_roc_auc,0.012906129500940722
3,920,micro_roc_auc,0.0010114048227976014
3,921,micro_roc_auc,-0.0020496279972799236
3,922,micro_roc_auc,-0.004336238187755637
3,923,micro_roc_auc,0.00029510116933273434
3,924,micro_roc_auc,0.0017773228782067552
3,925,micro_roc_auc,0.00795246362160118
3,926,micro_roc_auc,0.018759407678535567
3,927,micro_roc_auc,0.002376385114905233
3,928,micro_roc_auc,-0.002119512195121964
3,929,micro_roc_auc,-0.0025081277560909943
3,930,micro_roc_auc,-0.001942398187919303
3,931,micro_roc_auc,-0.004203598538031983
3,932,micro_roc_auc,-0.011191740680284501
3,933,micro_roc_auc,0.00432364075087599
3,934,micro_roc_auc,0.0017243916640539148
3,935,micro_roc_auc,0.009318236737348107
3,936,micro_roc_auc,0.005723626559608674
3,937,micro_roc_auc,-0.00776955368045662
3,938,micro_roc_auc,-0.0011444442332866345
3,939,micro_roc_auc,0.0035127690100430486
3,940,micro_roc_auc,0.0026035334266860666
3,941,micro_roc_auc,0.002494933877459471
3,942,micro_roc_auc,-0.0005851877143238093
3,943,micro_roc_auc,0.004670235435672354
3,944,micro_roc_auc,0.0009635054452655778
3,945,micro_roc_auc,-0.0011455327314494612
3,946,micro_roc_auc,-0.003214306353779839
3,947,micro_roc_auc,-0.006188011570223417
3,948,micro_roc_auc,0.0006369946627299283
3,949,micro_roc_auc,-0.0011272480061667034
3,950,micro_roc_auc,0.0011556789335391837
3,951,micro_roc_auc,0.002452327556914713
3,952,micro_roc_auc,0.0033407904930599086
3,953,micro_roc_auc,-0.0011066501498538939
3,954,micro_roc_auc,-0.001400626172484598
3,955,micro_roc_auc,0.013295755091431771
3,956,micro_roc_auc,0.001335106611432546
3,957,micro_roc_auc,0.006545206187039576
3,958,micro_roc_auc,-0.006428574572974299
3,959,micro_roc_auc,-0.015162252086123207
3,960,micro_roc_auc,0.0025600864337769202
3,961,micro_roc_auc,-0.0037181403336782326
3,962,micro_roc_auc,0.0022002349231765583
3,963,micro_roc_auc,-0.007913029142254446
3,964,micro_roc_auc,-0.001437077794158692
3,965,micro_roc_auc,-0.008345836946718754
3,966,micro_roc_auc,-0.008337425344916105
3,967,micro_roc_auc,0.0012648089045114164
3,968,micro_roc_auc,0.009115957446808487
3,969,micro_roc_auc,0.00913237743838835
3,970,micro_roc_auc,0.005780621409379072
3,971,micro_roc_auc,-0.004684403187315445
3,972,micro_roc_auc,-0.009482791662648427
3,973,micro_roc_auc,-0.00436580547112464
3,974,micro_roc_auc,-0.011935653086203923
3,975,micro_roc_auc,0.0014217160970312337
3,976,micro_roc_auc,0.0029612884804074424
3,977,micro_roc_auc,-0.002746709612928333
3,978,micro_roc_auc,-0.007686458992198997
3,979,micro_roc_auc,0.006778342767490231
3,980,micro_roc_auc,-0.004945107567277285
3,981,micro_roc_auc,0.0015055150737862677
3,982,micro_roc_auc,0.003325595642001078
3,983,micro_roc_auc,-0.0035515093994145097
3,984,micro_roc_auc,-0.005231328208939123
3,985,micro_roc_auc,0.002309813986241527
3,986,micro_roc_auc,-0.00187783302656519
3,987,micro_roc_auc,-0.010642341426389423
3,988,micro_roc_auc,0.0047474540253688025
3,989,micro_roc_auc,-0.0036761352710090733
3,990,micro_roc_auc,0.0008337044346963252
3,991,micro_roc_auc,0.0015163541096451238
3,992,micro_roc_auc,-0.005283005350602776
3,993,micro_roc_auc,-0.004961069641389204
3,994,micro_roc_auc,0.000988926050641048
3,995,micro_roc_auc,0.004341719625083451
3,996,micro_roc_auc,0.000472458046049673
3,997,micro_roc_auc,0.004049503346051031
3,998,micro_roc_auc,-0.0054988151974226795
3,999,micro_roc_auc,-0.0018557105091606685
3,1000,micro_roc_auc,0.011979886271169082
3,1001,micro_roc_auc,-0.004472818940245982
3,1002,micro_roc_auc,0.004981398981214413
3,1003,micro_roc_auc,0.0035819678938273647
3,1004,micro_roc_auc,-0.005135753794157538
3,1005,micro_roc_auc,0.00014638848069359334
3,1006,micro_roc_auc,0.006775085943735659
3,1007,micro_roc_auc,0.010586693165158256
3,1008,micro_roc_auc,0.006574289815560297
3,1009,micro_roc_auc,-0.004602164906019612
3,1010,micro_roc_auc,0.009880611622938518
3,1011,micro_roc_auc,0.007779189987901836
3,1012,micro_roc_auc,0.0070872194293928326
3,1013,micro_roc_auc,0.011093283803165654
3,1014,micro_roc_auc,-0.005157329705410829
3,1015,micro_roc_auc,0.0007446285492627158
3,1016,micro_roc_auc,0.0056697847304157944
3,1017,micro_roc_auc,-0.0006379840120168678
3,1018,micro_roc_auc,0.002734998266636368
3,1019,micro_roc_auc,-0.00036840054878983786
3,1020,micro_roc_auc,-0.0082974809817834
3,1021,micro_roc_auc,-0.007023786823882716
3,1022,micro_roc_auc,0.0006189850862203805
3,1023,micro_roc_auc,-0.000267111225651373
3,1024,micro_roc_auc,-0.006193405140761721
3,1025,micro_roc_auc,-0.0033025595472195857
3,1026,micro_roc_auc,-0.0016985225907992785
3,1027,micro_roc_auc,0.002323364726879884
3,1028,micro_roc_auc,0.008263145252959014
3,1029,micro_roc_auc,-0.004279829140255487
3,1030,micro_roc_auc,-0.004001499202711978
3,1031,micro_roc_auc,0.0034160642051123125
3,1032,micro_roc_auc,0.006743762943033138
3,1033,micro_roc_auc,-0.002844680851063819
3,1034,micro_roc_auc,-0.0033043037714916013
3,1035,micro_roc_auc,-0.00657202505641441
3,1036,micro_roc_auc,-0.00039237054301588525
3,1037,micro_roc_auc,0.0023858106497258724
3,1038,micro_roc_auc,-0.0025793470607591296
3,1039,micro_roc_auc,-0.0008347312322788403
3,1040,micro_roc_auc,0.007049062234973924
3,1041,micro_roc_auc,0.0022984901479113917
3,1042,micro_roc_auc,-0.0033553208195129525
3,1043,micro_roc_auc,-0.003302793879289001
3,1044,micro_roc_auc,0.0041924204172832935
3,1045,micro_roc_auc,0.004943454893903798
3,1046,micro_roc_auc,0.008426561474079719
3,1047,micro_roc_auc,0.002763840191476019
3,1048,micro_roc_auc,0.008053683363881126
3,1049,micro_roc_auc,0.006819942611190899
3,1050,micro_roc_auc,-0.001865847676422283
3,1051,micro_roc_auc,-0.011046095599536288
3,1052,micro_roc_auc,0.004527913516229276
3,1053,micro_roc_auc,-0.0016031955022679512
3,1054,micro_roc_auc,-0.0013065836671184439
3,1055,micro_roc_auc,-0.0034870016826457073
3,1056,micro_roc_auc,-0.004290582816368849
3,1057,micro_roc_auc,-0.0012937618755871627
3,1058,micro_roc_auc,-0.0017144179393328018
3,1059,micro_roc_auc,-0.0013685525196260873
3,1060,micro_roc_auc,0.004797436298700664
3,1061,micro_roc_auc,-0.0038869149844352746
3,1062,micro_roc_auc,-0.000595921131884114
3,1063,micro_roc_auc,8.599264369368864e-05
3,1064,micro_roc_auc,-0.005866277537146525
3,1065,micro_roc_auc,0.013352727272727294
3,1066,micro_roc_auc,0.0068829413631755765
3,1067,micro_roc_auc,0.008390604237808796
3,1068,micro_roc_auc,0.006189360487819484
3,1069,micro_roc_auc,-0.0024394650212123947
3,1070,micro_roc_auc,0.0018027820447175102
3,1071,micro_roc_auc,-0.0024602828282828115
3,1072,micro_roc_auc,0.0016995222981517344
3,1073,micro_roc_auc,-0.0010835073105407433
3,1074,micro_roc_auc,-0.0054982082239323216
3,1075,micro_roc_auc,-0.001132402721695236
3,1076,micro_roc_auc,0.005729742386208381
3,1077,micro_roc_auc,0.002450747644685003
3,1078,micro_roc_auc,0.010483173136597301
3,1079,micro_roc_auc,-0.004324032327749139
3,1080,micro_roc_auc,0.008486058401855345
3,1081,micro_roc_auc,0.005625549136025976
3,1082,micro_roc_auc,-0.00021051275385197687
3,1083,micro_roc_auc,0.004322586676912765
3,1084,micro_roc_auc,-0.0049081284535154035
3,1085,micro_roc_auc,0.003524856452562952
3,1086,micro_roc_auc,0.008065690606287146
3,1087,micro_roc_auc,-0.003922641195090781
3,1088,micro_roc_auc,0.0003628099880228497
3,1089,micro_roc_auc,-0.009788209237584056
3,1090,micro_roc_auc,-0.007420704366048025
3,1091,micro_roc_auc,0.006215469234619797
3,1092,micro_roc_auc,-0.004388166112304082
3,1093,micro_roc_auc,0.00278900640441615
3,1094,micro_roc_auc,-0.007509951115903135
3,1095,micro_roc_auc,-0.0023843516060428893
3,1096,micro_roc_auc,0.0129143472519887
3,1097,micro_roc_auc,0.0003498866151712132
3,1098,micro_roc_auc,-0.004994641516831266
3,1099,micro_roc_auc,0.009359001602384454
3,1100,micro_roc_auc,-0.005419272005456888
3,1101,micro_roc_auc,-0.0033141743045076444
3,1102,micro_roc_auc,0.0021299043440194954
3,1103,micro_roc_auc,-0.0024336824575631466
3,1104,micro_roc_auc,0.0018735573853684295
3,1105,micro_roc_auc,0.009429399714051545
3,1106,micro_roc_auc,0.01027221558601743
3,1107,micro_roc_auc,0.0021567605595491646
3,1108,micro_roc_auc,0.01263945840309244
3,1109,micro_roc_auc,0.0014407294832826656
3,1110,micro_roc_auc,0.004175614478519107
3,1111,micro_roc_auc,0.001974382995184043
3,1112,micro_roc_auc,-0.0022908704777195865
3,1113,micro_roc_auc,0.009246225981625722
3,1114,micro_roc_auc,-0.00667515019458198
3,1115,micro_roc_auc,-0.008994511685974427
3,1116,micro_roc_auc,0.011154170378182116
3,1117,micro_roc_auc,0.004001495073054695
3,1118,micro_roc_auc,-0.003537219886691645
3,1119,micro_roc_auc,0.004970435894302461
3,1120,micro_roc_auc,-0.0002162220297758921
3,1121,micro_roc_auc,-0.0021018632955881467
3,1122,micro_roc_auc,0.0006098930942672887
3,1123,micro_roc_auc,-0.006259855067350828
3,1124,micro_roc_auc,-0.0030772100508822398
3,1125,micro_roc_auc,0.0033531277064088316
3,1126,micro_roc_auc,-0.008098322935135571
3,1127,micro_roc_auc,-0.009288925505512857
3,1128,micro_roc_auc,-0.005903852182178482
3,1129,micro_roc_auc,0.0009923725942575512
3,1130,micro_roc_auc,0.006449996378906309
3,1131,micro_roc_auc,0.009993621149764986
3,1132,micro_roc_auc,-0.005166435341143694
3,1133,micro_roc_auc,0.0013318926446429513
3,1134,micro_roc_auc,-0.0036298771308841404
3,1135,micro_roc_auc,0.009778816330540452
3,1136,micro_roc_auc,0.006355523636629612
3,1137,micro_roc_auc,0.0014993207526867725
3,1138,micro_roc_auc,0.0052897549089562235
3,1139,micro_roc_auc,0.0014846484935436832
3,1140,micro_roc_auc,0.0012659631795169934
3,1141,micro_roc_auc,0.008597528685948319
3,1142,micro_roc_auc,0.00024393291497748493
3,1143,micro_roc_auc,-0.005140452750746927
3,1144,micro_roc_auc,0.004187835121014838
3,1145,micro_roc_auc,0.013948714996026568
3,1146,micro_roc_auc,-0.0004458271575951134
3,1147,micro_roc_auc,-0.010567336480946099
3,1148,micro_roc_auc,-0.00397221871391451
3,1149,micro_roc_auc,-0.003431574810885185
3,1150,micro_roc_auc,-0.0007298359929817089
3,1151,micro_roc_auc,0.0006400430104331889
3,1152,micro_roc_auc,0.0005460913386672317
3,1153,micro_roc_auc,0.0020121736051479377
3,1154,micro_roc_auc,0.004668584976615819
3,1155,micro_roc_auc,-0.0022047402431214502
3,1156,micro_roc_auc,-0.0021566797068955923
3,1157,micro_roc_auc,-0.0003224064582025843
3,1158,micro_roc_auc,-0.002859578935405671
3,1159,micro_roc_auc,-0.007642906263595983
3,1160,micro_roc_auc,-0.0024331076923077566
3,1161,micro_roc_auc,-0.001432398546687197
3,1162,micro_roc_auc,-0.0006016160709962914
3,1163,micro_roc_auc,0.0026977072013836256
3,1164,micro_roc_auc,0.013322411075867291
3,1165,micro_roc_auc,0.009036731579179058
3,1166,micro_roc_auc,0.002802725281981333
3,1167,micro_roc_auc,-0.003019044106684743
3,1168,micro_roc_auc,0.005708029630509315
3,1169,micro_roc_auc,-0.001400067957866069
3,1170,micro_roc_auc,0.004149688440803767
3,1171,micro_roc_auc,-0.005766109422492449
3,1172,micro_roc_auc,3.3142037302758e-05
3,1173,micro_roc_auc,-0.005611467696775785
3,1174,micro_roc_auc,-0.010034864407732602
3,1175,micro_roc_auc,-0.0037599558524350485
3,1176,micro_roc_auc,0.00591812766641564
3,1177,micro_roc_auc,0.006060953437161731
3,1178,micro_roc_auc,-0.006061500878743353
3,1179,micro_roc_auc,-0.00012765993576369095
3,1180,micro_roc_auc,0.008550292908029444
3,1181,micro_roc_auc,0.0008880245832282307
3,1182,micro_roc_auc,-0.0021976618528343206
3,1183,micro_roc_auc,0.009023947582939895
3,1184,micro_roc_auc,-0.013809292929293004
3,1185,micro_roc_auc,0.004157681837058003
3,1186,micro_roc_auc,0.0005292386294218909
3,1187,micro_roc_auc,0.00951735365528461
3,1188,micro_roc_auc,-0.0048751440169030325
3,1189,micro_roc_auc,-0.010006016439839893
3,1190,micro_roc_auc,0.004459439323953207
3,1191,micro_roc_auc,0.0038978479218482187
3,1192,micro_roc_auc,0.008969329486693045
3,1193,micro_roc_auc,0.006051261471523239
3,1194,micro_roc_auc,-0.0038492414354482918
3,1195,micro_roc_auc,-0.006971574136043546
3,1196,micro_roc_auc,-0.0019358894151029205
3,1197,micro_roc_auc,-0.005109749510440631
3,1198,micro_roc_auc,0.013602965069281048
3,1199,micro_roc_auc,0.005494796430187465
3,1200,micro_roc_auc,0.0038531744705945226
3,1201,micro_roc_auc,0.002359292609399044
3,1202,micro_roc_auc,-0.003329336741908273
3,1203,micro_roc_auc,-0.0018216717080218325
3,1204,micro_roc_auc,-0.00015726118154135715
3,1205,micro_roc_auc,0.005734406108383827
3,1206,micro_roc_auc,0.002362927222785083
3,1207,micro_roc_auc,0.007214433076502047
3,1208,micro_roc_auc,-0.0003354584247703407
3,1209,micro_roc_auc,-0.0012261990638741116
3,1210,micro_roc_auc,0.002499982067115325
3,1211,micro_roc_auc,0.0009701443096080675
3,1212,micro_roc_auc,0.00466653132901762
3,1213,micro_roc_auc,0.006429541609974221
3,1214,micro_roc_auc,-0.001608624831373584
3,1215,micro_roc_auc,0.009875855704312153
3,1216,micro_roc_auc,0.005561667277838911
3,1217,micro_roc_auc,0.016260589512007262
3,1218,micro_roc_auc,-0.0029849840858358068
3,1219,micro_roc_auc,0.00030539515645067183
3,1220,micro_roc_auc,0.009995779858645304
3,1221,micro_roc_auc,-0.00022575954280712462
3,1222,micro_roc_auc,0.005991877934564682
3,1223,micro_roc_auc,0.005126500637671838
3,1224,micro_roc_auc,0.0012405767122388722
3,1225,micro_roc_auc,0.003950497748615778
3,1226,micro_roc_auc,-0.0008576825973138913
3,1227,micro_roc_auc,-0.007470879623072246
3,1228,micro_roc_auc,-0.002123492327921639
3,1229,micro_roc_auc,0.0007611444531345768
3,1230,micro_roc_auc,-0.005869082116023772
3,1231,micro_roc_auc,0.0006821929726411602
3,1232,micro_roc_auc,0.003655167173252316
3,1233,micro_roc_auc,-0.005724728565098869
3,1234,micro_roc_auc,-0.002318389057750725
3,1235,micro_roc_auc,-0.0020323914569757573
3,1236,micro_roc_auc,0.00740967135061299
3,1237,micro_roc_auc,-0.004837098100864856
3,1238,micro_roc_auc,0.0019489076118397453
3,1239,micro_roc_auc,0.0022416951837641585
3,1240,micro_roc_auc,0.002889997908739339
3,1241,micro_roc_auc,0.010501686370202101
3,1242,micro_roc_auc,-0.001637524406009172
3,1243,micro_roc_auc,-0.00875380250735025
3,1244,micro_roc_auc,0.0035028259418302676
3,1245,micro_roc_auc,0.0005771799932512423
3,1246,micro_roc_auc,-0.00018851244556006286
3,1247,micro_roc_auc,0.005984442498107256
3,1248,micro_roc_auc,0.004579547566410769
3,1249,micro_roc_auc,-0.002722507704141064
3,1250,micro_roc_auc,-0.0011397205952941025
3,1251,micro_roc_auc,0.011028318071314547
3,1252,micro_roc_auc,-0.006172793961150447
3,1253,micro_roc_auc,0.01033824769892977
3,1254,micro_roc_auc,0.006316714541745316
3,1255,micro_roc_auc,-0.008597781421405881
3,1256,micro_roc_auc,0.00480307692307691
3,1257,micro_roc_auc,0.011185252935558943
3,1258,micro_roc_auc,0.004554574763833141
3,1259,micro_roc_auc,0.00689559091330838
3,1260,micro_roc_auc,0.00497431554395511
3,1261,micro_roc_auc,-0.0014738060309313905
3,1262,micro_roc_auc,0.0045481950874386445
3,1263,micro_roc_auc,0.008372665511290123
3,1264,micro_roc_auc,0.006847558882390414
3,1265,micro_roc_auc,-0.002355000835068899
3,1266,micro_roc_auc,-0.003818739726144882
3,1267,micro_roc_auc,0.010987735163736412
3,1268,micro_roc_auc,-0.007899654682104407
3,1269,micro_roc_auc,5.860544486546715e-05
3,1270,micro_roc_auc,0.004625090925285402
3,1271,micro_roc_auc,0.004168146398015882
3,1272,micro_roc_auc,0.0007119521095669823
3,1273,micro_roc_auc,0.003428375260172478
3,1274,micro_roc_auc,-0.004043878630272557
3,1275,micro_roc_auc,0.0008013562250767103
3,1276,micro_roc_auc,0.005165174058413657
3,1277,micro_roc_auc,-0.0036514507997789103
3,1278,micro_roc_auc,0.011964338978556976
3,1279,micro_roc_auc,-0.00300693291714782
3,1280,micro_roc_auc,0.00486126899920003
3,1281,micro_roc_auc,-0.008829003734151408
3,1282,micro_roc_auc,0.00924555572865271
3,1283,micro_roc_auc,0.0055247779539980835
3,1284,micro_roc_auc,0.004086172251831943
3,1285,micro_roc_auc,-0.004787661222810269
3,1286,micro_roc_auc,0.0009542337505783482
3,1287,micro_roc_auc,0.003329664313869052
3,1288,micro_roc_auc,0.006966983723938336
3,1289,micro_roc_auc,0.004684844782584574
3,1290,micro_roc_auc,0.00284501512944757
3,1291,micro_roc_auc,-0.004436556274823866
3,1292,micro_roc_auc,-0.0016383158512986995
3,1293,micro_roc_auc,0.002058638610404784
3,1294,micro_roc_auc,0.0036874236874235855
3,1295,micro_roc_auc,-0.004946675270984691
3,1296,micro_roc_auc,0.0006199088145896203
3,1297,micro_roc_auc,0.007471567162288806
3,1298,micro_roc_auc,0.002219736257464411
3,1299,micro_roc_auc,0.0020180685503267126
3,1300,micro_roc_auc,-0.001960286078678264
3,1301,micro_roc_auc,0.0015911247610098656
3,1302,micro_roc_auc,-0.00136217821315332
3,1303,micro_roc_auc,0.013372112769117206
3,1304,micro_roc_auc,0.0028053745397996765
3,1305,micro_roc_auc,0.009884999869061106
3,1306,micro_roc_auc,0.015640458635206356
3,1307,micro_roc_auc,-0.0007265315169726616
3,1308,micro_roc_auc,0.006353999395568799
3,1309,micro_roc_auc,0.0006330870031042712
3,1310,micro_roc_auc,-3.6604040481003075e-05
3,1311,micro_roc_auc,0.012964882422443091
3,1312,micro_roc_auc,0.0016851393771384338
3,1313,micro_roc_auc,0.004988871309738352
3,1314,micro_roc_auc,-0.01226083752714624
3,1315,micro_roc_auc,-0.0017966231108836883
3,1316,micro_roc_auc,0.0050874214332734535
3,1317,micro_roc_auc,0.0006564804079582931
3,1318,micro_roc_auc,0.004014136035993987
3,1319,micro_roc_auc,0.0025301235727684945
3,1320,micro_roc_auc,0.0012885060837616313
3,1321,micro_roc_auc,0.00507803460777001
3,1322,micro_roc_auc,0.006731329248051199
3,1323,micro_roc_auc,-0.0033425873496788494
3,1324,micro_roc_auc,0.005771126643552615
3,1325,micro_roc_auc,0.004827933507939197
3,1326,micro_roc_auc,-0.001437618493746462
3,1327,micro_roc_auc,0.007158478890762265
3,1328,micro_roc_auc,0.012795154610097503
3,1329,micro_roc_auc,-0.001955411367679294
3,1330,micro_roc_auc,0.004830395136778076
3,1331,micro_roc_auc,-0.004099446998422129
3,1332,micro_roc_auc,0.009465215086202905
3,1333,micro_roc_auc,-0.0021518170275084403
3,1334,micro_roc_auc,-0.0034670305718021988
3,1335,micro_roc_auc,-0.006613151754398805
3,1336,micro_roc_auc,-0.004095968480701817
3,1337,micro_roc_auc,0.0017447566427973848
3,1338,micro_roc_auc,-0.01208202452278273
3,1339,micro_roc_auc,0.0024641123465404258
3,1340,micro_roc_auc,0.002594117647058747
3,1341,micro_roc_auc,-0.0008581240689476965
3,1342,micro_roc_auc,-0.0022010787845437862
3,1343,micro_roc_auc,-0.00035239697603917097
3,1344,micro_roc_auc,0.00018048954699045883
3,1345,micro_roc_auc,0.011249589031433804
3,1346,micro_roc_auc,-0.006088352706282607
3,1347,micro_roc_auc,-0.005716727739634386
3,1348,micro_roc_auc,-0.009576034381137188
3,1349,micro_roc_auc,0.009093957352735438
3,1350,micro_roc_auc,0.002807618815888424
3,1351,micro_roc_auc,0.0011081565033637109
3,1352,micro_roc_auc,-0.0018367786710205003
3,1353,micro_roc_auc,0.004186268349707478
3,1354,micro_roc_auc,-0.0015384615384614886
3,1355,micro_roc_auc,-0.0006122558495275099
3,1356,micro_roc_auc,-0.001317323116678648
3,1357,micro_roc_auc,-0.015288993791181538
3,1358,micro_roc_auc,0.002297264437689961
3,1359,micro_roc_auc,0.001869689565169086
3,1360,micro_roc_auc,0.004646954389570412
3,1361,micro_roc_auc,-0.002725180438749697
3,1362,micro_roc_auc,-0.006858259839520486
3,1363,micro_roc_auc,0.008191588854415621
3,1364,micro_roc_auc,-0.0051635117342145875
3,1365,micro_roc_auc,-0.005138803374746037
3,1366,micro_roc_auc,0.005685019975368744
3,1367,micro_roc_auc,0.0039279267430776255
3,1368,micro_roc_auc,-0.007301981155678483
3,1369,micro_roc_auc,8.269003598804225e-05
3,1370,micro_roc_auc,0.0011796945118995872
3,1371,micro_roc_auc,0.005862961645958231
3,1372,micro_roc_auc,0.008142531113945362
3,1373,micro_roc_auc,0.001155737479739627
3,1374,micro_roc_auc,-0.0011358679526537463
3,1375,micro_roc_auc,-0.0012328976154197813
3,1376,micro_roc_auc,-0.001798307004861388
3,1377,micro_roc_auc,-0.0017837386018237922
3,1378,micro_roc_auc,-0.005969032418432607
3,1379,micro_roc_auc,-0.0047260607290326995
3,1380,micro_roc_auc,0.0055853398866221315
3,1381,micro_roc_auc,-0.0020023360587352323
3,1382,micro_roc_auc,-0.000666853611517304
3,1383,micro_roc_auc,-0.00397211470589609
3,1384,micro_roc_auc,0.0023288248296587932
3,1385,micro_roc_auc,-0.0067780313258184455
3,1386,micro_roc_auc,-0.008240990189600006
3,1387,micro_roc_auc,0.0005502990701928834
3,1388,micro_roc_auc,0.005752895221336041
3,1389,micro_roc_auc,-0.0032773294666498254
3,1390,micro_roc_auc,0.002361064232569765
3,1391,micro_roc_auc,-0.0014482757830881487
3,1392,micro_roc_auc,0.00647485563390493
3,1393,micro_roc_auc,-0.004356417628418097
3,1394,micro_roc_auc,-0.0008760944739052423
3,1395,micro_roc_auc,0.008504019564932519
3,1396,micro_roc_auc,0.013084016195289982
3,1397,micro_roc_auc,-0.01658414117974749
3,1398,micro_roc_auc,-0.00134584930236048
3,1399,micro_roc_auc,0.005279340472539973
3,1400,micro_roc_auc,-0.004434458818345033
3,1401,micro_roc_auc,0.0048362418092464665
3,1402,micro_roc_auc,-0.004147014366846169
3,1403,micro_roc_auc,0.0066440660496682735
3,1404,micro_roc_auc,0.001735139263464247
3,1405,micro_roc_auc,0.002145745252362885
3,1406,micro_roc_auc,-0.0016658531956610378
3,1407,micro_roc_auc,-0.0023887007415188677
3,1408,micro_roc_auc,0.006182366156914587
3,1409,micro_roc_auc,-0.00986102754501561
3,1410,micro_roc_auc,-0.0041027946262250925
3,1411,micro_roc_auc,0.0022744419698902396
3,1412,micro_roc_auc,-0.0036763361713619824
3,1413,micro_roc_auc,0.012441550508135779
3,1414,micro_roc_auc,-0.0035863928239330267
3,1415,micro_roc_auc,0.012035259141544463
3,1416,micro_roc_auc,-0.005244644583638158
3,1417,micro_roc_auc,-0.004267056043907647
3,1418,micro_roc_auc,-0.009980358344402918
3,1419,micro_roc_auc,0.005936231124749725
3,1420,micro_roc_auc,-0.006755111596691066
3,1421,micro_roc_auc,0.0051691032290825945
3,1422,micro_roc_auc,0.01710583797373122
3,1423,micro_roc_auc,0.004897363759508111
3,1424,micro_roc_auc,0.00293433156321643
3,1425,micro_roc_auc,-0.006359061742857941
3,1426,micro_roc_auc,0.005462864728060568
3,1427,micro_roc_auc,-0.0023552611249820776
3,1428,micro_roc_auc,0.00016034080015125962
3,1429,micro_roc_auc,0.0022776183644189762
3,1430,micro_roc_auc,-0.009309091943627945
3,1431,micro_roc_auc,-0.0028950337007208615
3,1432,micro_roc_auc,0.009083545031024709
3,1433,micro_roc_auc,-0.0010690780364294161
3,1434,micro_roc_auc,0.006099713055954026
3,1435,micro_roc_auc,-0.0012123277925971676
3,1436,micro_roc_auc,0.0020445465741490976
3,1437,micro_roc_auc,0.008068978428023565
3,1438,micro_roc_auc,0.007325404191964369
3,1439,micro_roc_auc,0.009706582042932843
3,1440,micro_roc_auc,0.008594606625459744
3,1441,micro_roc_auc,-0.00442734848014581
3,1442,micro_roc_auc,-0.004765215251395838
3,1443,micro_roc_auc,0.0003907657817444621
3,1444,micro_roc_auc,-0.0026390788185819414
3,1445,micro_roc_auc,0.011773912056415647
3,1446,micro_roc_auc,-0.00034012158054719244
3,1447,micro_roc_auc,0.008914786028756616
3,1448,micro_roc_auc,-0.0022029949616156896
3,1449,micro_roc_auc,0.006962051883588671
3,1450,micro_roc_auc,-0.007325518662548158
3,1451,micro_roc_auc,-0.0028948379511932743
3,1452,micro_roc_auc,0.0056642250406769845
3,1453,micro_roc_auc,0.002996042007681443
3,1454,micro_roc_auc,-0.013740668564687475
3,1455,micro_roc_auc,-0.0038166814028882667
3,1456,micro_roc_auc,0.0007551787936054266
3,1457,micro_roc_auc,-0.0032067773612151074
3,1458,micro_roc_auc,0.010363934916201023
3,1459,micro_roc_auc,-0.002869537436414049
3,1460,micro_roc_auc,-0.008069061738502303
3,1461,micro_roc_auc,0.0033334671907183644
3,1462,micro_roc_auc,0.0023605948357909856
3,1463,micro_roc_auc,-0.0022929868735004355
3,1464,micro_roc_auc,-0.0032130397992963244
3,1465,micro_roc_auc,-0.001669122703605419
3,1466,micro_roc_auc,0.004858356186266954
3,1467,micro_roc_auc,0.009106596338506634
3,1468,micro_roc_auc,0.0028958358027173503
3,1469,micro_roc_auc,0.005508231392568619
3,1470,micro_roc_auc,-3.7302725969245998e-06
3,1471,micro_roc_auc,-0.003503090549295207
3,1472,micro_roc_auc,0.0008003484979920428
3,1473,micro_roc_auc,-0.0014331445787993946
3,1474,micro_roc_auc,-0.0019082144221458375
3,1475,micro_roc_auc,-0.003582052606424746
3,1476,micro_roc_auc,-0.002169308940332959
3,1477,micro_roc_auc,-0.004500585427883563
3,1478,micro_roc_auc,0.0024242841836746853
3,1479,micro_roc_auc,0.009022634787085315
3,1480,micro_roc_auc,0.004633404094235738
3,1481,micro_roc_auc,0.0007251751457931777
3,1482,micro_roc_auc,0.006107959781160632
3,1483,micro_roc_auc,3.55452459216421e-05
3,1484,micro_roc_auc,0.0014782034021905144
3,1485,micro_roc_auc,-0.008439084213386794
3,1486,micro_roc_auc,0.0038747701644908927
3,1487,micro_roc_auc,0.0007943835193791049
3,1488,micro_roc_auc,0.0009843941042254611
3,1489,micro_roc_auc,0.0006619076637358612
3,1490,micro_roc_auc,-0.002112558945788434
3,1491,micro_roc_auc,0.002614697986497827
3,1492,micro_roc_auc,0.003989991520352509
3,1493,micro_roc_auc,0.006194672157432413
3,1494,micro_roc_auc,-0.007043887222009881
3,1495,micro_roc_auc,0.003353365203926706
3,1496,micro_roc_auc,-0.0020962932129049427
3,1497,micro_roc_auc,-0.0028233614871212565
3,1498,micro_roc_auc,-0.0044875028929906025
3,1499,micro_roc_auc,0.005633121233087568
3,1500,micro_roc_auc,-0.0003133134387041103
3,1501,micro_roc_auc,8.484855228896304e-05
3,1502,micro_roc_auc,-0.002234196828089008
3,1503,micro_roc_auc,-0.007448442068257677
3,1504,micro_roc_auc,-0.008771578036048222
3,1505,micro_roc_auc,0.0014849409298740568
3,1506,micro_roc_auc,-0.009757879243173395
3,1507,micro_roc_auc,-0.013957976241650405
3,1508,micro_roc_auc,0.005651880417332555
3,1509,micro_roc_auc,0.0005554711246200661
3,1510,micro_roc_auc,0.004323851440114379
3,1511,micro_roc_auc,-0.0012448608475649214
3,1512,micro_roc_auc,0.0045861376097208195
3,1513,micro_roc_auc,0.0006075173191936178
3,1514,micro_roc_auc,0.0031677922754265175
3,1515,micro_roc_auc,0.010897821548763509
3,1516,micro_roc_auc,-0.006267897580034876
3,1517,micro_roc_auc,0.002347975823178916
3,1518,micro_roc_auc,0.012884478119853604
3,1519,micro_roc_auc,0.0009922162990998462
3,1520,micro_roc_auc,-0.0012420849849382742
3,1521,micro_roc_auc,-0.003543466261545558
3,1522,micro_roc_auc,-0.007505105952542057
3,1523,micro_roc_auc,-0.0010851072473866408
3,1524,micro_roc_auc,-0.0010227450090100065
3,1525,micro_roc_auc,-0.006012616658454206
3,1526,micro_roc_auc,0.0005382262996942444
3,1527,micro_roc_auc,0.009703449352270965
3,1528,micro_roc_auc,0.004380635392811638
3,1529,micro_roc_auc,0.007165813069574312
3,1530,micro_roc_auc,0.007102963428496145
3,1531,micro_roc_auc,0.00699523557211823
3,1532,micro_roc_auc,-0.004663091869808178
3,1533,micro_roc_auc,-0.003600814582042311
3,1534,micro_roc_auc,0.0016611943497726323
3,1535,micro_roc_auc,0.00680081032777502
3,1536,micro_roc_auc,0.0010535691677361347
3,1537,micro_roc_auc,-0.007824850697195407
3,1538,micro_roc_auc,0.002656500075309598
3,1539,micro_roc_auc,0.006766147319142712
3,1540,micro_roc_auc,-0.0036660093723657194
3,1541,micro_roc_auc,0.008661494794673819
3,1542,micro_roc_auc,-0.007898380943798577
3,1543,micro_roc_auc,-0.0038862266857963013
3,1544,micro_roc_auc,-0.003338068903345648
3,1545,micro_roc_auc,-0.002660962196467831
3,1546,micro_roc_auc,-0.0006930240415988775
3,1547,micro_roc_auc,-0.0049496455314316234
3,1548,micro_roc_auc,-0.010296313806504753
3,1549,micro_roc_auc,0.0062431287735423835
3,1550,micro_roc_auc,0.0007521373729407754
3,1551,micro_roc_auc,-0.0005301521806327925
3,1552,micro_roc_auc,0.007617596703519913
3,1553,micro_roc_auc,0.007138544175631534
3,1554,micro_roc_auc,0.0008325667598918507
3,1555,micro_roc_auc,-0.007848468755326077
3,1556,micro_roc_auc,0.003678178720768144
3,1557,micro_roc_auc,0.0032720555104982507
3,1558,micro_roc_auc,-0.0075414416607060275
3,1559,micro_roc_auc,-0.008692767294524284
3,1560,micro_roc_auc,0.009392000227024466
3,1561,micro_roc_auc,-0.004843446070021851
3,1562,micro_roc_auc,0.0009644832598401099
3,1563,micro_roc_auc,0.0048116049300883645
3,1564,micro_roc_auc,0.012295889286232486
3,1565,micro_roc_auc,0.0009635654303729035
3,1566,micro_roc_auc,0.007453694763046137
3,1567,micro_roc_auc,0.009528859029469205
3,1568,micro_roc_auc,-0.0013921652797523887
3,1569,micro_roc_auc,0.007268465530758883
3,1570,micro_roc_auc,-0.0038680951202799685
3,1571,micro_roc_auc,-0.00013339307283011248
3,1572,micro_roc_auc,-0.007473391620430703
3,1573,micro_roc_auc,0.007345770553393249
3,1574,micro_roc_auc,0.010721838682109741
3,1575,micro_roc_auc,0.005226749483898452
3,1576,micro_roc_auc,-0.011525863196370167
3,1577,micro_roc_auc,0.012651537479123731
3,1578,micro_roc_auc,-0.0017694467646995893
3,1579,micro_roc_auc,0.004315468788227306
3,1580,micro_roc_auc,0.00637209530621119
3,1581,micro_roc_auc,0.0003919641462803991
3,1582,micro_roc_auc,0.008167094695901267
3,1583,micro_roc_auc,0.008221436893504519
3,1584,micro_roc_auc,0.006228572056832138
3,1585,micro_roc_auc,-0.006611492956073883
3,1586,micro_roc_auc,-0.0024359171683764336
3,1587,micro_roc_auc,0.0031599958956443075
3,1588,micro_roc_auc,0.00017277980217689226
3,1589,micro_roc_auc,0.018263459407912297
3,1590,micro_roc_auc,-0.0033585526097046348
3,1591,micro_roc_auc,0.009537261786763174
3,1592,micro_roc_auc,0.00354285714285707
3,1593,micro_roc_auc,0.004107973659304598
3,1594,micro_roc_auc,-0.0018045531770302103
3,1595,micro_roc_auc,-0.010509455415548152
3,1596,micro_roc_auc,0.009401669403146573
3,1597,micro_roc_auc,0.008265671609811398
3,1598,micro_roc_auc,0.003544412057204238
3,1599,micro_roc_auc,0.000516625882658106
3,1600,micro_roc_auc,0.012425712553062462
3,1601,micro_roc_auc,0.002689439030176488
3,1602,micro_roc_auc,-0.00176803549722937
3,1603,micro_roc_auc,-0.004933991122806458
3,1604,micro_roc_auc,0.008058530965805222
3,1605,micro_roc_auc,-0.0033932818118295183
3,1606,micro_roc_auc,0.012095917836527303
3,1607,micro_roc_auc,-0.005604289095782811
3,1608,micro_roc_auc,0.0002578973286627706
3,1609,micro_roc_auc,0.0003711312974186143
3,1610,micro_roc_auc,-0.0016100809610863909
3,1611,micro_roc_auc,0.006366005396307384
3,1612,micro_roc_auc,0.004625735800107278
3,1613,micro_roc_auc,0.004000922379854055
3,1614,micro_roc_auc,0.0058047402839448425
3,1615,micro_roc_auc,0.0009356516602188059
3,1616,micro_roc_auc,-0.003488898184772826
3,1617,micro_roc_auc,-0.002757897706653245
3,1618,micro_roc_auc,-0.00040108028861784994
3,1619,micro_roc_auc,0.001382055210116806
3,1620,micro_roc_auc,-0.00638418458878065
3,1621,micro_roc_auc,-0.005242822235797195
3,1622,micro_roc_auc,-2.9939209726381755e-05
3,1623,micro_roc_auc,0.002252578747640288
3,1624,micro_roc_auc,-0.002813933683140535
3,1625,micro_roc_auc,-0.0002746340938944991
3,1626,micro_roc_auc,0.013175482863236332
3,1627,micro_roc_auc,0.0006695615724575665
3,1628,micro_roc_auc,0.0037994430650871713
3,1629,micro_roc_auc,-0.002360056925996168
3,1630,micro_roc_auc,-0.007467593858278887
3,1631,micro_roc_auc,0.000910226031187511
3,1632,micro_roc_auc,0.008409364191024782
3,1633,micro_roc_auc,0.002088925133504449
3,1634,micro_roc_auc,-0.0057020671001982715
3,1635,micro_roc_auc,0.006658156440691121
3,1636,micro_roc_auc,0.0103120809445576
3,1637,micro_roc_auc,0.00746712084343415
3,1638,micro_roc_auc,-0.001301807813565814
3,1639,micro_roc_auc,-0.0026847325869434613
3,1640,micro_roc_auc,0.00646718572689442
3,1641,micro_roc_auc,0.0031784841075794823
3,1642,micro_roc_auc,0.003838491740345895
3,1643,micro_roc_auc,0.0037429687321732796
3,1644,micro_roc_auc,-0.005223060990247386
3,1645,micro_roc_auc,0.005672168202565997
3,1646,micro_roc_auc,-0.004633443560797756
3,1647,micro_roc_auc,0.0016864515887592413
3,1648,micro_roc_auc,0.010362792555075329
3,1649,micro_roc_auc,0.003565702285852179
3,1650,micro_roc_auc,-0.004970209753491939
3,1651,micro_roc_auc,-0.004530207271491671
3,1652,micro_roc_auc,0.0038854145802269535
3,1653,micro_roc_auc,-0.0041103897894002595
3,1654,micro_roc_auc,-0.004341816284390676
3,1655,micro_roc_auc,-0.004110844672730152
3,1656,micro_roc_auc,-0.0037903989055164677
3,1657,micro_roc_auc,-0.005123731379882535
3,1658,micro_roc_auc,0.0022489331914169464
3,1659,micro_roc_auc,0.0016287711859360732
3,1660,micro_roc_auc,0.005905861072164287
3,1661,micro_roc_auc,-0.006963215452841731
3,1662,micro_roc_auc,0.004085666702983715
3,1663,micro_roc_auc,0.004815524947794914
3,1664,micro_roc_auc,-0.001864728138465832
3,1665,micro_roc_auc,-0.004999610100763441
3,1666,micro_roc_auc,0.0009886743806754028
3,1667,micro_roc_auc,0.011878223732092907
3,1668,micro_roc_auc,-0.006022272197325429
3,1669,micro_roc_auc,-0.0018533463147049067
3,1670,micro_roc_auc,0.0008163235010316683
3,1671,micro_roc_auc,0.002417513536283278
3,1672,micro_roc_auc,0.002562912727338329
3,1673,micro_roc_auc,-0.0009389078354595792
3,1674,micro_roc_auc,0.0066549100177027976
3,1675,micro_roc_auc,0.0002685736936456351
3,1676,micro_roc_auc,0.0010398377853054752
3,1677,micro_roc_auc,-0.006422378932133932
3,1678,micro_roc_auc,-0.006662637417933492
3,1679,micro_roc_auc,-0.00828034942174638
3,1680,micro_roc_auc,0.005522559133062432
3,1681,micro_roc_auc,-0.006387292491483065
3,1682,micro_roc_auc,0.007965520450535113
3,1683,micro_roc_auc,0.0031809346437670083
3,1684,micro_roc_auc,-0.004998460278952344
3,1685,micro_roc_auc,0.00018605029667795314
3,1686,micro_roc_auc,0.006938230168783255
3,1687,micro_roc_auc,-7.212538673007085e-05
3,1688,micro_roc_auc,-0.005504077554913667
3,1689,micro_roc_auc,0.007267976192624093
3,1690,micro_roc_auc,0.0019372851126405743
3,1691,micro_roc_auc,0.006998042097721924
3,1692,micro_roc_auc,-0.0013890496427261256
3,1693,micro_roc_auc,0.0004688112858314275
3,1694,micro_roc_auc,0.0036328927639251996
3,1695,micro_roc_auc,0.006259146935714499
3,1696,micro_roc_auc,-0.00381087940193936
3,1697,micro_roc_auc,0.0007520837073016207
3,1698,micro_roc_auc,0.005981127456435087
3,1699,micro_roc_auc,-0.0041920767227895395
3,1700,micro_roc_auc,0.00965368043738013
3,1701,micro_roc_auc,-0.0008714145996703282
3,1702,micro_roc_auc,0.005278063622904838
3,1703,micro_roc_auc,0.006266568303973097
3,1704,micro_roc_auc,0.0030353881628094603
3,1705,micro_roc_auc,0.01775946061964151
3,1706,micro_roc_auc,-0.005412640781304323
3,1707,micro_roc_auc,-0.010197177215640618
3,1708,micro_roc_auc,-0.0025396280321968723
3,1709,micro_roc_auc,-0.0024445355995904583
3,1710,micro_roc_auc,0.0037010351214277204
3,1711,micro_roc_auc,-0.007902664198434994
3,1712,micro_roc_auc,-0.004179699187185082
3,1713,micro_roc_auc,8.431368659111982e-05
3,1714,micro_roc_auc,0.0011908847435635472
3,1715,micro_roc_auc,-0.006238633503407032
3,1716,micro_roc_auc,0.00627702573890998
3,1717,micro_roc_auc,-0.011785021783120131
3,1718,micro_roc_auc,-0.0006301807862639786
3,1719,micro_roc_auc,-0.004042033429429104
3,1720,micro_roc_auc,-0.014553332145823883
3,1721,micro_roc_auc,-0.00044072868730105075
3,1722,micro_roc_auc,0.0055212120926206865
3,1723,micro_roc_auc,0.00687446139733483
3,1724,micro_roc_auc,0.001957668854492667
3,1725,micro_roc_auc,0.00048639501013347797
3,1726,micro_roc_auc,0.0066492456649810405
3,1727,micro_roc_auc,-0.007304487543458138
3,1728,micro_roc_auc,0.0038055933423798427
3,1729,micro_roc_auc,0.005994283785329069
3,1730,micro_roc_auc,-0.0052034032590074775
3,1731,micro_roc_auc,0.005588498840396361
3,1732,micro_roc_auc,0.009212873957097578
3,1733,micro_roc_auc,0.00040279570165713263
3,1734,micro_roc_auc,0.003958710510434615
3,1735,micro_roc_auc,0.0009911047345767532
3,1736,micro_roc_auc,-0.005949353784395872
3,1737,micro_roc_auc,0.0038328709280456286
3,1738,micro_roc_auc,-0.0037730698244431427
3,1739,micro_roc_auc,-0.0010219210790425315
3,1740,micro_roc_auc,0.00599145988923977
3,1741,micro_roc_auc,0.0020472079208844196
3,1742,micro_roc_auc,-0.0029390101115149836
3,1743,micro_roc_auc,0.0037397914947669975
3,1744,micro_roc_auc,0.0028423280705024423
3,1745,micro_roc_auc,0.007311525503366778
3,1746,micro_roc_auc,-0.0027355023077864082
3,1747,micro_roc_auc,-0.003596961724326553
3,1748,micro_roc_auc,-0.010132924172166935
3,1749,micro_roc_auc,-0.004264363360560908
3,1750,micro_roc_auc,-0.002016036297204038
3,1751,micro_roc_auc,-0.0062706913161825195
3,1752,micro_roc_auc,0.007967618875972415
3,1753,micro_roc_auc,0.002641850924387623
3,1754,micro_roc_auc,-0.002255754099920404
3,1755,micro_roc_auc,-0.005796341992554965
3,1756,micro_roc_auc,0.010635211029340064
3,1757,micro_roc_auc,-0.0005822320571940987
3,1758,micro_roc_auc,0.0021898668059545656
3,1759,micro_roc_auc,-0.007082459414869402
3,1760,micro_roc_auc,-0.01146264039952627
3,1761,micro_roc_auc,0.0001969477726105895
3,1762,micro_roc_auc,-0.001543501552155102
3,1763,micro_roc_auc,0.000696497512111538
3,1764,micro_roc_auc,0.0013387826574372541
3,1765,micro_roc_auc,0.0017205732328218204
3,1766,micro_roc_auc,0.0082122980860595
3,1767,micro_roc_auc,-0.00911921602035004
3,1768,micro_roc_auc,0.004379581466464
3,1769,micro_roc_auc,-0.005319122881994209
3,1770,micro_roc_auc,0.006089437440995105
3,1771,micro_roc_auc,-0.006331012214836451
3,1772,micro_roc_auc,0.0033076957166140453
3,1773,micro_roc_auc,-0.0017616024139752717
3,1774,micro_roc_auc,0.007771742944156723
3,1775,micro_roc_auc,0.003125416342958598
3,1776,micro_roc_auc,-0.008048924255820822
3,1777,micro_roc_auc,0.008813277978525047
3,1778,micro_roc_auc,-0.0025652401767529698
3,1779,micro_roc_auc,0.005599724357139402
3,1780,micro_roc_auc,0.003171111468516896
3,1781,micro_roc_auc,-0.001699282639885169
3,1782,micro_roc_auc,0.007598161237092227
3,1783,micro_roc_auc,-0.008659562694212308
3,1784,micro_roc_auc,-0.0004984983859015468
3,1785,micro_roc_auc,-0.010696203452955189
3,1786,micro_roc_auc,0.011816117599564913
3,1787,micro_roc_auc,-0.007851295294085348
3,1788,micro_roc_auc,0.00511204404222565
3,1789,micro_roc_auc,0.0053591955091016885
3,1790,micro_roc_auc,-0.0002981744059427083
3,1791,micro_roc_auc,0.007373746366349354
3,1792,micro_roc_auc,-0.005514139383355654
3,1793,micro_roc_auc,-0.00012769220109865032
3,1794,micro_roc_auc,-0.005558095690512577
3,1795,micro_roc_auc,0.0015238023250000454
3,1796,micro_roc_auc,0.0013561330173860187
3,1797,micro_roc_auc,-0.006631793603473657
3,1798,micro_roc_auc,0.004082783357245323
3,1799,micro_roc_auc,0.016177104598763647
3,1800,micro_roc_auc,-0.009829125004090278
3,1801,micro_roc_auc,0.0035474443057381677
3,1802,micro_roc_auc,0.007216809553082459
3,1803,micro_roc_auc,0.0036792755105584662
3,1804,micro_roc_auc,-0.0036936257541999584
3,1805,micro_roc_auc,0.0022806378890596335
3,1806,micro_roc_auc,-0.001017943953346201
3,1807,micro_roc_auc,0.006083922353132154
3,1808,micro_roc_auc,0.006799245605114912
3,1809,micro_roc_auc,-0.0017078659099156734
3,1810,micro_roc_auc,0.002008875606831162
3,1811,micro_roc_auc,-0.009580247731906577
3,1812,micro_roc_auc,0.007683193369118602
3,1813,micro_roc_auc,0.012620545395819582
3,1814,micro_roc_auc,0.004557731054954828
3,1815,micro_roc_auc,0.002780637709346112
3,1816,micro_roc_auc,0.008681208253097483
3,1817,micro_roc_auc,-0.0016535017599955681
3,1818,micro_roc_auc,-0.014594519779153048
3,1819,micro_roc_auc,-0.0032969871737106304
3,1820,micro_roc_auc,0.0004823533243099032
3,1821,micro_roc_auc,-0.00823145768647704
3,1822,micro_roc_auc,0.0023620015270366945
3,1823,micro_roc_auc,0.0014750109832513125
3,1824,micro_roc_auc,0.012538044993616326
3,1825,micro_roc_auc,0.005010918808257214
3,1826,micro_roc_auc,-0.005563371756762248
3,1827,micro_roc_auc,-0.001691723076869267
3,1828,micro_roc_auc,0.0027945055625258064
3,1829,micro_roc_auc,-0.00014656170057258944
3,1830,micro_roc_auc,-0.0016229998770054266
3,1831,micro_roc_auc,-0.00039381910158553524
3,1832,micro_roc_auc,0.000376264859023534
3,1833,micro_roc_auc,0.006282203116108054
3,1834,micro_roc_auc,-0.007668751452135858
3,1835,micro_roc_auc,-0.0004362582290989847
3,1836,micro_roc_auc,-0.0060414827890555856
3,1837,micro_roc_auc,-0.0032113443354766513
3,1838,micro_roc_auc,0.009929690748154862
3,1839,micro_roc_auc,-0.002206011970743771
3,1840,micro_roc_auc,0.005109125305689299
3,1841,micro_roc_auc,-0.0009559114359151133
3,1842,micro_roc_auc,-0.001396372508644883
3,1843,micro_roc_auc,-0.006937724363976883
3,1844,micro_roc_auc,0.009777500433094333
3,1845,micro_roc_auc,0.0020766612028748632
3,1846,micro_roc_auc,0.0023117707624464856
3,1847,micro_roc_auc,-0.00793259661677348
3,1848,micro_roc_auc,0.0015038819939874326
3,1849,micro_roc_auc,-0.001632839978475631
3,1850,micro_roc_auc,-0.0030065997130559463
3,1851,micro_roc_auc,-0.012175887168863642
3,1852,micro_roc_auc,-0.0011458812701334864
3,1853,micro_roc_auc,0.006828733270394793
3,1854,micro_roc_auc,5.188264836708534e-05
3,1855,micro_roc_auc,-0.0015246848447826311
3,1856,micro_roc_auc,0.0027496913886799756
3,1857,micro_roc_auc,0.0032502847198229157
3,1858,micro_roc_auc,-0.0026631341680855014
3,1859,micro_roc_auc,0.0017630106846189264
3,1860,micro_roc_auc,0.0020636310025533566
3,1861,micro_roc_auc,0.0023653023486226443
3,1862,micro_roc_auc,-0.006532648692876952
3,1863,micro_roc_auc,0.008834069267970368
3,1864,micro_roc_auc,-0.00022380941314670277
3,1865,micro_roc_auc,0.011876782496417326
3,1866,micro_roc_auc,-0.006997112462006072
3,1867,micro_roc_auc,-0.002507748855207992
3,1868,micro_roc_auc,-0.004059069935547499
3,1869,micro_roc_auc,-0.004668291079717779
3,1870,micro_roc_auc,0.0036396858600031834
3,1871,micro_roc_auc,0.012327381837366813
3,1872,micro_roc_auc,0.013984127572474025
3,1873,micro_roc_auc,0.004670443651486389
3,1874,micro_roc_auc,0.0038131205862050876
3,1875,micro_roc_auc,0.0017916265786793728
3,1876,micro_roc_auc,-0.007597917816769217
3,1877,micro_roc_auc,-0.0002641428970878712
3,1878,micro_roc_auc,0.0007842820605353795
3,1879,micro_roc_auc,-0.005781084514838386
3,1880,micro_roc_auc,0.00224496911905403
3,1881,micro_roc_auc,0.011695894019814301
3,1882,micro_roc_auc,-0.003944943136028667
3,1883,micro_roc_auc,-0.002364642654763882
3,1884,micro_roc_auc,0.00964488589935164
3,1885,micro_roc_auc,0.011854047484791908
3,1886,micro_roc_auc,-0.009106635590866996
3,1887,micro_roc_auc,-0.0021547631824448965
3,1888,micro_roc_auc,0.008047872340425588
3,1889,micro_roc_auc,-0.006475776963571933
3,1890,micro_roc_auc,0.014312584885154855
3,1891,micro_roc_auc,0.0048749085361107225
3,1892,micro_roc_auc,0.001284667097745773
3,1893,micro_roc_auc,0.002988334800879122
3,1894,micro_roc_auc,-0.0009970525633316019
3,1895,micro_roc_auc,0.014916137840558896
3,1896,micro_roc_auc,0.009282559852509809
3,1897,micro_roc_auc,-0.005022094691535139
3,1898,micro_roc_auc,0.010566425926188616
3,1899,micro_roc_auc,0.01692467565657929
3,1900,micro_roc_auc,-0.006043394884962194
3,1901,micro_roc_auc,0.005411101245644256
3,1902,micro_roc_auc,0.003060265986558619
3,1903,micro_roc_auc,-0.010936016025922424
3,1904,micro_roc_auc,-0.0034860105509093575
3,1905,micro_roc_auc,0.014579117677052444
3,1906,micro_roc_auc,0.0031773299236534935
3,1907,micro_roc_auc,0.0037618636589338283
3,1908,micro_roc_auc,0.0019449848024315486
3,1909,micro_roc_auc,0.006879817110840181
3,1910,micro_roc_auc,0.004043650632201801
3,1911,micro_roc_auc,-0.00019990889806553724
3,1912,micro_roc_auc,0.00378371780788489
3,1913,micro_roc_auc,-0.0021587869497660117
3,1914,micro_roc_auc,-0.00907597480178124
3,1915,micro_roc_auc,0.002714378237169246
3,1916,micro_roc_auc,-0.011161535088471064
3,1917,micro_roc_auc,-0.006971068744377695
3,1918,micro_roc_auc,-0.005250226870337049
3,1919,micro_roc_auc,-0.00716474465599215
3,1920,micro_roc_auc,0.006909621728429238
3,1921,micro_roc_auc,-0.00554455250871233
3,1922,micro_roc_auc,-0.010105167173252272
3,1923,micro_roc_auc,0.0009294229307540425
3,1924,micro_roc_auc,-0.000832659899002941
3,1925,micro_roc_auc,0.012365353508831722
3,1926,micro_roc_auc,0.004896904262513102
3,1927,micro_roc_auc,-0.011267424570184148
3,1928,micro_roc_auc,0.006509120189228668
3,1929,micro_roc_auc,0.006823785253143089
3,1930,micro_roc_auc,-0.0013200065216474322
3,1931,micro_roc_auc,-0.00764430401856675
3,1932,micro_roc_auc,-0.001408125635011248
3,1933,micro_roc_auc,0.007586580995089909
3,1934,micro_roc_auc,0.008631141576314838
3,1935,micro_roc_auc,0.00033159451263808926
3,1936,micro_roc_auc,0.004418409800223899
3,1937,micro_roc_auc,0.007299598150270925
3,1938,micro_roc_auc,0.002899705670017294
3,1939,micro_roc_auc,0.007305384940053727
3,1940,micro_roc_auc,0.0027501675143677407
3,1941,micro_roc_auc,-0.003458943045327789
3,1942,micro_roc_auc,-0.007254764308659123
3,1943,micro_roc_auc,0.008017117933673545
3,1944,micro_roc_auc,-0.0045702406474964485
3,1945,micro_roc_auc,-0.0024508480783068665
3,1946,micro_roc_auc,-0.007587213113271929
3,1947,micro_roc_auc,-0.006676672230052305
3,1948,micro_roc_auc,-0.0008481586709143674
3,1949,micro_roc_auc,0.0028498014623260515
3,1950,micro_roc_auc,-0.0006133544087442155
3,1951,micro_roc_auc,0.01072553307016122
3,1952,micro_roc_auc,0.0018625362762587638
3,1953,micro_roc_auc,0.00230091396738874
3,1954,micro_roc_auc,0.004271987157310253
3,1955,micro_roc_auc,0.014618809356735318
3,1956,micro_roc_auc,-0.01009099071940045
3,1957,micro_roc_auc,-0.009387547022615794
3,1958,micro_roc_auc,-0.004642051211653508
3,1959,micro_roc_auc,-0.0004152551785416847
3,1960,micro_roc_auc,0.01691375953528451
3,1961,micro_roc_auc,0.008942821868602069
3,1962,micro_roc_auc,0.01442475002382837
3,1963,micro_roc_auc,0.0011007897196315675
3,1964,micro_roc_auc,-0.004602304106270938
3,1965,micro_roc_auc,-0.006423990725386242
3,1966,micro_roc_auc,0.002207734502949643
3,1967,micro_roc_auc,-0.006884515515700129
3,1968,micro_roc_auc,0.0024658113969973083
3,1969,micro_roc_auc,-0.008877401003174024
3,1970,micro_roc_auc,-0.005397594002598205
3,1971,micro_roc_auc,0.0035686363190150505
3,1972,micro_roc_auc,-0.0029673237539619146
3,1973,micro_roc_auc,0.010252255493190532
3,1974,micro_roc_auc,0.008063311375263948
3,1975,micro_roc_auc,-0.0011759901465783207
3,1976,micro_roc_auc,-0.0038611977689544386
3,1977,micro_roc_auc,0.010291300708032414
3,1978,micro_roc_auc,0.003491637207166609
3,1979,micro_roc_auc,-0.0016076042268200474
3,1980,micro_roc_auc,0.00024817390856191057
3,1981,micro_roc_auc,0.002974934791972972
3,1982,micro_roc_auc,-0.00999217054476531
3,1983,micro_roc_auc,-0.0027199709779350822
3,1984,micro_roc_auc,0.0033744124837615797
3,1985,micro_roc_auc,-5.2296264267504e-05
3,1986,micro_roc_auc,0.0034702023685484473
3,1987,micro_roc_auc,-0.003956350088734628
3,1988,micro_roc_auc,-0.011492900314750809
3,1989,micro_roc_auc,-0.005312166322079315
3,1990,micro_roc_auc,0.0008548962957624084
3,1991,micro_roc_auc,-0.00073150687246748
3,1992,micro_roc_auc,-0.010731692923580116
3,1993,micro_roc_auc,-0.005741939489705361
3,1994,micro_roc_auc,-0.004482897763191551
3,1995,micro_roc_auc,0.003767971956963878
3,1996,micro_roc_auc,0.003603691786678187
3,1997,micro_roc_auc,-0.006579336557374638
3,1998,micro_roc_auc,-6.370476442396633e-05
3,1999,micro_roc_auc,0.005517123643543176
3,0,macro_ap,0.004622560049819424
3,1,macro_ap,0.03205702615949535
3,2,macro_ap,0.0015977504970406953
3,3,macro_ap,0.00017368025290703804
3,4,macro_ap,-0.03483785282406937
3,5,macro_ap,-0.024757364936823012
3,6,macro_ap,0.02798842977605831
3,7,macro_ap,-0.014299146279681874
3,8,macro_ap,0.018533534805813212
3,9,macro_ap,0.0034735064755367917
3,10,macro_ap,0.029361521641729726
3,11,macro_ap,-0.01076350882490873
3,12,macro_ap,0.011113614418205908
3,13,macro_ap,-0.0024942764146176355
3,14,macro_ap,-0.004088151944371676
3,15,macro_ap,0.007242181970356476
3,16,macro_ap,-0.02300330437807041
3,17,macro_ap,0.013066490638343586
3,18,macro_ap,0.0018684535025567106
3,19,macro_ap,-0.008128782567762005
3,20,macro_ap,-0.013651733529846333
3,21,macro_ap,0.0066124545304971916
3,22,macro_ap,-0.03107973657646057
3,23,macro_ap,-0.02220826993559416
3,24,macro_ap,-0.03615228530344705
3,25,macro_ap,-0.019152055324830275
3,26,macro_ap,-0.02249620232611438
3,27,macro_ap,-0.0012531273017151734
3,28,macro_ap,0.024896088129146732
3,29,macro_ap,-0.004830480712797125
3,30,macro_ap,0.025762776379989805
3,31,macro_ap,0.0016033632775737106
3,32,macro_ap,-0.01330210700873169
3,33,macro_ap,0.011983588975567228
3,34,macro_ap,0.009211678009760915
3,35,macro_ap,-0.03961343590260874
3,36,macro_ap,-0.016639521985980288
3,37,macro_ap,0.0026791296678912446
3,38,macro_ap,-0.01323374693764745
3,39,macro_ap,0.0011242443057024043
3,40,macro_ap,-0.02815394811658406
3,41,macro_ap,0.021674407371707005
3,42,macro_ap,-0.007733004990952086
3,43,macro_ap,-0.012132497549510568
3,44,macro_ap,-0.0045279972627489395
3,45,macro_ap,-0.01941682408847578
3,46,macro_ap,0.028439955072766032
3,47,macro_ap,0.0019787403100998135
3,48,macro_ap,0.01805388865500468
3,49,macro_ap,0.00396402183415101
3,50,macro_ap,-0.027522375014604583
3,51,macro_ap,0.03225078544408805
3,52,macro_ap,0.03143681721331931
3,53,macro_ap,0.038339860184636254
3,54,macro_ap,0.014839570591606288
3,55,macro_ap,0.026289901403428406
3,56,macro_ap,0.011962923955669724
3,57,macro_ap,-0.034093119408029615
3,58,macro_ap,-0.020385519832039123
3,59,macro_ap,-0.021132141506775615
3,60,macro_ap,-0.001148236339662101
3,61,macro_ap,-0.01046137001300862
3,62,macro_ap,-0.013129392537279405
3,63,macro_ap,0.00972599357702203
3,64,macro_ap,0.032649027017372434
3,65,macro_ap,0.020437901676949255
3,66,macro_ap,-0.04298228515257929
3,67,macro_ap,0.028844835353212805
3,68,macro_ap,0.0326826952300206
3,69,macro_ap,-0.05238481564394187
3,70,macro_ap,-0.007635951473972502
3,71,macro_ap,-0.011058224529983396
3,72,macro_ap,0.028705341761001757
3,73,macro_ap,0.017610475899714373
3,74,macro_ap,-0.01768334568505664
3,75,macro_ap,0.015448527228091868
3,76,macro_ap,-0.0029331302768848544
3,77,macro_ap,-0.0012128990871178025
3,78,macro_ap,0.011243924708573216
3,79,macro_ap,0.025292595392425954
3,80,macro_ap,-0.03725105712002946
3,81,macro_ap,-0.035044857074889635
3,82,macro_ap,-0.002920703410697334
3,83,macro_ap,-0.010726197288745076
3,84,macro_ap,-0.029662463355767277
3,85,macro_ap,0.026099715468646034
3,86,macro_ap,-0.003037824508100362
3,87,macro_ap,-0.05244896744727512
3,88,macro_ap,0.017447702834222367
3,89,macro_ap,0.008487541372338092
3,90,macro_ap,-0.010256687081127036
3,91,macro_ap,-0.01248740097658757
3,92,macro_ap,-0.02077656367527131
3,93,macro_ap,-0.017332986934431305
3,94,macro_ap,-0.02741796763946447
3,95,macro_ap,-0.02591101301841381
3,96,macro_ap,-0.025211330369371343
3,97,macro_ap,-0.017958548191617796
3,98,macro_ap,0.002673807007581741
3,99,macro_ap,-0.013509483256317345
3,100,macro_ap,0.005607363120626929
3,101,macro_ap,-0.01754613275618966
3,102,macro_ap,-0.03665482296266176
3,103,macro_ap,0.01316052879568641
3,104,macro_ap,0.010677822101095746
3,105,macro_ap,-0.02265646057185905
3,106,macro_ap,0.04838542662442108
3,107,macro_ap,-0.004743980041298834
3,108,macro_ap,0.02360657989339454
3,109,macro_ap,0.011729369506174259
3,110,macro_ap,-0.01941542629485865
3,111,macro_ap,0.031118679709828567
3,112,macro_ap,-0.014056220915849293
3,113,macro_ap,0.015138261755281657
3,114,macro_ap,0.00018401499226383677
3,115,macro_ap,0.05308788049812185
3,116,macro_ap,-0.005123482819397507
3,117,macro_ap,0.03437712670197801
3,118,macro_ap,0.013588653595073663
3,119,macro_ap,0.013139766754972693
3,120,macro_ap,0.00796290174857256
3,121,macro_ap,-0.028161069418171536
3,122,macro_ap,0.007071339093954188
3,123,macro_ap,0.020206387982413587
3,124,macro_ap,0.020966680385869796
3,125,macro_ap,0.04685568859092787
3,126,macro_ap,-0.018348971417555537
3,127,macro_ap,0.0469218793752294
3,128,macro_ap,0.03224535231387715
3,129,macro_ap,-0.03064601032753128
3,130,macro_ap,0.036211617077690716
3,131,macro_ap,0.06020488568737464
3,132,macro_ap,0.02096547674288568
3,133,macro_ap,-0.022218236026372074
3,134,macro_ap,0.009891643027156949
3,135,macro_ap,0.018893539220928346
3,136,macro_ap,0.001955501535403692
3,137,macro_ap,-0.060127861593351095
3,138,macro_ap,-0.006574576027012891
3,139,macro_ap,-0.020743463341158674
3,140,macro_ap,0.022579047873493574
3,141,macro_ap,-0.0016948103084789556
3,142,macro_ap,-0.013177674113772797
3,143,macro_ap,-0.002064948242825937
3,144,macro_ap,0.029715704609986904
3,145,macro_ap,0.02743276293397995
3,146,macro_ap,-0.01461801509405447
3,147,macro_ap,0.015271908033154202
3,148,macro_ap,-0.015509935312020273
3,149,macro_ap,0.013829914884014527
3,150,macro_ap,-0.009070652691429093
3,151,macro_ap,0.004271231687841326
3,152,macro_ap,-0.021081916553452484
3,153,macro_ap,-0.009209761551711104
3,154,macro_ap,-0.03166344882779182
3,155,macro_ap,-0.018398873596012333
3,156,macro_ap,0.04047443635983067
3,157,macro_ap,0.01975979485750895
3,158,macro_ap,-0.010087469797205484
3,159,macro_ap,-0.012266908422692235
3,160,macro_ap,0.0019917605956300544
3,161,macro_ap,-0.010961553395203494
3,162,macro_ap,0.0035900189110987246
3,163,macro_ap,-0.03300819016276052
3,164,macro_ap,-0.007386694441085306
3,165,macro_ap,0.00904158563743962
3,166,macro_ap,0.00749320568484052
3,167,macro_ap,-0.002137492483570369
3,168,macro_ap,-0.004467357469311373
3,169,macro_ap,0.015305786375169883
3,170,macro_ap,-0.04021121004808875
3,171,macro_ap,0.007825114393849197
3,172,macro_ap,0.018063209356309895
3,173,macro_ap,-0.006773505303230953
3,174,macro_ap,0.0027861303498941115
3,175,macro_ap,-0.03821977096278523
3,176,macro_ap,0.0024646678139350064
3,177,macro_ap,-0.014917060407986515
3,178,macro_ap,0.030131988385798558
3,179,macro_ap,-0.025263205905751984
3,180,macro_ap,-0.02864083298078568
3,181,macro_ap,0.029496817510995643
3,182,macro_ap,-0.04988974235487831
3,183,macro_ap,0.014422507606131507
3,184,macro_ap,-0.06637794690423965
3,185,macro_ap,-0.00943116501801694
3,186,macro_ap,0.000903681855040861
3,187,macro_ap,-0.0009256004172761845
3,188,macro_ap,0.01443960557315005
3,189,macro_ap,0.026001382436085074
3,190,macro_ap,0.00494473437940085
3,191,macro_ap,-0.03907785680615439
3,192,macro_ap,0.03254504797122765
3,193,macro_ap,0.03199234258885658
3,194,macro_ap,-0.04144464401851
3,195,macro_ap,-0.015170322377348222
3,196,macro_ap,-0.013669976067963885
3,197,macro_ap,-0.034700630274923705
3,198,macro_ap,-0.014219906622671141
3,199,macro_ap,0.024577988079430846
3,200,macro_ap,-0.024312274372616238
3,201,macro_ap,0.018531198837128282
3,202,macro_ap,0.02754409928385987
3,203,macro_ap,-0.020606617910199354
3,204,macro_ap,0.004891700788855258
3,205,macro_ap,0.05212065795536985
3,206,macro_ap,-0.02881090755913579
3,207,macro_ap,-0.01700584973162439
3,208,macro_ap,0.005036258921443437
3,209,macro_ap,0.0032713211438968326
3,210,macro_ap,0.03271589914801565
3,211,macro_ap,-0.02737500768491541
3,212,macro_ap,-0.007853648822375825
3,213,macro_ap,0.026471349939765743
3,214,macro_ap,-0.0511417341388124
3,215,macro_ap,0.0036519253055120604
3,216,macro_ap,-0.010975232182875883
3,217,macro_ap,0.00541415602867612
3,218,macro_ap,0.004334132656283685
3,219,macro_ap,0.010873337302410413
3,220,macro_ap,0.033956084940304776
3,221,macro_ap,-0.0050560429610889135
3,222,macro_ap,-0.050622215388807235
3,223,macro_ap,0.05275974043350229
3,224,macro_ap,0.020742941812538773
3,225,macro_ap,0.028366745449891484
3,226,macro_ap,-0.018110726504209973
3,227,macro_ap,-0.010309215998365595
3,228,macro_ap,0.019383021927989796
3,229,macro_ap,-0.028461693238138852
3,230,macro_ap,0.009943327200114704
3,231,macro_ap,0.005656627522354518
3,232,macro_ap,-0.016233068354481683
3,233,macro_ap,-0.010183534183103693
3,234,macro_ap,0.0008834554809011297
3,235,macro_ap,-0.004432812253014229
3,236,macro_ap,0.02119061468043104
3,237,macro_ap,-0.004589704009468176
3,238,macro_ap,0.030601536879327373
3,239,macro_ap,0.017331919656533412
3,240,macro_ap,-0.013205461326009083
3,241,macro_ap,-0.022216071228305767
3,242,macro_ap,0.010588808207535993
3,243,macro_ap,0.0247020161668266
3,244,macro_ap,-0.029315161596172756
3,245,macro_ap,0.011155099244910871
3,246,macro_ap,0.006400165394439439
3,247,macro_ap,0.03625477953821382
3,248,macro_ap,0.015513550371697105
3,249,macro_ap,0.01619761191906488
3,250,macro_ap,0.0028334976135603873
3,251,macro_ap,0.020399762295286006
3,252,macro_ap,-0.00549789249695426
3,253,macro_ap,-0.03244865739392161
3,254,macro_ap,0.010570605798284227
3,255,macro_ap,0.00048150118846096435
3,256,macro_ap,0.015317628246444226
3,257,macro_ap,-0.014662790613574228
3,258,macro_ap,0.024270821950037824
3,259,macro_ap,-0.00893333515249739
3,260,macro_ap,-0.020900748768833577
3,261,macro_ap,-0.04766907820161803
3,262,macro_ap,-0.015130308966067652
3,263,macro_ap,0.04788538265171899
3,264,macro_ap,0.005406933873940922
3,265,macro_ap,0.004982922050533634
3,266,macro_ap,-0.01764363452523715
3,267,macro_ap,-0.0037844608794907475
3,268,macro_ap,0.00213436041950793
3,269,macro_ap,0.0001652833559472322
3,270,macro_ap,0.015455813849905409
3,271,macro_ap,0.002908377132480766
3,272,macro_ap,-0.009262352419720232
3,273,macro_ap,0.004584120245906709
3,274,macro_ap,-0.04985694515348432
3,275,macro_ap,-0.0056607394835170854
3,276,macro_ap,-0.03058713952557568
3,277,macro_ap,0.011121908229659805
3,278,macro_ap,-0.00200664362888503
3,279,macro_ap,-0.029284326885374135
3,280,macro_ap,-0.019503084652806868
3,281,macro_ap,-0.04719395093129125
3,282,macro_ap,-0.008851511647416266
3,283,macro_ap,0.005288697382904384
3,284,macro_ap,-0.01867925883476851
3,285,macro_ap,0.009216566317308716
3,286,macro_ap,0.02139906035774025
3,287,macro_ap,0.004941550727865562
3,288,macro_ap,-0.013985903780353803
3,289,macro_ap,0.0076081670272771795
3,290,macro_ap,-0.0129518923775776
3,291,macro_ap,0.00815898001976273
3,292,macro_ap,0.0025779126842923605
3,293,macro_ap,-0.02497808848276789
3,294,macro_ap,0.03321310369358543
3,295,macro_ap,-0.0010417250968092762
3,296,macro_ap,-0.026665750121290577
3,297,macro_ap,-0.010212329370385964
3,298,macro_ap,0.022671774509555043
3,299,macro_ap,0.004667969885492007
3,300,macro_ap,0.009888888901900594
3,301,macro_ap,0.04831041170292982
3,302,macro_ap,-0.008269560989180802
3,303,macro_ap,-0.023943487603430347
3,304,macro_ap,-0.0036681170870401236
3,305,macro_ap,0.02431470689221793
3,306,macro_ap,0.005642197722545261
3,307,macro_ap,0.009254916976460525
3,308,macro_ap,0.021363338148800592
3,309,macro_ap,0.04178466635231115
3,310,macro_ap,-0.03928926886045736
3,311,macro_ap,-0.004436493197491731
3,312,macro_ap,-0.01548041968543401
3,313,macro_ap,-0.004078055309973738
3,314,macro_ap,0.004979470144093279
3,315,macro_ap,-0.014737072117006644
3,316,macro_ap,0.007929123912015223
3,317,macro_ap,-0.0005045200748481915
3,318,macro_ap,0.018090302225472477
3,319,macro_ap,-0.03472150056916978
3,320,macro_ap,-0.004122743150198671
3,321,macro_ap,-0.011623076313161507
3,322,macro_ap,0.04337030467189046
3,323,macro_ap,0.008877007318467134
3,324,macro_ap,0.0024065972358707777
3,325,macro_ap,0.0038111582952421452
3,326,macro_ap,-0.014735180391053149
3,327,macro_ap,0.039043085970659364
3,328,macro_ap,-0.02019958895730778
3,329,macro_ap,-0.016558875929406247
3,330,macro_ap,-0.03790908959468858
3,331,macro_ap,0.02338071836758232
3,332,macro_ap,-0.008171428068959763
3,333,macro_ap,-0.010770300598846316
3,334,macro_ap,-0.0036277565259298372
3,335,macro_ap,-0.015095081208595151
3,336,macro_ap,-0.024759718373927875
3,337,macro_ap,-0.017528616635785033
3,338,macro_ap,0.02125078866815272
3,339,macro_ap,-0.014063088753988096
3,340,macro_ap,-0.0018362071690056214
3,341,macro_ap,0.00692712344297125
3,342,macro_ap,0.019179015317830506
3,343,macro_ap,0.04200702158810271
3,344,macro_ap,0.006065954780229477
3,345,macro_ap,-0.01446750966721383
3,346,macro_ap,-0.0013058324267635757
3,347,macro_ap,-0.005251058345403681
3,348,macro_ap,0.012329364702500123
3,349,macro_ap,-0.010943095949321135
3,350,macro_ap,-0.0024665706058559778
3,351,macro_ap,0.01246844287364296
3,352,macro_ap,0.021602981466815996
3,353,macro_ap,-0.006522070495009358
3,354,macro_ap,0.0122969983275788
3,355,macro_ap,0.03136407107312389
3,356,macro_ap,-0.00914180425353095
3,357,macro_ap,0.011447250517627128
3,358,macro_ap,0.029337865925192608
3,359,macro_ap,0.022352916358009123
3,360,macro_ap,-0.009668853754752182
3,361,macro_ap,0.006501646180095577
3,362,macro_ap,0.010932205917511872
3,363,macro_ap,-0.07121050561811992
3,364,macro_ap,-0.010922273959845352
3,365,macro_ap,-0.05728848234954731
3,366,macro_ap,-0.0002943385936579057
3,367,macro_ap,-0.005042313259057907
3,368,macro_ap,-0.02049404116176884
3,369,macro_ap,0.002564497330766413
3,370,macro_ap,-0.06251715664571317
3,371,macro_ap,0.0025892576514814913
3,372,macro_ap,0.011732997415638324
3,373,macro_ap,0.0005751887134253786
3,374,macro_ap,0.04388431569980494
3,375,macro_ap,-0.00984573160801061
3,376,macro_ap,-0.024430155672811593
3,377,macro_ap,-0.02681080994059809
3,378,macro_ap,0.0038260178634008657
3,379,macro_ap,0.013863414077323444
3,380,macro_ap,-0.014889856744685015
3,381,macro_ap,0.016346895754549007
3,382,macro_ap,0.020347811587522746
3,383,macro_ap,-0.02223326777284801
3,384,macro_ap,0.044252757681862764
3,385,macro_ap,0.012845401957520097
3,386,macro_ap,-0.01813040412456235
3,387,macro_ap,-0.02596654578730412
3,388,macro_ap,0.0334563472640097
3,389,macro_ap,0.0026542045118904123
3,390,macro_ap,0.0016892942332183969
3,391,macro_ap,0.010544819093189273
3,392,macro_ap,0.023711551283981835
3,393,macro_ap,0.009089341008368057
3,394,macro_ap,0.015544586989911735
3,395,macro_ap,0.006674735861556813
3,396,macro_ap,-0.01013982167907651
3,397,macro_ap,-0.004617944872261581
3,398,macro_ap,0.03453343688278332
3,399,macro_ap,0.021037064342234957
3,400,macro_ap,-0.03352621467138933
3,401,macro_ap,0.027490433827305094
3,402,macro_ap,-0.03905308512747657
3,403,macro_ap,-0.0010850855728563036
3,404,macro_ap,0.0036489642705134773
3,405,macro_ap,-0.015465584899570006
3,406,macro_ap,0.001011236635781676
3,407,macro_ap,0.0004804495602421799
3,408,macro_ap,0.003223729689487198
3,409,macro_ap,0.010561589728097065
3,410,macro_ap,-0.029517490376316124
3,411,macro_ap,0.002039248452901543
3,412,macro_ap,-0.020622623437533127
3,413,macro_ap,0.04537679690121882
3,414,macro_ap,0.0014689265517437433
3,415,macro_ap,0.010416679467576073
3,416,macro_ap,0.024354854211211918
3,417,macro_ap,-0.0335536932280196
3,418,macro_ap,0.03725468246881736
3,419,macro_ap,-0.02274018256816024
3,420,macro_ap,0.010728774617593029
3,421,macro_ap,-0.04643903804550903
3,422,macro_ap,-0.02384823865893082
3,423,macro_ap,0.03896356765481218
3,424,macro_ap,0.0017331777361107026
3,425,macro_ap,-0.005731332881598772
3,426,macro_ap,-0.02619118633929296
3,427,macro_ap,-0.007619858872435881
3,428,macro_ap,0.009293944673150645
3,429,macro_ap,-0.020466652115924355
3,430,macro_ap,-0.0050107008617635285
3,431,macro_ap,-0.010911274500591761
3,432,macro_ap,0.01576090151977183
3,433,macro_ap,0.013998206828945647
3,434,macro_ap,-0.030260603839832756
3,435,macro_ap,-0.005369187365995176
3,436,macro_ap,-0.01814336443757847
3,437,macro_ap,0.04708939681364005
3,438,macro_ap,0.025001929279046764
3,439,macro_ap,0.010424009568796522
3,440,macro_ap,0.00909474021861617
3,441,macro_ap,0.008015395573369666
3,442,macro_ap,0.0019089688635740565
3,443,macro_ap,0.03195584798649043
3,444,macro_ap,0.024955210958897578
3,445,macro_ap,0.01157008757271022
3,446,macro_ap,-0.010022063923573354
3,447,macro_ap,-0.04259494786155549
3,448,macro_ap,0.021544276239349625
3,449,macro_ap,-0.012934073058220197
3,450,macro_ap,-0.014580432491908879
3,451,macro_ap,0.0007903788822207769
3,452,macro_ap,-0.01010593942865623
3,453,macro_ap,0.024551057466237147
3,454,macro_ap,0.03769969172886717
3,455,macro_ap,-0.008414249057047074
3,456,macro_ap,0.011839896372495662
3,457,macro_ap,0.020360541469260862
3,458,macro_ap,-0.034992237899184264
3,459,macro_ap,-0.03123253917079616
3,460,macro_ap,0.014380633925188346
3,461,macro_ap,0.004078093515210546
3,462,macro_ap,-0.012198160829764326
3,463,macro_ap,0.007175881504552728
3,464,macro_ap,0.009999322782228703
3,465,macro_ap,0.021673181988659862
3,466,macro_ap,-0.006110586452683642
3,467,macro_ap,0.021099708390021732
3,468,macro_ap,0.015102386162153147
3,469,macro_ap,0.028692300614030553
3,470,macro_ap,-0.018927948973882447
3,471,macro_ap,-0.02833152079110901
3,472,macro_ap,-0.037143040779324565
3,473,macro_ap,0.026946523441224834
3,474,macro_ap,8.02830484710193e-05
3,475,macro_ap,-0.00793631694535335
3,476,macro_ap,-0.02962032702155276
3,477,macro_ap,-0.010269068663588787
3,478,macro_ap,-0.004617235497416494
3,479,macro_ap,-0.02052711433307053
3,480,macro_ap,0.025359529143131665
3,481,macro_ap,-0.0034554429161464673
3,482,macro_ap,-0.0025812509136028394
3,483,macro_ap,-0.008675107264670467
3,484,macro_ap,0.03383901322249383
3,485,macro_ap,0.01936551134546738
3,486,macro_ap,0.020001416756479984
3,487,macro_ap,0.008543049585611251
3,488,macro_ap,0.010071756529798137
3,489,macro_ap,0.039428381153182035
3,490,macro_ap,0.03586049491850635
3,491,macro_ap,0.014414397888473318
3,492,macro_ap,0.004740872310969257
3,493,macro_ap,-0.024631260653397435
3,494,macro_ap,-0.006053957045586089
3,495,macro_ap,-0.04990175041147449
3,496,macro_ap,-0.02791130187218832
3,497,macro_ap,0.019012118291810154
3,498,macro_ap,0.0032672562614678435
3,499,macro_ap,-0.015660556775163093
3,500,macro_ap,-0.0024557601286013253
3,501,macro_ap,-0.008881802476619405
3,502,macro_ap,-0.023647447709898184
3,503,macro_ap,-0.02753421435768416
3,504,macro_ap,-0.01640878447954336
3,505,macro_ap,-0.025007077883577755
3,506,macro_ap,-0.03670151756517048
3,507,macro_ap,-0.00864226722893724
3,508,macro_ap,-0.0206366842561021
3,509,macro_ap,-0.018513390631768878
3,510,macro_ap,-0.019797892597910316
3,511,macro_ap,0.04355508372283817
3,512,macro_ap,0.006038232742370642
3,513,macro_ap,0.010446597008199443
3,514,macro_ap,-0.013324365107386382
3,515,macro_ap,-0.019902286235080946
3,516,macro_ap,-0.037818196134422055
3,517,macro_ap,0.02030755241060378
3,518,macro_ap,0.014121015199467846
3,519,macro_ap,0.015259318821603918
3,520,macro_ap,-0.0005642554069157923
3,521,macro_ap,-0.005066789139058947
3,522,macro_ap,-0.025940592679778773
3,523,macro_ap,0.001212359933889573
3,524,macro_ap,0.0003152906036501535
3,525,macro_ap,0.024325168128399632
3,526,macro_ap,-0.023909432683809406
3,527,macro_ap,0.0754270395554491
3,528,macro_ap,0.007965407018767967
3,529,macro_ap,0.0022965612441467886
3,530,macro_ap,-0.006201453973134874
3,531,macro_ap,0.005948361099372634
3,532,macro_ap,-0.01446947946269439
3,533,macro_ap,0.01184619562930811
3,534,macro_ap,0.00847238087992902
3,535,macro_ap,-0.011567720230938383
3,536,macro_ap,-0.0011059244562396375
3,537,macro_ap,-0.0183948305593305
3,538,macro_ap,-0.00955904840046612
3,539,macro_ap,-0.0025653148706526463
3,540,macro_ap,-0.03264911229110029
3,541,macro_ap,0.0221741726042603
3,542,macro_ap,0.02957484454671444
3,543,macro_ap,0.021587273632146964
3,544,macro_ap,8.565236113311503e-06
3,545,macro_ap,0.008241661178580995
3,546,macro_ap,-0.016031070251523505
3,547,macro_ap,0.02638369976671917
3,548,macro_ap,-0.04602656177732928
3,549,macro_ap,0.02805164404311966
3,550,macro_ap,-0.021159683516081773
3,551,macro_ap,-0.010076344138731153
3,552,macro_ap,0.008176512446607276
3,553,macro_ap,-0.015449903860526581
3,554,macro_ap,0.00894356792853307
3,555,macro_ap,-0.02767333155942875
3,556,macro_ap,0.028220816769795654
3,557,macro_ap,0.0005498688166012955
3,558,macro_ap,0.015103118624512635
3,559,macro_ap,0.023470448056973625
3,560,macro_ap,-0.007298022932957338
3,561,macro_ap,0.0118356008897606
3,562,macro_ap,0.02201131062091216
3,563,macro_ap,-0.036929221366651166
3,564,macro_ap,0.01776780491143265
3,565,macro_ap,-0.010430790224249753
3,566,macro_ap,0.01937273336269918
3,567,macro_ap,0.015247749812103417
3,568,macro_ap,-0.0072318358396231686
3,569,macro_ap,0.0188191081382737
3,570,macro_ap,0.006808748935687559
3,571,macro_ap,-0.05012205558226612
3,572,macro_ap,-0.007766126036779286
3,573,macro_ap,-0.005337507402179309
3,574,macro_ap,-0.006344122236664362
3,575,macro_ap,-0.004299263850276569
3,576,macro_ap,0.006294116350485768
3,577,macro_ap,-0.006890829038600943
3,578,macro_ap,-0.017780063196803253
3,579,macro_ap,-0.007607229803652027
3,580,macro_ap,0.00016501404925556296
3,581,macro_ap,0.033210695417643876
3,582,macro_ap,-0.03190651504632486
3,583,macro_ap,0.01477319238551622
3,584,macro_ap,-0.016029069040531918
3,585,macro_ap,0.041874634701831004
3,586,macro_ap,0.029005718034453787
3,587,macro_ap,0.03298291979673024
3,588,macro_ap,0.007535043546022413
3,589,macro_ap,0.012459548196164294
3,590,macro_ap,-0.0233239202899313
3,591,macro_ap,0.014335630031313829
3,592,macro_ap,0.013336911780651162
3,593,macro_ap,0.012019309865781147
3,594,macro_ap,-0.022486840114281037
3,595,macro_ap,-0.009457037082940822
3,596,macro_ap,-0.016007308029632794
3,597,macro_ap,-0.017749893361577396
3,598,macro_ap,-0.006105904732538692
3,599,macro_ap,-0.01815622900174313
3,600,macro_ap,-0.019454344287458347
3,601,macro_ap,0.01672734954288735
3,602,macro_ap,0.018988116728838433
3,603,macro_ap,-0.046174317671356546
3,604,macro_ap,-0.02560123664032532
3,605,macro_ap,0.016267656168305555
3,606,macro_ap,0.02684802403724268
3,607,macro_ap,-0.029466973727168277
3,608,macro_ap,-0.0231760905190182
3,609,macro_ap,-0.021507376532291733
3,610,macro_ap,0.0017714215615892703
3,611,macro_ap,0.03703636524578047
3,612,macro_ap,-0.05038146260237142
3,613,macro_ap,-2.2387362730691418e-05
3,614,macro_ap,0.006886301596986277
3,615,macro_ap,-0.03789688330026664
3,616,macro_ap,-0.0025388414991541763
3,617,macro_ap,-0.04469511675731502
3,618,macro_ap,0.025977866072034617
3,619,macro_ap,-0.0072532154809688
3,620,macro_ap,0.012124619547521476
3,621,macro_ap,0.018514829289401014
3,622,macro_ap,-0.025846980413509246
3,623,macro_ap,0.006958629119945159
3,624,macro_ap,0.03312863586672332
3,625,macro_ap,-0.05259659873651035
3,626,macro_ap,-0.00809038589409311
3,627,macro_ap,-0.0071725889490795725
3,628,macro_ap,-0.0043720292880758405
3,629,macro_ap,0.006650243313411186
3,630,macro_ap,0.0002586541466502168
3,631,macro_ap,-0.021878191680833103
3,632,macro_ap,0.014844478350599932
3,633,macro_ap,-0.006984994631028696
3,634,macro_ap,0.005054371119337153
3,635,macro_ap,0.03524018091626513
3,636,macro_ap,-0.01326262519793403
3,637,macro_ap,0.006738985911839579
3,638,macro_ap,-0.017625535197424158
3,639,macro_ap,-0.03513491956335302
3,640,macro_ap,0.02463945821980762
3,641,macro_ap,-0.012099749843404672
3,642,macro_ap,-0.00937206487497344
3,643,macro_ap,-0.008781782843231
3,644,macro_ap,-0.004862657965463868
3,645,macro_ap,-0.033613632101189395
3,646,macro_ap,0.01819420612765399
3,647,macro_ap,-0.018415262410288458
3,648,macro_ap,-0.03128560247969431
3,649,macro_ap,-0.02179185022235941
3,650,macro_ap,0.02637309903992574
3,651,macro_ap,0.03622353105617643
3,652,macro_ap,0.004782212174391676
3,653,macro_ap,0.03402899716279739
3,654,macro_ap,-0.03081329048545539
3,655,macro_ap,0.02399107635939668
3,656,macro_ap,-0.009045154548741163
3,657,macro_ap,-0.030219171301697823
3,658,macro_ap,0.024043337095361106
3,659,macro_ap,0.009016587843295065
3,660,macro_ap,0.0024407829425004968
3,661,macro_ap,-0.008431202594297527
3,662,macro_ap,0.0019053109773809473
3,663,macro_ap,-0.009758118096082458
3,664,macro_ap,-0.012347611816589166
3,665,macro_ap,-0.008344571304732429
3,666,macro_ap,0.003963560578133352
3,667,macro_ap,2.2593136029425143e-05
3,668,macro_ap,0.019962508310707283
3,669,macro_ap,-0.01908312451879146
3,670,macro_ap,0.0069917269834621765
3,671,macro_ap,-0.047958401549812124
3,672,macro_ap,0.03672926204658056
3,673,macro_ap,0.011669041995451046
3,674,macro_ap,-0.003947762599758986
3,675,macro_ap,0.036573896159338815
3,676,macro_ap,-0.023538481812651557
3,677,macro_ap,-0.004831056394075606
3,678,macro_ap,0.033989911695170905
3,679,macro_ap,0.023677017460975613
3,680,macro_ap,-0.02206816369362552
3,681,macro_ap,0.06268093836398131
3,682,macro_ap,-0.01902660433449166
3,683,macro_ap,0.02679532127413009
3,684,macro_ap,0.010344668504980392
3,685,macro_ap,-0.030857473106755295
3,686,macro_ap,0.0038996894054954545
3,687,macro_ap,0.019123393702689617
3,688,macro_ap,0.024755694348941315
3,689,macro_ap,0.011255675358465111
3,690,macro_ap,-0.03083310552752938
3,691,macro_ap,0.0004503064872124485
3,692,macro_ap,0.01959610439289694
3,693,macro_ap,-0.055204693111510994
3,694,macro_ap,0.03339889616364128
3,695,macro_ap,0.01630722481104757
3,696,macro_ap,0.023054815780848226
3,697,macro_ap,0.0231775270809656
3,698,macro_ap,0.007337482424063013
3,699,macro_ap,-0.02911281744515387
3,700,macro_ap,-0.02879790267368748
3,701,macro_ap,-0.003603529931545446
3,702,macro_ap,-0.03815777763592598
3,703,macro_ap,0.015456054985578949
3,704,macro_ap,-0.01721285986827298
3,705,macro_ap,-0.017198236103027953
3,706,macro_ap,0.03858799393457418
3,707,macro_ap,-0.01514375070983115
3,708,macro_ap,0.04278622921824626
3,709,macro_ap,0.01570815447794316
3,710,macro_ap,0.0003163672274167362
3,711,macro_ap,-0.009255184279922113
3,712,macro_ap,0.0312261813272674
3,713,macro_ap,-0.04637072670940234
3,714,macro_ap,0.02813848825861598
3,715,macro_ap,-0.06919401430590322
3,716,macro_ap,0.015706534461087163
3,717,macro_ap,0.0058002682206423906
3,718,macro_ap,-0.012304118838638134
3,719,macro_ap,0.006560960541776406
3,720,macro_ap,0.013654700753042703
3,721,macro_ap,0.012479177908917394
3,722,macro_ap,0.012846657479515133
3,723,macro_ap,0.0040102148676606775
3,724,macro_ap,0.017843872221210366
3,725,macro_ap,-0.02053745297420939
3,726,macro_ap,-0.005449223945222459
3,727,macro_ap,0.048555030167146906
3,728,macro_ap,-0.005488383417923126
3,729,macro_ap,0.014165451648097127
3,730,macro_ap,0.02045995246022947
3,731,macro_ap,-0.008021191696192254
3,732,macro_ap,-0.022798539897167625
3,733,macro_ap,0.025460470242218203
3,734,macro_ap,0.04248951386530481
3,735,macro_ap,-0.010839392257516733
3,736,macro_ap,0.008846952010522158
3,737,macro_ap,0.018006503787859007
3,738,macro_ap,0.007667690041465447
3,739,macro_ap,0.014736217923707495
3,740,macro_ap,0.013711601146269403
3,741,macro_ap,0.006417531617424088
3,742,macro_ap,0.022435228349941383
3,743,macro_ap,-0.014207899156152781
3,744,macro_ap,0.011501186384858642
3,745,macro_ap,0.025527308159518924
3,746,macro_ap,-0.014109291716052297
3,747,macro_ap,-0.033060425006092964
3,748,macro_ap,-0.004341882338439462
3,749,macro_ap,-0.013512081833563006
3,750,macro_ap,-0.009411737425849831
3,751,macro_ap,-0.022724984262412984
3,752,macro_ap,-0.01655412968683695
3,753,macro_ap,0.0062571986151478964
3,754,macro_ap,-0.0060810065622615705
3,755,macro_ap,0.030612712524145658
3,756,macro_ap,-0.06315484122204468
3,757,macro_ap,0.017715317393723284
3,758,macro_ap,0.0024908309574890874
3,759,macro_ap,-0.015425569017630758
3,760,macro_ap,-0.03023275798270003
3,761,macro_ap,-0.013108004857886046
3,762,macro_ap,-0.02589103214808708
3,763,macro_ap,-0.024026513072107458
3,764,macro_ap,-0.001408214341529268
3,765,macro_ap,-0.0061322807047396455
3,766,macro_ap,-0.012690325414391301
3,767,macro_ap,0.029745192562495748
3,768,macro_ap,-0.018046869307224822
3,769,macro_ap,-0.009870024390465248
3,770,macro_ap,0.016726493491184047
3,771,macro_ap,-0.004247717194425127
3,772,macro_ap,-0.002548760889835522
3,773,macro_ap,-0.013064405348552577
3,774,macro_ap,-0.007054309932573333
3,775,macro_ap,0.023007003159574713
3,776,macro_ap,-0.005839736175533405
3,777,macro_ap,0.013635754988476634
3,778,macro_ap,-0.001169865686125371
3,779,macro_ap,-0.03299175387744169
3,780,macro_ap,0.028265167304812377
3,781,macro_ap,-0.0050090527943650875
3,782,macro_ap,0.014152368630182544
3,783,macro_ap,-0.0032945327350065723
3,784,macro_ap,-0.06104284832952678
3,785,macro_ap,-0.004243726169369633
3,786,macro_ap,-0.011525207732353215
3,787,macro_ap,-0.0146442123689422
3,788,macro_ap,0.011408460703085266
3,789,macro_ap,-0.04247939718880589
3,790,macro_ap,-0.02818924214279861
3,791,macro_ap,-0.003250556580771391
3,792,macro_ap,0.04800215289815718
3,793,macro_ap,0.009187180464042821
3,794,macro_ap,0.05014236363287289
3,795,macro_ap,0.039999142986517466
3,796,macro_ap,-0.024394258675933977
3,797,macro_ap,-0.005174952732541316
3,798,macro_ap,-0.01776201152007012
3,799,macro_ap,0.003404451299400868
3,800,macro_ap,0.01695508008839547
3,801,macro_ap,0.006604545580487675
3,802,macro_ap,-0.0016529541775133771
3,803,macro_ap,-0.001976780077493301
3,804,macro_ap,-0.007515899797840453
3,805,macro_ap,0.009369809678586749
3,806,macro_ap,-0.01699084827580344
3,807,macro_ap,-0.004718515393569489
3,808,macro_ap,0.0014602034027146327
3,809,macro_ap,-0.001234100442247421
3,810,macro_ap,0.007587472119942262
3,811,macro_ap,0.011947310820320578
3,812,macro_ap,0.002154130954610478
3,813,macro_ap,-0.02533025040843373
3,814,macro_ap,-0.00837686628151435
3,815,macro_ap,-0.005179307898767138
3,816,macro_ap,-0.01853205453754614
3,817,macro_ap,0.0010570468117515608
3,818,macro_ap,-0.026008051394273035
3,819,macro_ap,-0.019893392648864805
3,820,macro_ap,0.0020343585014237497
3,821,macro_ap,-0.02943945156737765
3,822,macro_ap,-0.011936420290480199
3,823,macro_ap,-0.013471221594351657
3,824,macro_ap,-0.0014194994226275903
3,825,macro_ap,-0.01543426853332025
3,826,macro_ap,0.007019100537228484
3,827,macro_ap,0.004512252242578452
3,828,macro_ap,-0.04215872227174672
3,829,macro_ap,0.013300233985489185
3,830,macro_ap,-0.0425207802836145
3,831,macro_ap,0.01076587068036855
3,832,macro_ap,0.03608867860117393
3,833,macro_ap,0.025325410148215377
3,834,macro_ap,0.0065382872802980385
3,835,macro_ap,0.032499994181376224
3,836,macro_ap,-0.007755373372239693
3,837,macro_ap,0.006162046874074123
3,838,macro_ap,-0.0071276180856033045
3,839,macro_ap,0.008567445761966164
3,840,macro_ap,-0.01442961878072857
3,841,macro_ap,0.03167646769043486
3,842,macro_ap,0.004846218710867101
3,843,macro_ap,0.008162141287932023
3,844,macro_ap,0.01639254353156877
3,845,macro_ap,0.033133255586889176
3,846,macro_ap,0.007037151448310741
3,847,macro_ap,0.009757578971833436
3,848,macro_ap,0.0041184774941848135
3,849,macro_ap,-0.010792485508088423
3,850,macro_ap,0.0258279723686739
3,851,macro_ap,0.030913956053495062
3,852,macro_ap,0.004384734903496446
3,853,macro_ap,0.004988745240924575
3,854,macro_ap,0.055300239748827085
3,855,macro_ap,-0.020860011034795067
3,856,macro_ap,-0.004306261725439242
3,857,macro_ap,-0.004265697468545715
3,858,macro_ap,-0.03910140796346823
3,859,macro_ap,-0.03096058197250917
3,860,macro_ap,0.0004512054838970436
3,861,macro_ap,0.025951948164537386
3,862,macro_ap,-0.005307623718744825
3,863,macro_ap,-0.030714485975433803
3,864,macro_ap,0.011529813574795766
3,865,macro_ap,0.008347506073060895
3,866,macro_ap,-0.028539944743511514
3,867,macro_ap,-0.008751426127472373
3,868,macro_ap,-0.04725446001899314
3,869,macro_ap,0.034725311006695125
3,870,macro_ap,-0.049839789206008234
3,871,macro_ap,0.005151861371186284
3,872,macro_ap,-0.017210206258896577
3,873,macro_ap,-0.03497420880257163
3,874,macro_ap,-0.04729476923413428
3,875,macro_ap,0.020499635436031893
3,876,macro_ap,-0.03195617825704028
3,877,macro_ap,0.020687496778144354
3,878,macro_ap,-0.010894019809585431
3,879,macro_ap,0.027709135176666455
3,880,macro_ap,-0.01248728033174068
3,881,macro_ap,0.03725061325674495
3,882,macro_ap,0.002222425207368872
3,883,macro_ap,-0.017786651313157487
3,884,macro_ap,0.003034915356290968
3,885,macro_ap,-0.021558246978701123
3,886,macro_ap,0.02922827180805765
3,887,macro_ap,-0.0019643753433190025
3,888,macro_ap,-0.010628994582875861
3,889,macro_ap,-0.0033161949161166215
3,890,macro_ap,-0.003771714220390854
3,891,macro_ap,0.014575558531143562
3,892,macro_ap,-0.001897189357622453
3,893,macro_ap,0.011613892149803462
3,894,macro_ap,0.03691913357865223
3,895,macro_ap,0.0010259615409888845
3,896,macro_ap,-0.03349780556300891
3,897,macro_ap,-0.020640347072120258
3,898,macro_ap,-0.0011702699785657855
3,899,macro_ap,0.012726791626351042
3,900,macro_ap,0.02644770389784179
3,901,macro_ap,-0.021223354151901075
3,902,macro_ap,0.020301283874860576
3,903,macro_ap,-0.03788311760884261
3,904,macro_ap,0.0008562361011741348
3,905,macro_ap,-0.002038428131062364
3,906,macro_ap,-0.010570429310796381
3,907,macro_ap,0.005303260067511084
3,908,macro_ap,-0.014746181643356226
3,909,macro_ap,0.003459226498998047
3,910,macro_ap,-0.008437626760195605
3,911,macro_ap,-0.013304492114945998
3,912,macro_ap,0.06840257020469015
3,913,macro_ap,-0.05244630615832846
3,914,macro_ap,-0.006346542020495616
3,915,macro_ap,0.007856972472302048
3,916,macro_ap,0.017192810850914342
3,917,macro_ap,0.017873378700240472
3,918,macro_ap,0.0018127040497620817
3,919,macro_ap,-0.014794287951108875
3,920,macro_ap,-0.021458056075568444
3,921,macro_ap,0.03262869490029241
3,922,macro_ap,-0.014525276498058959
3,923,macro_ap,-0.01051982380743699
3,924,macro_ap,-0.02294718567995041
3,925,macro_ap,0.0009453432748795509
3,926,macro_ap,0.002555892555346495
3,927,macro_ap,-0.003699869058112537
3,928,macro_ap,-0.011274229010155068
3,929,macro_ap,0.013962520905965337
3,930,macro_ap,-0.017741558593524775
3,931,macro_ap,-0.031347783762253945
3,932,macro_ap,-0.053093333745174
3,933,macro_ap,0.058460543058668824
3,934,macro_ap,0.011740549110566545
3,935,macro_ap,0.013213270651304343
3,936,macro_ap,0.003470702068892384
3,937,macro_ap,-0.0012676394848314398
3,938,macro_ap,0.009561065587174788
3,939,macro_ap,-0.015178172440419635
3,940,macro_ap,0.007777246155828976
3,941,macro_ap,-0.013228819354576149
3,942,macro_ap,0.015233654811313835
3,943,macro_ap,-0.008564794807570608
3,944,macro_ap,-0.0019509749978814384
3,945,macro_ap,-0.0054715280140441025
3,946,macro_ap,0.012854348005260585
3,947,macro_ap,-0.03262423527935626
3,948,macro_ap,-0.005284296135776578
3,949,macro_ap,-0.033655820259810565
3,950,macro_ap,-0.020699298539719302
3,951,macro_ap,0.013857814576989425
3,952,macro_ap,0.0064495287448565475
3,953,macro_ap,0.0051776519228874385
3,954,macro_ap,0.01147021010885485
3,955,macro_ap,-0.023902906887823316
3,956,macro_ap,-0.016138716476939374
3,957,macro_ap,0.01981632377547876
3,958,macro_ap,0.009895401015246885
3,959,macro_ap,-0.03911586108879028
3,960,macro_ap,-0.01475191883097321
3,961,macro_ap,0.018805084456188337
3,962,macro_ap,0.002807533523171646
3,963,macro_ap,-0.07043450121636097
3,964,macro_ap,-0.003950679925404432
3,965,macro_ap,0.008489904960479078
3,966,macro_ap,-0.028395778876060873
3,967,macro_ap,0.025797948434905793
3,968,macro_ap,0.022254876982103933
3,969,macro_ap,0.017097024732292188
3,970,macro_ap,0.0033253580336611854
3,971,macro_ap,0.0148879982201362
3,972,macro_ap,-0.023904735264393018
3,973,macro_ap,0.015285245617817134
3,974,macro_ap,-0.001099751187482234
3,975,macro_ap,-0.008883609549506566
3,976,macro_ap,0.0078889282247529
3,977,macro_ap,-0.0012979115353958792
3,978,macro_ap,0.02692036828029548
3,979,macro_ap,-0.031238089806454483
3,980,macro_ap,-0.05022725570096637
3,981,macro_ap,0.0016170361137408662
3,982,macro_ap,-0.015336557958064934
3,983,macro_ap,-0.0298247294020324
3,984,macro_ap,-0.03173690319745831
3,985,macro_ap,-0.008181043314594849
3,986,macro_ap,-0.01745344777375918
3,987,macro_ap,0.02120570845488773
3,988,macro_ap,0.010582514832928713
3,989,macro_ap,-0.018625945260265064
3,990,macro_ap,-0.038609182590556235
3,991,macro_ap,0.015102501539563717
3,992,macro_ap,-0.012866762232405904
3,993,macro_ap,0.0004257498036832619
3,994,macro_ap,0.02982564619841449
3,995,macro_ap,0.00891722428050129
3,996,macro_ap,0.030127955663206252
3,997,macro_ap,-0.018159311474010287
3,998,macro_ap,0.03158403088452105
3,999,macro_ap,0.021304276134312516
3,1000,macro_ap,0.021340976052307004
3,1001,macro_ap,-0.03233184501997427
3,1002,macro_ap,0.01653154532881579
3,1003,macro_ap,0.00600479921332997
3,1004,macro_ap,0.006137557185989406
3,1005,macro_ap,-0.013460831102369508
3,1006,macro_ap,0.012961848590465841
3,1007,macro_ap,0.016921614115740224
3,1008,macro_ap,0.011384340600001819
3,1009,macro_ap,-0.013816975471006132
3,1010,macro_ap,0.014610439243235906
3,1011,macro_ap,-0.02842076431998891
3,1012,macro_ap,0.02339312171802016
3,1013,macro_ap,0.029893951324369117
3,1014,macro_ap,-0.00016454641528546032
3,1015,macro_ap,-0.047351442917503705
3,1016,macro_ap,-0.02677746625501992
3,1017,macro_ap,0.012317504358672793
3,1018,macro_ap,-0.04264219965896987
3,1019,macro_ap,-0.014134250611295418
3,1020,macro_ap,-0.03263959628721691
3,1021,macro_ap,-0.016570834095219755
3,1022,macro_ap,-0.03130847384356833
3,1023,macro_ap,-0.039491089064244034
3,1024,macro_ap,-0.019306299827610673
3,1025,macro_ap,0.002098457164954104
3,1026,macro_ap,-0.003054085311277599
3,1027,macro_ap,-0.0023754633090355415
3,1028,macro_ap,0.03524453377599668
3,1029,macro_ap,-0.012543155303119169
3,1030,macro_ap,-0.02991704981678489
3,1031,macro_ap,0.006739882406368913
3,1032,macro_ap,0.012478703344589892
3,1033,macro_ap,0.04626537680842557
3,1034,macro_ap,-0.035717943987833844
3,1035,macro_ap,-0.020271595743709625
3,1036,macro_ap,-0.011874086579552579
3,1037,macro_ap,0.0317837391219688
3,1038,macro_ap,0.021715885169460547
3,1039,macro_ap,0.004693584774841386
3,1040,macro_ap,-0.0007226686725695375
3,1041,macro_ap,-0.0350630825264584
3,1042,macro_ap,-0.05036889218300483
3,1043,macro_ap,-0.03245276869300012
3,1044,macro_ap,0.012024670603782317
3,1045,macro_ap,0.0078145582629075
3,1046,macro_ap,0.01084334760460115
3,1047,macro_ap,0.009688637343557238
3,1048,macro_ap,0.04169712730991032
3,1049,macro_ap,0.027030902456915917
3,1050,macro_ap,-0.0008924522690352821
3,1051,macro_ap,0.01725334177907273
3,1052,macro_ap,-0.009803929189669935
3,1053,macro_ap,-0.009076668624940054
3,1054,macro_ap,-0.016003713573740086
3,1055,macro_ap,-0.030107333956915838
3,1056,macro_ap,0.054425755312437485
3,1057,macro_ap,-0.027274662601327326
3,1058,macro_ap,-0.0009888659562656832
3,1059,macro_ap,0.017986371491511832
3,1060,macro_ap,-0.018331655695020044
3,1061,macro_ap,-0.03935425921086677
3,1062,macro_ap,0.0039260260398544244
3,1063,macro_ap,-0.015510285044679495
3,1064,macro_ap,-0.009865410657074414
3,1065,macro_ap,-0.034354456250449694
3,1066,macro_ap,-0.017338255005293512
3,1067,macro_ap,0.0064328983210471535
3,1068,macro_ap,-0.02296163787193045
3,1069,macro_ap,-0.006217247277087556
3,1070,macro_ap,0.006901772724230371
3,1071,macro_ap,-0.013821576684384773
3,1072,macro_ap,-0.020584889944963103
3,1073,macro_ap,-0.006814221465445025
3,1074,macro_ap,-0.0424926544166111
3,1075,macro_ap,-0.012080658795218968
3,1076,macro_ap,-0.017089543882052305
3,1077,macro_ap,0.00284736924262341
3,1078,macro_ap,0.014762112798228033
3,1079,macro_ap,-0.027944012795555084
3,1080,macro_ap,-0.015245100605009665
3,1081,macro_ap,0.020501851983771302
3,1082,macro_ap,-0.007163972819541509
3,1083,macro_ap,0.03058521919356616
3,1084,macro_ap,-0.012938584324257763
3,1085,macro_ap,-0.0022500180516991652
3,1086,macro_ap,0.018248828183151544
3,1087,macro_ap,0.009034990422560008
3,1088,macro_ap,-0.01169569208979332
3,1089,macro_ap,-0.03328915980836139
3,1090,macro_ap,-0.010387472439794487
3,1091,macro_ap,0.038412761845450116
3,1092,macro_ap,-0.012632807012915803
3,1093,macro_ap,0.023286724027741623
3,1094,macro_ap,-0.02775861622288467
3,1095,macro_ap,0.01189372007369044
3,1096,macro_ap,0.009569617420031984
3,1097,macro_ap,-0.023547744196724618
3,1098,macro_ap,-0.022835452140675783
3,1099,macro_ap,0.04223987822422243
3,1100,macro_ap,-0.026855783649387566
3,1101,macro_ap,-0.011166756638544051
3,1102,macro_ap,-0.04510038125259014
3,1103,macro_ap,-0.013537397741724133
3,1104,macro_ap,0.024106121365957023
3,1105,macro_ap,-0.018388217074848
3,1106,macro_ap,-0.01351009062462405
3,1107,macro_ap,0.06279242145150815
3,1108,macro_ap,0.0015664278656730701
3,1109,macro_ap,-0.004040773733082981
3,1110,macro_ap,0.016340416693596926
3,1111,macro_ap,-0.034888916540308346
3,1112,macro_ap,-0.0075781904803338684
3,1113,macro_ap,-0.01795317636761329
3,1114,macro_ap,-0.04139426651199457
3,1115,macro_ap,0.01686079688633879
3,1116,macro_ap,-0.016034021507171925
3,1117,macro_ap,0.024730936349452948
3,1118,macro_ap,-0.017730385744534505
3,1119,macro_ap,0.03557491462221163
3,1120,macro_ap,0.012793492360204606
3,1121,macro_ap,-0.011709279327599242
3,1122,macro_ap,-0.01739282423167471
3,1123,macro_ap,-0.04598455690998071
3,1124,macro_ap,-0.010723504176533949
3,1125,macro_ap,-0.010534203971195033
3,1126,macro_ap,-0.021073854072146292
3,1127,macro_ap,0.021466866300462073
3,1128,macro_ap,0.01524247395698497
3,1129,macro_ap,0.0060507379796101435
3,1130,macro_ap,-0.027848508100966396
3,1131,macro_ap,0.032450427079037
3,1132,macro_ap,0.03594238385057197
3,1133,macro_ap,-0.025854058678337732
3,1134,macro_ap,0.017176024432596304
3,1135,macro_ap,0.01394378522744183
3,1136,macro_ap,-0.011554369582384427
3,1137,macro_ap,-0.009115132038148899
3,1138,macro_ap,0.03785903675451624
3,1139,macro_ap,0.004728074321413034
3,1140,macro_ap,-0.0347668256179301
3,1141,macro_ap,0.04429764964502392
3,1142,macro_ap,0.025360521584662343
3,1143,macro_ap,0.009997723047610485
3,1144,macro_ap,0.0086218607279544
3,1145,macro_ap,0.0025038730166839773
3,1146,macro_ap,0.009962756110786342
3,1147,macro_ap,-0.02057715304490887
3,1148,macro_ap,0.024363105957906805
3,1149,macro_ap,0.02488900591310106
3,1150,macro_ap,-0.03897105170769544
3,1151,macro_ap,-0.004774473003769764
3,1152,macro_ap,0.004286039573814737
3,1153,macro_ap,0.01335823852497664
3,1154,macro_ap,-0.032048760993991066
3,1155,macro_ap,-0.04774917728747724
3,1156,macro_ap,0.05137653036469825
3,1157,macro_ap,0.03220481531425823
3,1158,macro_ap,-0.0018441329902303405
3,1159,macro_ap,0.007945372930414807
3,1160,macro_ap,-0.014964638447002188
3,1161,macro_ap,0.019862750593090228
3,1162,macro_ap,0.040275163336763675
3,1163,macro_ap,0.004727436093715287
3,1164,macro_ap,0.02628351445872129
3,1165,macro_ap,0.004299957665081289
3,1166,macro_ap,0.0057524808192057075
3,1167,macro_ap,-0.011436740716302074
3,1168,macro_ap,0.00865554197589874
3,1169,macro_ap,0.018965621695211432
3,1170,macro_ap,-0.009399171346488766
3,1171,macro_ap,0.008895441537638882
3,1172,macro_ap,-0.005439722594559326
3,1173,macro_ap,-0.04255635609965458
3,1174,macro_ap,-0.00281786331352063
3,1175,macro_ap,-0.014658423494465778
3,1176,macro_ap,0.02879525602954003
3,1177,macro_ap,-0.00390752494765767
3,1178,macro_ap,-0.02658137378247699
3,1179,macro_ap,0.0011558234161396785
3,1180,macro_ap,0.008877078709147335
3,1181,macro_ap,-0.0017581996867017113
3,1182,macro_ap,0.007568483157198824
3,1183,macro_ap,0.0059099923925395315
3,1184,macro_ap,0.019615633015482636
3,1185,macro_ap,0.02269576420590902
3,1186,macro_ap,-0.0012011036779906448
3,1187,macro_ap,0.054186228842626805
3,1188,macro_ap,-0.012811891129766773
3,1189,macro_ap,0.0037790809029564776
3,1190,macro_ap,0.05096499706657953
3,1191,macro_ap,-0.004196458684939897
3,1192,macro_ap,0.03622142051166777
3,1193,macro_ap,0.03305766795661652
3,1194,macro_ap,0.012056124661696477
3,1195,macro_ap,-0.0005044764618717945
3,1196,macro_ap,-0.06247936549810801
3,1197,macro_ap,-0.022240785045231026
3,1198,macro_ap,0.035524868531585485
3,1199,macro_ap,0.015526333988200136
3,1200,macro_ap,-0.030052733612826177
3,1201,macro_ap,0.0006600869708066615
3,1202,macro_ap,-0.04198410414096376
3,1203,macro_ap,-0.016991112188810942
3,1204,macro_ap,-0.007778924360427986
3,1205,macro_ap,-0.00466470112141254
3,1206,macro_ap,-0.006404605987285428
3,1207,macro_ap,0.05696557966201371
3,1208,macro_ap,-0.00955055104107444
3,1209,macro_ap,-0.02617227846615433
3,1210,macro_ap,-0.008808094256519683
3,1211,macro_ap,-0.02167161521527522
3,1212,macro_ap,0.02895768240999136
3,1213,macro_ap,-0.01672560879139212
3,1214,macro_ap,-0.013378509980216002
3,1215,macro_ap,0.010611811265253401
3,1216,macro_ap,-0.0045768891912815746
3,1217,macro_ap,0.02555677300338044
3,1218,macro_ap,-0.011576068032144393
3,1219,macro_ap,0.012564963085423264
3,1220,macro_ap,-0.022464954624508482
3,1221,macro_ap,0.009139286254759516
3,1222,macro_ap,0.02280207193188749
3,1223,macro_ap,-0.03536076444039915
3,1224,macro_ap,-0.014846449034134623
3,1225,macro_ap,-0.02447284292381663
3,1226,macro_ap,-0.02305105000060137
3,1227,macro_ap,-0.04562493460264233
3,1228,macro_ap,0.04329217229984239
3,1229,macro_ap,0.01033217598684999
3,1230,macro_ap,-0.0022676661754229555
3,1231,macro_ap,0.0074856247410789445
3,1232,macro_ap,0.03136277197087489
3,1233,macro_ap,0.003474989845668075
3,1234,macro_ap,-0.025522113229289822
3,1235,macro_ap,0.015423600942089222
3,1236,macro_ap,0.03453687006888445
3,1237,macro_ap,0.003413909691220962
3,1238,macro_ap,0.00263315596778263
3,1239,macro_ap,-0.013600622317936795
3,1240,macro_ap,-0.02623756535513172
3,1241,macro_ap,0.028519021565696356
3,1242,macro_ap,-0.04032402236744337
3,1243,macro_ap,-0.02919227116293166
3,1244,macro_ap,0.017228678730991265
3,1245,macro_ap,-0.020154662367646736
3,1246,macro_ap,-0.014679685007599474
3,1247,macro_ap,0.0051326013015940974
3,1248,macro_ap,-0.011247938186095985
3,1249,macro_ap,-0.04642293203093889
3,1250,macro_ap,-0.03247219243563182
3,1251,macro_ap,-0.008683469734938443
3,1252,macro_ap,-0.017304696469668035
3,1253,macro_ap,-0.009906631809125488
3,1254,macro_ap,0.0031869142722203425
3,1255,macro_ap,-0.026103157873925698
3,1256,macro_ap,0.013938377835356897
3,1257,macro_ap,0.009906601681275606
3,1258,macro_ap,0.00027669684382714
3,1259,macro_ap,-0.013222484151218517
3,1260,macro_ap,0.031212913307386958
3,1261,macro_ap,0.05141767822774207
3,1262,macro_ap,-0.008290025436435033
3,1263,macro_ap,0.00953199552023798
3,1264,macro_ap,-0.015138109929484667
3,1265,macro_ap,-0.009819591648726422
3,1266,macro_ap,-0.015467150012414221
3,1267,macro_ap,0.014455848021099893
3,1268,macro_ap,-0.03293933692598572
3,1269,macro_ap,0.02646178462821064
3,1270,macro_ap,0.03382223309824811
3,1271,macro_ap,0.038406849994456704
3,1272,macro_ap,-0.009356790726277209
3,1273,macro_ap,-0.0442842397997108
3,1274,macro_ap,0.01798939494426488
3,1275,macro_ap,-0.029881982450277234
3,1276,macro_ap,-0.003525780924232391
3,1277,macro_ap,-0.01019982941391695
3,1278,macro_ap,0.013763084309189377
3,1279,macro_ap,0.023002590653490362
3,1280,macro_ap,-0.00839995026817908
3,1281,macro_ap,-0.007032590248285564
3,1282,macro_ap,0.01833795133241123
3,1283,macro_ap,-0.0009965267494179697
3,1284,macro_ap,0.008975362583742819
3,1285,macro_ap,-0.012701597042875656
3,1286,macro_ap,-0.017131840572576773
3,1287,macro_ap,0.027137484866226136
3,1288,macro_ap,-0.022076891802483456
3,1289,macro_ap,0.01079050217258326
3,1290,macro_ap,-0.0019479012271360618
3,1291,macro_ap,-0.028094244250989775
3,1292,macro_ap,-0.0020137842748139123
3,1293,macro_ap,0.020363172913776983
3,1294,macro_ap,-0.003611107674249381
3,1295,macro_ap,-0.0012344002560493728
3,1296,macro_ap,0.0064247533956278136
3,1297,macro_ap,0.03900078714911248
3,1298,macro_ap,-0.01560398941112362
3,1299,macro_ap,0.011233695097677465
3,1300,macro_ap,0.0039042279060949037
3,1301,macro_ap,-0.006154182150997833
3,1302,macro_ap,0.018837839051572824
3,1303,macro_ap,0.004275857783382686
3,1304,macro_ap,0.0029904354810483813
3,1305,macro_ap,-0.0011251762903771723
3,1306,macro_ap,-0.0007294264013181784
3,1307,macro_ap,0.017941647226011825
3,1308,macro_ap,-0.027204178033689352
3,1309,macro_ap,0.02611534155752332
3,1310,macro_ap,0.033232608382509354
3,1311,macro_ap,-0.02032395095559486
3,1312,macro_ap,0.023195345519650357
3,1313,macro_ap,0.029928848646996076
3,1314,macro_ap,-0.017868635585640114
3,1315,macro_ap,-0.0029394045078356967
3,1316,macro_ap,0.0024226883759559947
3,1317,macro_ap,-0.0008787765695256189
3,1318,macro_ap,0.03617075753952792
3,1319,macro_ap,-0.011343621172389462
3,1320,macro_ap,-0.020521368962579833
3,1321,macro_ap,0.02106076942719548
3,1322,macro_ap,0.04586012721217253
3,1323,macro_ap,-0.017739082817687046
3,1324,macro_ap,0.05565407978687209
3,1325,macro_ap,0.007932161865908394
3,1326,macro_ap,-0.02242383738014181
3,1327,macro_ap,-0.0079374321678371
3,1328,macro_ap,0.018491627757011075
3,1329,macro_ap,-0.001294896319159966
3,1330,macro_ap,-0.004653065372338505
3,1331,macro_ap,0.007513834235130468
3,1332,macro_ap,-0.0147264063304956
3,1333,macro_ap,-0.049065216240889775
3,1334,macro_ap,-0.023923826225874578
3,1335,macro_ap,0.008327113519512597
3,1336,macro_ap,-0.018030368260125496
3,1337,macro_ap,0.04093298536487722
3,1338,macro_ap,-0.0365451947242138
3,1339,macro_ap,0.03688607197373861
3,1340,macro_ap,-0.010657590552756835
3,1341,macro_ap,-0.005206863139773366
3,1342,macro_ap,-0.004124624538862087
3,1343,macro_ap,0.013676058010737069
3,1344,macro_ap,-0.012540697669018663
3,1345,macro_ap,-0.01530397975252934
3,1346,macro_ap,-0.026438826867890064
3,1347,macro_ap,-0.04905997188745431
3,1348,macro_ap,-0.009567737238252438
3,1349,macro_ap,0.049943776340527934
3,1350,macro_ap,-0.0010651744027479482
3,1351,macro_ap,-0.006952620404687748
3,1352,macro_ap,0.011151602846259434
3,1353,macro_ap,0.01762119243657473
3,1354,macro_ap,-0.014949377578108158
3,1355,macro_ap,-0.024926789748152878
3,1356,macro_ap,-0.018762372102543445
3,1357,macro_ap,-0.01864870293689469
3,1358,macro_ap,-0.04249780285437477
3,1359,macro_ap,0.04778879812806908
3,1360,macro_ap,-0.046775650856787254
3,1361,macro_ap,0.006669026437778003
3,1362,macro_ap,0.0009955905729617243
3,1363,macro_ap,0.011328350916096186
3,1364,macro_ap,-0.01369376391057453
3,1365,macro_ap,-0.042061526280371186
3,1366,macro_ap,0.021325186068453517
3,1367,macro_ap,0.008132590110302318
3,1368,macro_ap,-0.015372305451649249
3,1369,macro_ap,0.0006790044815909169
3,1370,macro_ap,-0.014770659022740273
3,1371,macro_ap,0.027374149959668692
3,1372,macro_ap,0.020352659365752868
3,1373,macro_ap,0.0006800719877542161
3,1374,macro_ap,0.018819390691563964
3,1375,macro_ap,-0.008285301919474353
3,1376,macro_ap,0.014478513958385897
3,1377,macro_ap,-0.007032699868831427
3,1378,macro_ap,-0.003152176717175048
3,1379,macro_ap,0.006279677763803282
3,1380,macro_ap,0.000813704089566436
3,1381,macro_ap,0.01612094080131432
3,1382,macro_ap,0.004552051694303394
3,1383,macro_ap,-0.07010927530888239
3,1384,macro_ap,0.008465697813047124
3,1385,macro_ap,-0.01338465017671131
3,1386,macro_ap,-0.020562889503892956
3,1387,macro_ap,-0.021522082171378798
3,1388,macro_ap,0.015481939116251842
3,1389,macro_ap,-0.04416994397304391
3,1390,macro_ap,-0.019976317432250035
3,1391,macro_ap,-0.0035726007047579
3,1392,macro_ap,-0.018088506683964722
3,1393,macro_ap,-0.002830023144939575
3,1394,macro_ap,0.0015029270824983287
3,1395,macro_ap,-0.02090551053889983
3,1396,macro_ap,-0.008508082728120758
3,1397,macro_ap,-0.018878010641872833
3,1398,macro_ap,0.025111281351720527
3,1399,macro_ap,0.039750507294110504
3,1400,macro_ap,-0.0003649514498942352
3,1401,macro_ap,0.05051644271010047
3,1402,macro_ap,-0.007368099612339751
3,1403,macro_ap,-0.048370416784166814
3,1404,macro_ap,0.015975574050368757
3,1405,macro_ap,-0.03649044260852097
3,1406,macro_ap,-0.025922190023944913
3,1407,macro_ap,0.0038880513092405256
3,1408,macro_ap,-0.01032113064159429
3,1409,macro_ap,-0.03668619595257833
3,1410,macro_ap,-0.02431840431810317
3,1411,macro_ap,0.027213183151014675
3,1412,macro_ap,0.008964897828158236
3,1413,macro_ap,-0.0047235425711867896
3,1414,macro_ap,-0.027755280875159716
3,1415,macro_ap,0.007993228635910177
3,1416,macro_ap,-0.002516365187119396
3,1417,macro_ap,-0.03391026098231881
3,1418,macro_ap,-0.04255312346186124
3,1419,macro_ap,0.035302134497163074
3,1420,macro_ap,0.0030942000908424916
3,1421,macro_ap,0.030688754348796587
3,1422,macro_ap,0.041125249245052564
3,1423,macro_ap,-0.019994630316792716
3,1424,macro_ap,0.0411687149812322
3,1425,macro_ap,-0.024655343001608043
3,1426,macro_ap,-0.009312088981724975
3,1427,macro_ap,-0.0045080385009613755
3,1428,macro_ap,0.005409759388104007
3,1429,macro_ap,0.03654209299959771
3,1430,macro_ap,-0.012995727092893816
3,1431,macro_ap,-0.03286227536422903
3,1432,macro_ap,0.020293894141424185
3,1433,macro_ap,-0.04017204701530236
3,1434,macro_ap,0.022358205208315385
3,1435,macro_ap,0.007396022879871289
3,1436,macro_ap,-0.010374269506116751
3,1437,macro_ap,0.011770489015713537
3,1438,macro_ap,-0.018581625668816937
3,1439,macro_ap,-0.01096310146944185
3,1440,macro_ap,0.023845119613195853
3,1441,macro_ap,-0.0050559138926878355
3,1442,macro_ap,-0.011581923163332342
3,1443,macro_ap,-0.013106012714985182
3,1444,macro_ap,0.004443561281277875
3,1445,macro_ap,0.031447520691909536
3,1446,macro_ap,-0.03845277625115784
3,1447,macro_ap,0.005503324768555251
3,1448,macro_ap,0.0163189839103286
3,1449,macro_ap,-0.02649792440958726
3,1450,macro_ap,-0.04861229889409446
3,1451,macro_ap,0.027925155540161062
3,1452,macro_ap,0.00853866922751273
3,1453,macro_ap,-0.020442114568233416
3,1454,macro_ap,-0.018500177723872746
3,1455,macro_ap,0.0017717395744338282
3,1456,macro_ap,0.010737800580157997
3,1457,macro_ap,0.030217089195257008
3,1458,macro_ap,-0.015544460435871876
3,1459,macro_ap,0.034249669402939165
3,1460,macro_ap,-0.04208764049434782
3,1461,macro_ap,0.028236730995130355
3,1462,macro_ap,-0.011077201773711354
3,1463,macro_ap,0.0069568598769028656
3,1464,macro_ap,-0.028710613137257257
3,1465,macro_ap,0.018723737501238014
3,1466,macro_ap,0.017005754307586607
3,1467,macro_ap,0.009737132465566234
3,1468,macro_ap,0.024263548591158257
3,1469,macro_ap,-0.02202380859214742
3,1470,macro_ap,0.008928415523360433
3,1471,macro_ap,0.01518542173807208
3,1472,macro_ap,-0.023553713600229842
3,1473,macro_ap,0.004296039751844727
3,1474,macro_ap,-0.011734410212278612
3,1475,macro_ap,0.009491414627740946
3,1476,macro_ap,-0.005384405833624872
3,1477,macro_ap,-0.017890299430774026
3,1478,macro_ap,0.02515846396929655
3,1479,macro_ap,0.0003818136049480447
3,1480,macro_ap,-0.00307452132240682
3,1481,macro_ap,-0.00784606580072017
3,1482,macro_ap,0.003405828544049916
3,1483,macro_ap,0.00906513791632163
3,1484,macro_ap,-0.013509159621239886
3,1485,macro_ap,-0.020515957862179135
3,1486,macro_ap,0.016752996489823868
3,1487,macro_ap,0.015316454639176968
3,1488,macro_ap,-0.0012831288495446236
3,1489,macro_ap,-0.031067975099820677
3,1490,macro_ap,-0.0031439701108746387
3,1491,macro_ap,-0.011051365317028716
3,1492,macro_ap,-0.006239050429465209
3,1493,macro_ap,-0.02278599538352294
3,1494,macro_ap,0.04408264097912168
3,1495,macro_ap,-0.0024755123140053903
3,1496,macro_ap,0.01742940902885315
3,1497,macro_ap,0.03940816825722421
3,1498,macro_ap,-0.00810798060058976
3,1499,macro_ap,0.018437876450637214
3,1500,macro_ap,0.04198761154667291
3,1501,macro_ap,0.012406399224624776
3,1502,macro_ap,0.003873942064613667
3,1503,macro_ap,-0.03757979162121705
3,1504,macro_ap,0.01963821004487648
3,1505,macro_ap,-0.010110297078113839
3,1506,macro_ap,-0.007907300538213702
3,1507,macro_ap,-0.005546818804835374
3,1508,macro_ap,-0.010220821757688514
3,1509,macro_ap,-0.0003801732874389452
3,1510,macro_ap,-0.04138716563219186
3,1511,macro_ap,0.011636602009529373
3,1512,macro_ap,0.052876911821548356
3,1513,macro_ap,-0.0007253608489092844
3,1514,macro_ap,0.0010565994935313183
3,1515,macro_ap,0.007028767182774065
3,1516,macro_ap,0.0023617139631174067
3,1517,macro_ap,0.00912058918531572
3,1518,macro_ap,-0.029615619041808594
3,1519,macro_ap,0.03794538320609586
3,1520,macro_ap,-0.012226644801971887
3,1521,macro_ap,-0.013698876792826609
3,1522,macro_ap,-0.002557431442534064
3,1523,macro_ap,-0.022358650806683533
3,1524,macro_ap,-0.00019111580250941174
3,1525,macro_ap,-0.011762512635546507
3,1526,macro_ap,-0.0035880062750862085
3,1527,macro_ap,-0.014364400883602801
3,1528,macro_ap,0.037338750609970384
3,1529,macro_ap,0.051594562248721165
3,1530,macro_ap,-0.004637571885527214
3,1531,macro_ap,-0.0004234299705169198
3,1532,macro_ap,-0.028155158276322922
3,1533,macro_ap,0.0005163495173768351
3,1534,macro_ap,-0.00152786617149836
3,1535,macro_ap,0.033953402104553776
3,1536,macro_ap,-0.007021267217692362
3,1537,macro_ap,-0.03259173362138601
3,1538,macro_ap,0.04597731736954319
3,1539,macro_ap,-0.035648538751248016
3,1540,macro_ap,-0.03814602613329626
3,1541,macro_ap,-0.010852990323519995
3,1542,macro_ap,-0.0006521346379981807
3,1543,macro_ap,-0.039748025579040225
3,1544,macro_ap,0.038557558958135896
3,1545,macro_ap,-0.028363674586293575
3,1546,macro_ap,-0.008995018358531504
3,1547,macro_ap,-0.025910653161803743
3,1548,macro_ap,-0.025236799631076334
3,1549,macro_ap,0.011314309018005841
3,1550,macro_ap,0.0036374412112314958
3,1551,macro_ap,-0.005929948492187753
3,1552,macro_ap,-0.01854964483142657
3,1553,macro_ap,-0.042113636077575844
3,1554,macro_ap,0.013862002125284545
3,1555,macro_ap,-0.022784254172500407
3,1556,macro_ap,-0.05068380498035152
3,1557,macro_ap,0.01792986494811699
3,1558,macro_ap,0.03843385866567406
3,1559,macro_ap,-0.048153037358210304
3,1560,macro_ap,0.007795368058940266
3,1561,macro_ap,-0.007875563043827305
3,1562,macro_ap,0.0021728862203439503
3,1563,macro_ap,0.019036291694860985
3,1564,macro_ap,0.045560827972268125
3,1565,macro_ap,-0.022067429359825808
3,1566,macro_ap,0.03174490798424201
3,1567,macro_ap,0.05363538114308414
3,1568,macro_ap,0.02505681874068877
3,1569,macro_ap,-0.010559317293908188
3,1570,macro_ap,-0.01614147694486706
3,1571,macro_ap,0.009945000641736701
3,1572,macro_ap,-0.009785711447056478
3,1573,macro_ap,-0.04065024928751526
3,1574,macro_ap,0.005796460863663588
3,1575,macro_ap,-0.005330209000291519
3,1576,macro_ap,-0.02582919806264078
3,1577,macro_ap,-0.013620328540334237
3,1578,macro_ap,-0.01827171500992819
3,1579,macro_ap,0.010949186995191207
3,1580,macro_ap,0.004454269860181548
3,1581,macro_ap,-0.017772750452693054
3,1582,macro_ap,-0.0030919130700970965
3,1583,macro_ap,0.020430944842983023
3,1584,macro_ap,-0.0002675810463509398
3,1585,macro_ap,-0.0176423048751434
3,1586,macro_ap,0.030377182365552702
3,1587,macro_ap,0.0019184442186452322
3,1588,macro_ap,-0.00034067892002076494
3,1589,macro_ap,0.030843473973017344
3,1590,macro_ap,-0.011993920641269307
3,1591,macro_ap,0.007618722264889688
3,1592,macro_ap,-0.02585001572660306
3,1593,macro_ap,0.006704667610507864
3,1594,macro_ap,-0.01909422494951829
3,1595,macro_ap,-0.043029135946018204
3,1596,macro_ap,0.002178213027709597
3,1597,macro_ap,0.008825790480596951
3,1598,macro_ap,-0.028933310448667926
3,1599,macro_ap,-0.02173737059626163
3,1600,macro_ap,0.03419487727146603
3,1601,macro_ap,0.006150134507687699
3,1602,macro_ap,-0.01326152257292057
3,1603,macro_ap,-0.010736709781411946
3,1604,macro_ap,0.04989591089779266
3,1605,macro_ap,0.00704033421489797
3,1606,macro_ap,0.04847279077490885
3,1607,macro_ap,-0.016162698300765332
3,1608,macro_ap,0.00925943240272964
3,1609,macro_ap,-0.0238996329659254
3,1610,macro_ap,-0.014900936130559261
3,1611,macro_ap,0.002954230703347438
3,1612,macro_ap,0.0005951793008198702
3,1613,macro_ap,-0.019078045637595242
3,1614,macro_ap,-0.03329176059251593
3,1615,macro_ap,0.014310727008159052
3,1616,macro_ap,-0.03374788850669552
3,1617,macro_ap,0.0040637150874825445
3,1618,macro_ap,-0.00597940775036504
3,1619,macro_ap,-0.020410687910681458
3,1620,macro_ap,-0.03655815638635285
3,1621,macro_ap,0.02311867863837619
3,1622,macro_ap,-0.013879324544745442
3,1623,macro_ap,-0.01014761575191897
3,1624,macro_ap,0.021722374898270225
3,1625,macro_ap,0.006238858930770197
3,1626,macro_ap,-0.006600221935639361
3,1627,macro_ap,-0.0123934979322467
3,1628,macro_ap,0.01815309106024804
3,1629,macro_ap,0.015003732909016354
3,1630,macro_ap,-0.01446757148417166
3,1631,macro_ap,-0.001198567929710126
3,1632,macro_ap,0.025913789058012893
3,1633,macro_ap,0.04477455804179786
3,1634,macro_ap,-0.04694923642453985
3,1635,macro_ap,0.015634868404655167
3,1636,macro_ap,0.03417737275311211
3,1637,macro_ap,-0.00910335361343062
3,1638,macro_ap,-0.016737375801937515
3,1639,macro_ap,-0.009569994178138808
3,1640,macro_ap,-0.0013053655315467538
3,1641,macro_ap,0.018849146504269387
3,1642,macro_ap,-0.023632534122227433
3,1643,macro_ap,-0.00032946120186144734
3,1644,macro_ap,0.0017849475654121982
3,1645,macro_ap,0.006784311167050583
3,1646,macro_ap,0.03499809536764109
3,1647,macro_ap,-0.007840793953274194
3,1648,macro_ap,0.0431940487507943
3,1649,macro_ap,0.01868140246698846
3,1650,macro_ap,-0.0694354246902672
3,1651,macro_ap,0.01611679720158743
3,1652,macro_ap,0.021254848825861428
3,1653,macro_ap,0.007557508545663338
3,1654,macro_ap,-2.4322502022111614e-05
3,1655,macro_ap,-0.0027702183796832203
3,1656,macro_ap,-0.01695370381343686
3,1657,macro_ap,-0.030052491571399886
3,1658,macro_ap,0.0018877294258034527
3,1659,macro_ap,0.010945788093585429
3,1660,macro_ap,-0.021829586526820766
3,1661,macro_ap,0.007997524897042196
3,1662,macro_ap,0.01720642815668516
3,1663,macro_ap,0.020911127828552256
3,1664,macro_ap,-0.01906747703995726
3,1665,macro_ap,0.005403508198125739
3,1666,macro_ap,0.0009433491246181314
3,1667,macro_ap,0.014804907075011475
3,1668,macro_ap,0.018110129927302765
3,1669,macro_ap,0.022767332710539934
3,1670,macro_ap,0.0001460823806573308
3,1671,macro_ap,0.05238844344126076
3,1672,macro_ap,0.010709734468015653
3,1673,macro_ap,0.022911697316603197
3,1674,macro_ap,0.05361207232041709
3,1675,macro_ap,0.010055329400979807
3,1676,macro_ap,-0.011402633484670022
3,1677,macro_ap,-0.029466509320875134
3,1678,macro_ap,-0.025823577296979927
3,1679,macro_ap,-0.02232487783619036
3,1680,macro_ap,-0.008355603056680483
3,1681,macro_ap,0.01941012094421951
3,1682,macro_ap,0.012113750830879344
3,1683,macro_ap,-0.02673700119729483
3,1684,macro_ap,-0.027461927081346205
3,1685,macro_ap,0.008130094185529069
3,1686,macro_ap,0.011947324286904926
3,1687,macro_ap,-0.004675917424648346
3,1688,macro_ap,-0.01810654255764249
3,1689,macro_ap,0.022629985622242277
3,1690,macro_ap,0.014559295170312292
3,1691,macro_ap,0.014250391691381203
3,1692,macro_ap,0.013212871409397697
3,1693,macro_ap,-0.014998397371267458
3,1694,macro_ap,0.00011966157140980149
3,1695,macro_ap,0.02542192013486483
3,1696,macro_ap,0.004835951736915922
3,1697,macro_ap,-0.009127574280502648
3,1698,macro_ap,-0.008163448313043942
3,1699,macro_ap,0.017115736262401038
3,1700,macro_ap,-0.0062658072069484705
3,1701,macro_ap,0.0018192332537853573
3,1702,macro_ap,0.0009475103603144852
3,1703,macro_ap,0.022389630038858688
3,1704,macro_ap,0.005811698444115665
3,1705,macro_ap,0.009617089395880407
3,1706,macro_ap,-0.021653453123880728
3,1707,macro_ap,-0.055240454659870764
3,1708,macro_ap,-0.012018786545701599
3,1709,macro_ap,0.018622530114032143
3,1710,macro_ap,0.025203403899134003
3,1711,macro_ap,-0.01627191443949272
3,1712,macro_ap,-0.023071276026332077
3,1713,macro_ap,-0.02673342794536332
3,1714,macro_ap,-0.014348937974584364
3,1715,macro_ap,-0.028527677761484238
3,1716,macro_ap,-0.013301690494722851
3,1717,macro_ap,-0.010891425310393055
3,1718,macro_ap,-0.03821088692755109
3,1719,macro_ap,0.01677890133354598
3,1720,macro_ap,-0.0036617205537235464
3,1721,macro_ap,-0.03021116882731123
3,1722,macro_ap,-0.016218789470601125
3,1723,macro_ap,0.044095458870355764
3,1724,macro_ap,0.030891570334302898
3,1725,macro_ap,0.01172889714018105
3,1726,macro_ap,-0.00381890991604239
3,1727,macro_ap,-0.0284168812389749
3,1728,macro_ap,-0.013089861230181798
3,1729,macro_ap,0.014822150194310713
3,1730,macro_ap,0.001987025270074272
3,1731,macro_ap,0.021077198043326972
3,1732,macro_ap,-0.027668425356546678
3,1733,macro_ap,-0.04672994895357108
3,1734,macro_ap,0.004334465708086821
3,1735,macro_ap,-0.024235002188053023
3,1736,macro_ap,-0.054519974805234184
3,1737,macro_ap,0.015367902045674009
3,1738,macro_ap,0.0195885554884786
3,1739,macro_ap,0.011520486155006893
3,1740,macro_ap,-0.004430034698561014
3,1741,macro_ap,0.06654560865089576
3,1742,macro_ap,-0.0059427222206962504
3,1743,macro_ap,-0.0039788503528538355
3,1744,macro_ap,0.053987610076362325
3,1745,macro_ap,-0.009652804937052506
3,1746,macro_ap,-0.000942517343550775
3,1747,macro_ap,0.013593138587804032
3,1748,macro_ap,-0.03767538457409075
3,1749,macro_ap,-0.03290725085222912
3,1750,macro_ap,-0.016814059679718274
3,1751,macro_ap,-0.01953219769469039
3,1752,macro_ap,-0.0025095503275964215
3,1753,macro_ap,-0.0053686394862133
3,1754,macro_ap,-0.010916992022762806
3,1755,macro_ap,-0.003122567403935683
3,1756,macro_ap,0.049892925308833436
3,1757,macro_ap,0.05496290313812735
3,1758,macro_ap,0.015408264860128529
3,1759,macro_ap,-0.0020008089612552626
3,1760,macro_ap,-0.02205673649600276
3,1761,macro_ap,-0.028825114495718007
3,1762,macro_ap,-0.005849901688207204
3,1763,macro_ap,-0.020816560514684612
3,1764,macro_ap,-0.0051136377682930445
3,1765,macro_ap,-0.0029139484839962315
3,1766,macro_ap,0.025216551801796938
3,1767,macro_ap,-0.026045358235287586
3,1768,macro_ap,0.030643802104989626
3,1769,macro_ap,-0.016972306749498067
3,1770,macro_ap,0.028141852670762857
3,1771,macro_ap,0.031965616885233916
3,1772,macro_ap,0.042372737112321646
3,1773,macro_ap,-0.012933627228191191
3,1774,macro_ap,0.010069203125435577
3,1775,macro_ap,-0.01846751508626071
3,1776,macro_ap,0.017528999133033796
3,1777,macro_ap,0.044438744253831264
3,1778,macro_ap,0.0030291232990767303
3,1779,macro_ap,0.0021490193744089225
3,1780,macro_ap,-0.022857985129880576
3,1781,macro_ap,-0.025504599699279373
3,1782,macro_ap,-0.01842428477751923
3,1783,macro_ap,-0.0008216002550243684
3,1784,macro_ap,-0.05909519562916071
3,1785,macro_ap,-0.054958901963715945
3,1786,macro_ap,-0.02860386337880977
3,1787,macro_ap,-0.010611441373638508
3,1788,macro_ap,0.012369109239059373
3,1789,macro_ap,-0.03546716696560431
3,1790,macro_ap,-0.004482459000778594
3,1791,macro_ap,0.022876164411649635
3,1792,macro_ap,-0.00037127678201531733
3,1793,macro_ap,-0.006238347572181335
3,1794,macro_ap,-0.0743329990266054
3,1795,macro_ap,0.011279580796224042
3,1796,macro_ap,-0.02319685918545339
3,1797,macro_ap,-0.022055195242249692
3,1798,macro_ap,-0.025412373494757168
3,1799,macro_ap,0.011975546789784353
3,1800,macro_ap,-0.012974762880781143
3,1801,macro_ap,0.05807355002165693
3,1802,macro_ap,-0.015544747876233
3,1803,macro_ap,-0.0025671725880790364
3,1804,macro_ap,-0.028223212334219594
3,1805,macro_ap,0.012282621107362168
3,1806,macro_ap,-0.00044911304423012055
3,1807,macro_ap,0.03967887104286055
3,1808,macro_ap,-0.01991369190788489
3,1809,macro_ap,0.06621431394409732
3,1810,macro_ap,-0.00905086411395506
3,1811,macro_ap,0.001850224336283568
3,1812,macro_ap,0.0005810044755062416
3,1813,macro_ap,-0.006134940365043695
3,1814,macro_ap,0.012987449730458567
3,1815,macro_ap,-0.019344798325403256
3,1816,macro_ap,-0.014188445052479293
3,1817,macro_ap,0.0001431819549535529
3,1818,macro_ap,-0.03542288712167829
3,1819,macro_ap,0.011171300224202263
3,1820,macro_ap,0.020672130331945093
3,1821,macro_ap,0.0055584310642173285
3,1822,macro_ap,-0.014575409595429578
3,1823,macro_ap,-0.0008196367509675229
3,1824,macro_ap,0.03802049409071867
3,1825,macro_ap,0.004252691867578318
3,1826,macro_ap,0.015865974777953706
3,1827,macro_ap,-0.04233004340851787
3,1828,macro_ap,7.529475266648822e-05
3,1829,macro_ap,-0.01165227953018877
3,1830,macro_ap,0.012793752543563464
3,1831,macro_ap,-0.047303118916448283
3,1832,macro_ap,-0.008475694815298196
3,1833,macro_ap,0.008490334954709577
3,1834,macro_ap,0.002945710317406036
3,1835,macro_ap,0.012358934029610247
3,1836,macro_ap,-0.01859691136072056
3,1837,macro_ap,0.0018136384102421799
3,1838,macro_ap,-0.016410324014007716
3,1839,macro_ap,0.008972944168269992
3,1840,macro_ap,-0.003915744699900026
3,1841,macro_ap,-0.014548924762098792
3,1842,macro_ap,0.00909995633592875
3,1843,macro_ap,-0.015744717356044102
3,1844,macro_ap,0.010641876002928874
3,1845,macro_ap,-0.010815141169352893
3,1846,macro_ap,-0.009087490017075261
3,1847,macro_ap,0.025465623357008693
3,1848,macro_ap,0.007653438158335357
3,1849,macro_ap,-0.031880560887451004
3,1850,macro_ap,0.005799396323330708
3,1851,macro_ap,0.002866179746509656
3,1852,macro_ap,0.016441561312310782
3,1853,macro_ap,-0.024461822038521652
3,1854,macro_ap,-0.0026472713162815076
3,1855,macro_ap,-0.011101829309912215
3,1856,macro_ap,0.003618434950944771
3,1857,macro_ap,-0.02184745807905586
3,1858,macro_ap,-0.01564087519899482
3,1859,macro_ap,-0.0035627745832177427
3,1860,macro_ap,0.0009068891428685721
3,1861,macro_ap,-0.03208327438942038
3,1862,macro_ap,-0.012561080681044223
3,1863,macro_ap,0.00033114835802938725
3,1864,macro_ap,-0.023329784903895423
3,1865,macro_ap,0.013256812915165006
3,1866,macro_ap,0.002541751487543986
3,1867,macro_ap,-0.006375749933537789
3,1868,macro_ap,0.006789444533036204
3,1869,macro_ap,0.01550906142916475
3,1870,macro_ap,-0.0011956656732851623
3,1871,macro_ap,0.01756147523108159
3,1872,macro_ap,0.02904401572013071
3,1873,macro_ap,-0.030102501768931145
3,1874,macro_ap,0.02302499266862834
3,1875,macro_ap,0.019723693552173183
3,1876,macro_ap,-0.016680523670597136
3,1877,macro_ap,-0.021722054426024706
3,1878,macro_ap,0.019672954508799634
3,1879,macro_ap,-0.003872630307294289
3,1880,macro_ap,0.03434582737389258
3,1881,macro_ap,0.006636831748963901
3,1882,macro_ap,0.013627318032323643
3,1883,macro_ap,0.011556390330138777
3,1884,macro_ap,0.007637183005582027
3,1885,macro_ap,0.03967610867916749
3,1886,macro_ap,-0.0051411965031338824
3,1887,macro_ap,-0.001957468267863971
3,1888,macro_ap,0.0019413640800248766
3,1889,macro_ap,-0.027869757330416467
3,1890,macro_ap,0.01060036698060668
3,1891,macro_ap,-0.034382462918598033
3,1892,macro_ap,-0.0030590813703390007
3,1893,macro_ap,-0.02966913214138095
3,1894,macro_ap,-0.03896605016285559
3,1895,macro_ap,0.017455996172340504
3,1896,macro_ap,0.00024072153840859478
3,1897,macro_ap,-0.012563131083765111
3,1898,macro_ap,0.026414159007976112
3,1899,macro_ap,-4.914016262891341e-05
3,1900,macro_ap,-0.03255191925988071
3,1901,macro_ap,-0.0023692808484690464
3,1902,macro_ap,0.007098308153792088
3,1903,macro_ap,-0.018793779996829074
3,1904,macro_ap,-0.025289105469416817
3,1905,macro_ap,0.041129422517813374
3,1906,macro_ap,-0.010989040986721543
3,1907,macro_ap,0.010213336969585318
3,1908,macro_ap,-0.04354585238018521
3,1909,macro_ap,-0.014520853290793168
3,1910,macro_ap,0.026922363159092355
3,1911,macro_ap,0.016940961668863608
3,1912,macro_ap,0.01680451891487933
3,1913,macro_ap,-0.03042958517148925
3,1914,macro_ap,-0.013947101095336312
3,1915,macro_ap,-0.004145984162124694
3,1916,macro_ap,-0.010887967320075631
3,1917,macro_ap,-0.04500780365573348
3,1918,macro_ap,-0.01363388767583723
3,1919,macro_ap,-0.0021856803243894274
3,1920,macro_ap,0.04355670640268705
3,1921,macro_ap,-0.0270973186531151
3,1922,macro_ap,0.019223739330531953
3,1923,macro_ap,-0.00030939352260150876
3,1924,macro_ap,-0.029374457117840536
3,1925,macro_ap,0.027801573021206394
3,1926,macro_ap,0.01003314298772795
3,1927,macro_ap,-0.012822779957514852
3,1928,macro_ap,-0.04492158627316445
3,1929,macro_ap,0.03152558651252313
3,1930,macro_ap,0.007402693059855914
3,1931,macro_ap,0.018763899689241026
3,1932,macro_ap,-0.04316356441214869
3,1933,macro_ap,0.03327512478997918
3,1934,macro_ap,0.006133807026421578
3,1935,macro_ap,0.013252637250640353
3,1936,macro_ap,0.033597781615622824
3,1937,macro_ap,0.005213333888313076
3,1938,macro_ap,0.04040214205292825
3,1939,macro_ap,0.019759900175137346
3,1940,macro_ap,0.02468112459201449
3,1941,macro_ap,-0.005886535744637489
3,1942,macro_ap,0.006230226651661341
3,1943,macro_ap,-0.007704306902908575
3,1944,macro_ap,0.01879747597937248
3,1945,macro_ap,-0.022663735527728213
3,1946,macro_ap,-0.030414605714521314
3,1947,macro_ap,-0.01219004091033754
3,1948,macro_ap,-0.01848132247520773
3,1949,macro_ap,-0.033783162814497364
3,1950,macro_ap,-0.0017893112127502775
3,1951,macro_ap,0.026421017655977874
3,1952,macro_ap,-0.01355747569690502
3,1953,macro_ap,0.02705400078221487
3,1954,macro_ap,0.003631379264824486
3,1955,macro_ap,0.024450559381195447
3,1956,macro_ap,0.016240058128866475
3,1957,macro_ap,-0.06535799369692463
3,1958,macro_ap,-0.03104501577508062
3,1959,macro_ap,-0.011574726735268381
3,1960,macro_ap,-0.025537417410843866
3,1961,macro_ap,-0.015586429295829929
3,1962,macro_ap,0.01275235382436507
3,1963,macro_ap,0.027618893653233834
3,1964,macro_ap,0.01589033087370567
3,1965,macro_ap,-0.01367108254521232
3,1966,macro_ap,-0.03467092690614543
3,1967,macro_ap,-0.031805232683815965
3,1968,macro_ap,-0.016711844563713718
3,1969,macro_ap,-0.022231549118687022
3,1970,macro_ap,-0.01644379333105689
3,1971,macro_ap,0.014092448587406159
3,1972,macro_ap,-0.005496859816001953
3,1973,macro_ap,0.029460898738137842
3,1974,macro_ap,0.028009445834512314
3,1975,macro_ap,-0.02465244318602894
3,1976,macro_ap,-0.0035706427990230827
3,1977,macro_ap,0.03423790605611621
3,1978,macro_ap,-0.037213644868168416
3,1979,macro_ap,-0.000648808767954645
3,1980,macro_ap,-0.024621281222580504
3,1981,macro_ap,-0.006608597169447561
3,1982,macro_ap,-0.01747694928057053
3,1983,macro_ap,-0.01188481936146596
3,1984,macro_ap,-0.02276211792819166
3,1985,macro_ap,-0.008810342466709586
3,1986,macro_ap,0.01013051253251529
3,1987,macro_ap,-0.01310301099295963
3,1988,macro_ap,-0.036363148226010555
3,1989,macro_ap,0.01287545789406569
3,1990,macro_ap,0.02486614642396473
3,1991,macro_ap,-0.014658259709557697
3,1992,macro_ap,-0.018778533425795607
3,1993,macro_ap,-0.015809892363428724
3,1994,macro_ap,-0.010745221385552173
3,1995,macro_ap,0.0029984033377011277
3,1996,macro_ap,0.02130736802609301
3,1997,macro_ap,0.020475776864954165
3,1998,macro_ap,-0.017836289748264234
3,1999,macro_ap,0.009495185731968614
3,0,micro_ap,-0.08981235342015431
3,1,micro_ap,-0.066641148115059
3,2,micro_ap,-0.10028321448862465
3,3,micro_ap,-0.08987466009308659
3,4,micro_ap,-0.12918529737963386
3,5,micro_ap,-0.12990766411241428
3,6,micro_ap,-0.08917564471723943
3,7,micro_ap,-0.05634403687646833
3,8,micro_ap,-0.06043128254122149
3,9,micro_ap,-0.10558318683809143
3,10,micro_ap,-0.05862241676105878
3,11,micro_ap,-0.08305423086405006
3,12,micro_ap,-0.08992429079932324
3,13,micro_ap,-0.09186182670434245
3,14,micro_ap,-0.08312409711396951
3,15,micro_ap,-0.08251684276274396
3,16,micro_ap,-0.06453339062766184
3,17,micro_ap,-0.07536975360058612
3,18,micro_ap,-0.08484822720975688
3,19,micro_ap,-0.0853470693595188
3,20,micro_ap,-0.06103059534941785
3,21,micro_ap,-0.0838483758494038
3,22,micro_ap,-0.09929085083073769
3,23,micro_ap,-0.07192384370073773
3,24,micro_ap,-0.11177882396035826
3,25,micro_ap,-0.1187088240739354
3,26,micro_ap,-0.07739833040312616
3,27,micro_ap,-0.06918993740893664
3,28,micro_ap,-0.07385367151222932
3,29,micro_ap,-0.06376242982350533
3,30,micro_ap,-0.09502591971286917
3,31,micro_ap,-0.13529567939122722
3,32,micro_ap,-0.1090632080571095
3,33,micro_ap,-0.10541300737907033
3,34,micro_ap,-0.04452514135947705
3,35,micro_ap,-0.08087950161228552
3,36,micro_ap,-0.10632899928412204
3,37,micro_ap,-0.12066430563550934
3,38,micro_ap,-0.06768985067069094
3,39,micro_ap,-0.0737472401443271
3,40,micro_ap,-0.10877162842991722
3,41,micro_ap,-0.09735268677577064
3,42,micro_ap,-0.0822325866385466
3,43,micro_ap,-0.099602355015113
3,44,micro_ap,-0.09165363754641684
3,45,micro_ap,-0.0984999956318997
3,46,micro_ap,-0.04908434264437045
3,47,micro_ap,-0.04722549410822452
3,48,micro_ap,-0.06637015364488302
3,49,micro_ap,-0.11549368535572926
3,50,micro_ap,-0.09946279604025088
3,51,micro_ap,-0.06038284640905195
3,52,micro_ap,-0.09304541534407273
3,53,micro_ap,-0.06309447385979366
3,54,micro_ap,-0.05419160296315201
3,55,micro_ap,-0.06700075403807393
3,56,micro_ap,-0.09180850674706442
3,57,micro_ap,-0.09909398301662808
3,58,micro_ap,-0.10414462946407066
3,59,micro_ap,-0.11258847787126045
3,60,micro_ap,-0.06468461207033527
3,61,micro_ap,-0.08276316153779839
3,62,micro_ap,-0.08587548960352981
3,63,micro_ap,-0.09682946765900308
3,64,micro_ap,-0.05944985746202708
3,65,micro_ap,-0.10228272261711868
3,66,micro_ap,-0.13911502632508566
3,67,micro_ap,-0.09066720111509413
3,68,micro_ap,-0.08205603109274501
3,69,micro_ap,-0.14018665877207598
3,70,micro_ap,-0.07795028788286551
3,71,micro_ap,-0.09041501575697625
3,72,micro_ap,-0.06358344226296453
3,73,micro_ap,-0.07611586543145343
3,74,micro_ap,-0.07690060572677992
3,75,micro_ap,-0.0738378757721398
3,76,micro_ap,-0.08402084247161878
3,77,micro_ap,-0.09793221581889405
3,78,micro_ap,-0.06911349300872777
3,79,micro_ap,-0.0886714465206212
3,80,micro_ap,-0.12481338355319055
3,81,micro_ap,-0.11025274344151803
3,82,micro_ap,-0.08795452602673154
3,83,micro_ap,-0.0810611831744778
3,84,micro_ap,-0.09095786308381915
3,85,micro_ap,-0.07015724603843287
3,86,micro_ap,-0.10118628412337538
3,87,micro_ap,-0.13574145677918192
3,88,micro_ap,-0.05420439265814603
3,89,micro_ap,-0.0726626158735334
3,90,micro_ap,-0.08447653053781667
3,91,micro_ap,-0.07058130089771397
3,92,micro_ap,-0.08487040368717025
3,93,micro_ap,-0.11700763807161824
3,94,micro_ap,-0.10060478902520581
3,95,micro_ap,-0.0937061402680156
3,96,micro_ap,-0.08941137451349335
3,97,micro_ap,-0.08823087802655419
3,98,micro_ap,-0.08910968197251096
3,99,micro_ap,-0.06656219022269266
3,100,micro_ap,-0.09084086069963387
3,101,micro_ap,-0.08868448918308836
3,102,micro_ap,-0.08109485439910846
3,103,micro_ap,-0.05104891713425319
3,104,micro_ap,-0.07759581559220607
3,105,micro_ap,-0.0806949560011237
3,106,micro_ap,-0.0294254618571701
3,107,micro_ap,-0.08665876898036506
3,108,micro_ap,-0.074797020575186
3,109,micro_ap,-0.04803031919858519
3,110,micro_ap,-0.10696457538610937
3,111,micro_ap,-0.06761081967473381
3,112,micro_ap,-0.09953468156707995
3,113,micro_ap,-0.09561938382480509
3,114,micro_ap,-0.0796233077092679
3,115,micro_ap,-0.0907066344500394
3,116,micro_ap,-0.056413239602110976
3,117,micro_ap,-0.07093225210871434
3,118,micro_ap,-0.10283798592800064
3,119,micro_ap,-0.05460319915186823
3,120,micro_ap,-0.0975724961209884
3,121,micro_ap,-0.1044364809893003
3,122,micro_ap,-0.056417842937781404
3,123,micro_ap,-0.09319251392838257
3,124,micro_ap,-0.09602348332972688
3,125,micro_ap,-0.08652715841809833
3,126,micro_ap,-0.08211898048827526
3,127,micro_ap,-0.10994833206151006
3,128,micro_ap,-0.05472633814314981
3,129,micro_ap,-0.08210753835965717
3,130,micro_ap,-0.0710296787454151
3,131,micro_ap,-0.07899501545809168
3,132,micro_ap,-0.043465141195059565
3,133,micro_ap,-0.09937984019254953
3,134,micro_ap,-0.11532829642747755
3,135,micro_ap,-0.09449747947074394
3,136,micro_ap,-0.08987256668790755
3,137,micro_ap,-0.11547178955992199
3,138,micro_ap,-0.06660927765944791
3,139,micro_ap,-0.09309768863952939
3,140,micro_ap,-0.060857004134630244
3,141,micro_ap,-0.09968310535922592
3,142,micro_ap,-0.08931745677003922
3,143,micro_ap,-0.11138725685509154
3,144,micro_ap,-0.094129750749398
3,145,micro_ap,-0.0828689383629756
3,146,micro_ap,-0.059076755819613025
3,147,micro_ap,-0.0567549831023067
3,148,micro_ap,-0.08737345605817182
3,149,micro_ap,-0.051507289305257886
3,150,micro_ap,-0.07188346011777408
3,151,micro_ap,-0.08469722917985978
3,152,micro_ap,-0.08426197062565033
3,153,micro_ap,-0.079423567607329
3,154,micro_ap,-0.11481671582277675
3,155,micro_ap,-0.13055126810895773
3,156,micro_ap,-0.08535665458008851
3,157,micro_ap,-0.08590012809645764
3,158,micro_ap,-0.08738174620470784
3,159,micro_ap,-0.07235779271814136
3,160,micro_ap,-0.0848188667886729
3,161,micro_ap,-0.10906190565758095
3,162,micro_ap,-0.0648703383266373
3,163,micro_ap,-0.09804986405177724
3,164,micro_ap,-0.09220463145456792
3,165,micro_ap,-0.09075970547632256
3,166,micro_ap,-0.05460241295774032
3,167,micro_ap,-0.0987154232824135
3,168,micro_ap,-0.0485455588998403
3,169,micro_ap,-0.08010615652881081
3,170,micro_ap,-0.13573372520330296
3,171,micro_ap,-0.0980838077179545
3,172,micro_ap,-0.10652850566232064
3,173,micro_ap,-0.12928815042036412
3,174,micro_ap,-0.09549026827582813
3,175,micro_ap,-0.06855347097715792
3,176,micro_ap,-0.09663833655475951
3,177,micro_ap,-0.08544855158694731
3,178,micro_ap,-0.07873018226997525
3,179,micro_ap,-0.07670322465829754
3,180,micro_ap,-0.08405657337312189
3,181,micro_ap,-0.07572479031850998
3,182,micro_ap,-0.1187826254031612
3,183,micro_ap,-0.08015913066575042
3,184,micro_ap,-0.08716906885198678
3,185,micro_ap,-0.09457378971965663
3,186,micro_ap,-0.06698935538678047
3,187,micro_ap,-0.11004121869420475
3,188,micro_ap,-0.06580558659902519
3,189,micro_ap,-0.044728060792988966
3,190,micro_ap,-0.07252492687809692
3,191,micro_ap,-0.12477935212076496
3,192,micro_ap,-0.05574079426241807
3,193,micro_ap,-0.07459229957863367
3,194,micro_ap,-0.11306921815417945
3,195,micro_ap,-0.08467107046240824
3,196,micro_ap,-0.07815086625220946
3,197,micro_ap,-0.05935438329568671
3,198,micro_ap,-0.042738939916772356
3,199,micro_ap,-0.054098714359664235
3,200,micro_ap,-0.08905317157137466
3,201,micro_ap,-0.06368604349626505
3,202,micro_ap,-0.08016874199086893
3,203,micro_ap,-0.08793724096347438
3,204,micro_ap,-0.09354919426625383
3,205,micro_ap,-0.0724663814897698
3,206,micro_ap,-0.10544178892139011
3,207,micro_ap,-0.09656002773144007
3,208,micro_ap,-0.0858929863585518
3,209,micro_ap,-0.06510225550401577
3,210,micro_ap,-0.05278178755703489
3,211,micro_ap,-0.07101874563155025
3,212,micro_ap,-0.07667221080540543
3,213,micro_ap,-0.046359005219232974
3,214,micro_ap,-0.07282140728052355
3,215,micro_ap,-0.0977895462824327
3,216,micro_ap,-0.12221296293066525
3,217,micro_ap,-0.06295179788985616
3,218,micro_ap,-0.06760006116140016
3,219,micro_ap,-0.08428167466804337
3,220,micro_ap,-0.06890467315328869
3,221,micro_ap,-0.08515332717834911
3,222,micro_ap,-0.13389627327715894
3,223,micro_ap,-0.05731596055782934
3,224,micro_ap,-0.05753954267111039
3,225,micro_ap,-0.04695232209617811
3,226,micro_ap,-0.13575169710521862
3,227,micro_ap,-0.08038230630330595
3,228,micro_ap,-0.028167377530335713
3,229,micro_ap,-0.12203376088339007
3,230,micro_ap,-0.08341660275290813
3,231,micro_ap,-0.0622226511391607
3,232,micro_ap,-0.08619894670665712
3,233,micro_ap,-0.06734851491823327
3,234,micro_ap,-0.08459923126903279
3,235,micro_ap,-0.07348565905343044
3,236,micro_ap,-0.08390949742267051
3,237,micro_ap,-0.07738669651065078
3,238,micro_ap,-0.06817553019825462
3,239,micro_ap,-0.06542826129524876
3,240,micro_ap,-0.08974281432522146
3,241,micro_ap,-0.0926429487493074
3,242,micro_ap,-0.10746111535880148
3,243,micro_ap,-0.09280983465088899
3,244,micro_ap,-0.07940692381093217
3,245,micro_ap,-0.07260960123650617
3,246,micro_ap,-0.10378350029687317
3,247,micro_ap,-0.059652540105827545
3,248,micro_ap,-0.09027885517680317
3,249,micro_ap,-0.09658780408202305
3,250,micro_ap,-0.08352049781700022
3,251,micro_ap,-0.12365329598153169
3,252,micro_ap,-0.10059145825290755
3,253,micro_ap,-0.09453338225364383
3,254,micro_ap,-0.054870357476893394
3,255,micro_ap,-0.09944917165383654
3,256,micro_ap,-0.037658369544262715
3,257,micro_ap,-0.04320453658725848
3,258,micro_ap,-0.08888058575454699
3,259,micro_ap,-0.08202290166856613
3,260,micro_ap,-0.06415047004145585
3,261,micro_ap,-0.12374521183874948
3,262,micro_ap,-0.08832473491601156
3,263,micro_ap,-0.07601875663178992
3,264,micro_ap,-0.08141993581807344
3,265,micro_ap,-0.07474525754102407
3,266,micro_ap,-0.12604692788422522
3,267,micro_ap,-0.04199192752138453
3,268,micro_ap,-0.11747792957734532
3,269,micro_ap,-0.12737433757375638
3,270,micro_ap,-0.07679330229594034
3,271,micro_ap,-0.10563394030550338
3,272,micro_ap,-0.0913969349192904
3,273,micro_ap,-0.10789317162008222
3,274,micro_ap,-0.11963311965125503
3,275,micro_ap,-0.09677791010346676
3,276,micro_ap,-0.1060778217360967
3,277,micro_ap,-0.08115175487449033
3,278,micro_ap,-0.07978355871290399
3,279,micro_ap,-0.08438669681134897
3,280,micro_ap,-0.09536557347566299
3,281,micro_ap,-0.06553245428172721
3,282,micro_ap,-0.060650532908580745
3,283,micro_ap,-0.049900869469175546
3,284,micro_ap,-0.11146577816189385
3,285,micro_ap,-0.09491812096097307
3,286,micro_ap,-0.06598638200244983
3,287,micro_ap,-0.08096533444116921
3,288,micro_ap,-0.07617391149639474
3,289,micro_ap,-0.0938590924577532
3,290,micro_ap,-0.08540489729876766
3,291,micro_ap,-0.09357659180741912
3,292,micro_ap,-0.0636041831898237
3,293,micro_ap,-0.09572856358933157
3,294,micro_ap,-0.027516917226264537
3,295,micro_ap,-0.11912010174282595
3,296,micro_ap,-0.07673019428415206
3,297,micro_ap,-0.12243317092668721
3,298,micro_ap,-0.07457448860486177
3,299,micro_ap,-0.0830687848774031
3,300,micro_ap,-0.08230774779120698
3,301,micro_ap,-0.09287121192895875
3,302,micro_ap,-0.08599004839412183
3,303,micro_ap,-0.09685395048353548
3,304,micro_ap,-0.08648021021339969
3,305,micro_ap,-0.07650771887084695
3,306,micro_ap,-0.06606902784034957
3,307,micro_ap,-0.10488975459106592
3,308,micro_ap,-0.10427822972109207
3,309,micro_ap,-0.057051177872451786
3,310,micro_ap,-0.10672928877691473
3,311,micro_ap,-0.09844045560032799
3,312,micro_ap,-0.0658150728587168
3,313,micro_ap,-0.12052063280477951
3,314,micro_ap,-0.056336268837119174
3,315,micro_ap,-0.13005666636894642
3,316,micro_ap,-0.07265460986331163
3,317,micro_ap,-0.09805070675181304
3,318,micro_ap,-0.05797292159078976
3,319,micro_ap,-0.09393418442971507
3,320,micro_ap,-0.07626288305247475
3,321,micro_ap,-0.1222715194205542
3,322,micro_ap,-0.03694719094614313
3,323,micro_ap,-0.058356555544673505
3,324,micro_ap,-0.0728662890436913
3,325,micro_ap,-0.07863796029913239
3,326,micro_ap,-0.0842172035006375
3,327,micro_ap,-0.06656832958681447
3,328,micro_ap,-0.09661664812461607
3,329,micro_ap,-0.0818348629761092
3,330,micro_ap,-0.0986221377945779
3,331,micro_ap,-0.0706483299631579
3,332,micro_ap,-0.11337992609788122
3,333,micro_ap,-0.06803132252606642
3,334,micro_ap,-0.12183698978797097
3,335,micro_ap,-0.06974731247906302
3,336,micro_ap,-0.07094814374677638
3,337,micro_ap,-0.08871933882142963
3,338,micro_ap,-0.054255431676745625
3,339,micro_ap,-0.07511905184190629
3,340,micro_ap,-0.0792532607535521
3,341,micro_ap,-0.05929054679092666
3,342,micro_ap,-0.0884040972535789
3,343,micro_ap,-0.03329649343418811
3,344,micro_ap,-0.06377079810471309
3,345,micro_ap,-0.08678991653039647
3,346,micro_ap,-0.09047655437813373
3,347,micro_ap,-0.05679867341657108
3,348,micro_ap,-0.08318887425212529
3,349,micro_ap,-0.12366338041889835
3,350,micro_ap,-0.0981917052014904
3,351,micro_ap,-0.08814286946400296
3,352,micro_ap,-0.05543617220992636
3,353,micro_ap,-0.09265280780402468
3,354,micro_ap,-0.0878666797034719
3,355,micro_ap,-0.0563117121368254
3,356,micro_ap,-0.08829216341119817
3,357,micro_ap,-0.05683035259532848
3,358,micro_ap,-0.06035004374168984
3,359,micro_ap,-0.11840118312231451
3,360,micro_ap,-0.06594788227092968
3,361,micro_ap,-0.10427108191505507
3,362,micro_ap,-0.07708575898011288
3,363,micro_ap,-0.08453145445900945
3,364,micro_ap,-0.07422684584124956
3,365,micro_ap,-0.13318484635438418
3,366,micro_ap,-0.0707595489084748
3,367,micro_ap,-0.09255703333534837
3,368,micro_ap,-0.07706874654974444
3,369,micro_ap,-0.05430979762974425
3,370,micro_ap,-0.13248638653527156
3,371,micro_ap,-0.07739960053223555
3,372,micro_ap,-0.10755085099915829
3,373,micro_ap,-0.07361268255628228
3,374,micro_ap,-0.10164327690555314
3,375,micro_ap,-0.06769893529464882
3,376,micro_ap,-0.11586173042225428
3,377,micro_ap,-0.07466669052596125
3,378,micro_ap,-0.06297824611375435
3,379,micro_ap,-0.041226748184656326
3,380,micro_ap,-0.04969393654839421
3,381,micro_ap,-0.06186999021920103
3,382,micro_ap,-0.0673085131958921
3,383,micro_ap,-0.08966896660415291
3,384,micro_ap,-0.07553602679009142
3,385,micro_ap,-0.07959300364244365
3,386,micro_ap,-0.050653962074561854
3,387,micro_ap,-0.071615739316163
3,388,micro_ap,-0.044254867932966846
3,389,micro_ap,-0.08661893668641557
3,390,micro_ap,-0.08182442103614845
3,391,micro_ap,-0.10204352131596828
3,392,micro_ap,-0.08945064933663743
3,393,micro_ap,-0.07641650692926544
3,394,micro_ap,-0.06449667901643541
3,395,micro_ap,-0.10645280489497638
3,396,micro_ap,-0.06442139602911134
3,397,micro_ap,-0.13535109952740793
3,398,micro_ap,-0.03375410685941743
3,399,micro_ap,-0.09997305863405925
3,400,micro_ap,-0.09378197799619634
3,401,micro_ap,-0.07299338714717424
3,402,micro_ap,-0.09359775538860182
3,403,micro_ap,-0.08061846096784542
3,404,micro_ap,-0.05532012238024564
3,405,micro_ap,-0.09803174138234619
3,406,micro_ap,-0.12989145277715863
3,407,micro_ap,-0.0675685219037021
3,408,micro_ap,-0.06999581864415899
3,409,micro_ap,-0.07530325814570199
3,410,micro_ap,-0.0853369393602258
3,411,micro_ap,-0.058707043581084695
3,412,micro_ap,-0.11501822535029271
3,413,micro_ap,-0.06350753464954517
3,414,micro_ap,-0.07503802346367466
3,415,micro_ap,-0.061052461194433194
3,416,micro_ap,-0.03777438212437423
3,417,micro_ap,-0.11960246667027724
3,418,micro_ap,-0.07642583437725387
3,419,micro_ap,-0.13529776769928903
3,420,micro_ap,-0.05927726255693544
3,421,micro_ap,-0.11464691237946673
3,422,micro_ap,-0.08725801828327451
3,423,micro_ap,-0.024383485935489058
3,424,micro_ap,-0.09241597493706016
3,425,micro_ap,-0.0961866649071017
3,426,micro_ap,-0.13826787358823284
3,427,micro_ap,-0.07521487395296145
3,428,micro_ap,-0.10652465167402803
3,429,micro_ap,-0.10438799618412548
3,430,micro_ap,-0.05805006067778562
3,431,micro_ap,-0.05971869971521768
3,432,micro_ap,-0.07683815948238115
3,433,micro_ap,-0.08628114992929348
3,434,micro_ap,-0.1236812164407532
3,435,micro_ap,-0.09898023269787815
3,436,micro_ap,-0.06347605320968996
3,437,micro_ap,-0.05643540588539814
3,438,micro_ap,-0.07919442515602315
3,439,micro_ap,-0.11111539082868399
3,440,micro_ap,-0.08387709753997408
3,441,micro_ap,-0.1315362738434081
3,442,micro_ap,-0.10392371629152736
3,443,micro_ap,-0.11236298207148848
3,444,micro_ap,-0.08660979808238767
3,445,micro_ap,-0.11651350627898371
3,446,micro_ap,-0.10547900734971072
3,447,micro_ap,-0.08678930367438004
3,448,micro_ap,-0.07571059676746422
3,449,micro_ap,-0.07172834506146153
3,450,micro_ap,-0.09856046503220978
3,451,micro_ap,-0.05994830537485102
3,452,micro_ap,-0.04434817398895291
3,453,micro_ap,-0.04737635225863174
3,454,micro_ap,-0.07979509789943445
3,455,micro_ap,-0.09669047991119922
3,456,micro_ap,-0.0702314050939688
3,457,micro_ap,-0.09989331341135887
3,458,micro_ap,-0.06593963893381194
3,459,micro_ap,-0.09063186344828139
3,460,micro_ap,-0.06623600086698767
3,461,micro_ap,-0.10058680675540727
3,462,micro_ap,-0.07967959767584634
3,463,micro_ap,-0.09464907626702956
3,464,micro_ap,-0.07307496235043931
3,465,micro_ap,-0.08183510243919068
3,466,micro_ap,-0.09505198203767479
3,467,micro_ap,-0.06765746929402289
3,468,micro_ap,-0.08009543689660376
3,469,micro_ap,-0.09772140407392055
3,470,micro_ap,-0.06375768638338347
3,471,micro_ap,-0.10674090417287752
3,472,micro_ap,-0.11080101504598469
3,473,micro_ap,-0.12924489701505193
3,474,micro_ap,-0.08558338984753638
3,475,micro_ap,-0.08929649852756122
3,476,micro_ap,-0.11545333289861687
3,477,micro_ap,-0.07074856555284953
3,478,micro_ap,-0.14062854341569783
3,479,micro_ap,-0.10617825438648393
3,480,micro_ap,-0.10753736088084553
3,481,micro_ap,-0.07651140266614848
3,482,micro_ap,-0.06943457667520714
3,483,micro_ap,-0.10230684806646559
3,484,micro_ap,-0.09660603372344584
3,485,micro_ap,-0.0391110338039144
3,486,micro_ap,-0.08837241782971034
3,487,micro_ap,-0.04415613236665161
3,488,micro_ap,-0.08540170390040241
3,489,micro_ap,-0.06591065538867769
3,490,micro_ap,-0.06125476866171714
3,491,micro_ap,-0.07673127101823007
3,492,micro_ap,-0.07946735371668373
3,493,micro_ap,-0.08140155449387171
3,494,micro_ap,-0.053448250336856684
3,495,micro_ap,-0.14700150794678818
3,496,micro_ap,-0.10203530273660782
3,497,micro_ap,-0.09276966990392982
3,498,micro_ap,-0.11132054132418545
3,499,micro_ap,-0.1027853865713323
3,500,micro_ap,-0.08265557272376856
3,501,micro_ap,-0.08955123197584708
3,502,micro_ap,-0.11456961186126285
3,503,micro_ap,-0.059942848983194075
3,504,micro_ap,-0.10826575559716095
3,505,micro_ap,-0.08400502465991111
3,506,micro_ap,-0.08956597786667553
3,507,micro_ap,-0.10314990417153996
3,508,micro_ap,-0.07887194744258008
3,509,micro_ap,-0.09918752020218435
3,510,micro_ap,-0.09113057421071935
3,511,micro_ap,-0.06696141814747503
3,512,micro_ap,-0.1130687370737849
3,513,micro_ap,-0.10112834836036622
3,514,micro_ap,-0.0865232080570344
3,515,micro_ap,-0.09501053112390345
3,516,micro_ap,-0.07284222500226886
3,517,micro_ap,-0.05991372251969329
3,518,micro_ap,-0.07648600771342029
3,519,micro_ap,-0.04848608192601678
3,520,micro_ap,-0.08865986893913425
3,521,micro_ap,-0.09471465118385858
3,522,micro_ap,-0.12095320373990459
3,523,micro_ap,-0.11091209788267509
3,524,micro_ap,-0.086284296936261
3,525,micro_ap,-0.10047449638919098
3,526,micro_ap,-0.08244857722560625
3,527,micro_ap,-0.03327524718271757
3,528,micro_ap,-0.09592279973262757
3,529,micro_ap,-0.08994904640889134
3,530,micro_ap,-0.0882803048678798
3,531,micro_ap,-0.06790293505942363
3,532,micro_ap,-0.03714219195270618
3,533,micro_ap,-0.07515027224774212
3,534,micro_ap,-0.03641395017596222
3,535,micro_ap,-0.11515926397184192
3,536,micro_ap,-0.08602662887791535
3,537,micro_ap,-0.09476760875375351
3,538,micro_ap,-0.09330000683810222
3,539,micro_ap,-0.0463111911572992
3,540,micro_ap,-0.06693679634545141
3,541,micro_ap,-0.08124169419352101
3,542,micro_ap,-0.053088729744102336
3,543,micro_ap,-0.07236506268146792
3,544,micro_ap,-0.062337660634898595
3,545,micro_ap,-0.11419430246621443
3,546,micro_ap,-0.0933058027763693
3,547,micro_ap,-0.07267823872087731
3,548,micro_ap,-0.07423055756081903
3,549,micro_ap,-0.050037645180409485
3,550,micro_ap,-0.09218647688320736
3,551,micro_ap,-0.11812354241530237
3,552,micro_ap,-0.07074055306710053
3,553,micro_ap,-0.0935001367151509
3,554,micro_ap,-0.08445933814579826
3,555,micro_ap,-0.08010611387877298
3,556,micro_ap,-0.06590195001265692
3,557,micro_ap,-0.0653398823618832
3,558,micro_ap,-0.0801654634452792
3,559,micro_ap,-0.09016932374216824
3,560,micro_ap,-0.09627439381128683
3,561,micro_ap,-0.10782509212272862
3,562,micro_ap,-0.05566905989862431
3,563,micro_ap,-0.10226494291576371
3,564,micro_ap,-0.08368161972364635
3,565,micro_ap,-0.09348676988609383
3,566,micro_ap,-0.05162998530487212
3,567,micro_ap,-0.026722561330970396
3,568,micro_ap,-0.07680488766080096
3,569,micro_ap,-0.09655130055421296
3,570,micro_ap,-0.0651620948119041
3,571,micro_ap,-0.12851021256841008
3,572,micro_ap,-0.09181420374914717
3,573,micro_ap,-0.12733918893092505
3,574,micro_ap,-0.08616756965411199
3,575,micro_ap,-0.08239433442030764
3,576,micro_ap,-0.08565062609712831
3,577,micro_ap,-0.08818701967922382
3,578,micro_ap,-0.10346522602855673
3,579,micro_ap,-0.0867765248870283
3,580,micro_ap,-0.0773959322680911
3,581,micro_ap,-0.08517310798887129
3,582,micro_ap,-0.12977988488164416
3,583,micro_ap,-0.07713576426471447
3,584,micro_ap,-0.07779769435680534
3,585,micro_ap,-0.10203748944322372
3,586,micro_ap,-0.06633528534950972
3,587,micro_ap,-0.07521364390604068
3,588,micro_ap,-0.08021986879461346
3,589,micro_ap,-0.09206315374862861
3,590,micro_ap,-0.09931467907631475
3,591,micro_ap,-0.07730677261154423
3,592,micro_ap,-0.02481089193264313
3,593,micro_ap,-0.06041727587372028
3,594,micro_ap,-0.08092686614306593
3,595,micro_ap,-0.09431349793877342
3,596,micro_ap,-0.07544109776380176
3,597,micro_ap,-0.09554283136436464
3,598,micro_ap,-0.08473317264878327
3,599,micro_ap,-0.11757688009253292
3,600,micro_ap,-0.06685727513302947
3,601,micro_ap,-0.04801602099876923
3,602,micro_ap,-0.11209940814740654
3,603,micro_ap,-0.1277919913565363
3,604,micro_ap,-0.060493496723297624
3,605,micro_ap,-0.07471010705574888
3,606,micro_ap,-0.11124162439568386
3,607,micro_ap,-0.08658654885055062
3,608,micro_ap,-0.08451352899189035
3,609,micro_ap,-0.07771465934284527
3,610,micro_ap,-0.11565652864234016
3,611,micro_ap,-0.0796201011159618
3,612,micro_ap,-0.11382666564545241
3,613,micro_ap,-0.08555981902591298
3,614,micro_ap,-0.09286777206231955
3,615,micro_ap,-0.10689656675029052
3,616,micro_ap,-0.11066312990231819
3,617,micro_ap,-0.11538880869501583
3,618,micro_ap,-0.08114973620165006
3,619,micro_ap,-0.09538378753653803
3,620,micro_ap,-0.07831894077223633
3,621,micro_ap,-0.06341838598765781
3,622,micro_ap,-0.10582061192978293
3,623,micro_ap,-0.11429038436215427
3,624,micro_ap,-0.044473876240540555
3,625,micro_ap,-0.12293050214300083
3,626,micro_ap,-0.0930775319832648
3,627,micro_ap,-0.09412551589373452
3,628,micro_ap,-0.11384354240500327
3,629,micro_ap,-0.07231385867059614
3,630,micro_ap,-0.07873256484137992
3,631,micro_ap,-0.0757312537719651
3,632,micro_ap,-0.026334894303668255
3,633,micro_ap,-0.09601507894271269
3,634,micro_ap,-0.07093965492819365
3,635,micro_ap,-0.0789402616833847
3,636,micro_ap,-0.09286994481188615
3,637,micro_ap,-0.09730257268019227
3,638,micro_ap,-0.12322523559859103
3,639,micro_ap,-0.1035248332679361
3,640,micro_ap,-0.07789230437516698
3,641,micro_ap,-0.09534800709757146
3,642,micro_ap,-0.09459237592336117
3,643,micro_ap,-0.10017334741440592
3,644,micro_ap,-0.10916853138696125
3,645,micro_ap,-0.11011757376116876
3,646,micro_ap,-0.058976538478271334
3,647,micro_ap,-0.10302219908198185
3,648,micro_ap,-0.0861735118553702
3,649,micro_ap,-0.1108091585825012
3,650,micro_ap,-0.09153225991718938
3,651,micro_ap,-0.09096767992752625
3,652,micro_ap,-0.05565870851478566
3,653,micro_ap,-0.11202198665200153
3,654,micro_ap,-0.07110436274209125
3,655,micro_ap,-0.08591988382606186
3,656,micro_ap,-0.08572165003001098
3,657,micro_ap,-0.06111851358981513
3,658,micro_ap,-0.11479933076948723
3,659,micro_ap,-0.060827914217264856
3,660,micro_ap,-0.09189350286886633
3,661,micro_ap,-0.06378273618563246
3,662,micro_ap,-0.08096815734418567
3,663,micro_ap,-0.09241053934369714
3,664,micro_ap,-0.04530986232526313
3,665,micro_ap,-0.0815794398012617
3,666,micro_ap,-0.09610169041205818
3,667,micro_ap,-0.12358987696417523
3,668,micro_ap,-0.07305067097451579
3,669,micro_ap,-0.08376730005561972
3,670,micro_ap,-0.08386701058532015
3,671,micro_ap,-0.10861729002993889
3,672,micro_ap,-0.07999641035594784
3,673,micro_ap,-0.08023959043526524
3,674,micro_ap,-0.0676012831148044
3,675,micro_ap,-0.04988416619541147
3,676,micro_ap,-0.07671441381346694
3,677,micro_ap,-0.11882310825529846
3,678,micro_ap,-0.0536291805082888
3,679,micro_ap,-0.10008248185237478
3,680,micro_ap,-0.06173658861168879
3,681,micro_ap,-0.05691316837488242
3,682,micro_ap,-0.07048364232103532
3,683,micro_ap,-0.07230611741653198
3,684,micro_ap,-0.06834187399401348
3,685,micro_ap,-0.11389299162691863
3,686,micro_ap,-0.10675966316368307
3,687,micro_ap,-0.09181513684545434
3,688,micro_ap,-0.08376698803573751
3,689,micro_ap,-0.08666184119683118
3,690,micro_ap,-0.09689649700166364
3,691,micro_ap,-0.07186411098997725
3,692,micro_ap,-0.05196969560516168
3,693,micro_ap,-0.11696531472750898
3,694,micro_ap,-0.04346902769512412
3,695,micro_ap,-0.03855012136650554
3,696,micro_ap,-0.07257022950853725
3,697,micro_ap,-0.07364384034297727
3,698,micro_ap,-0.08325761978130947
3,699,micro_ap,-0.11625139635241075
3,700,micro_ap,-0.09942197518181961
3,701,micro_ap,-0.07376132438112393
3,702,micro_ap,-0.11199755487779639
3,703,micro_ap,-0.11970376977923325
3,704,micro_ap,-0.10811918586849753
3,705,micro_ap,-0.07553216029575438
3,706,micro_ap,-0.06208134606420518
3,707,micro_ap,-0.07753926055930643
3,708,micro_ap,-0.039238710236655316
3,709,micro_ap,-0.06978518111456644
3,710,micro_ap,-0.10486727861061329
3,711,micro_ap,-0.12083789640806697
3,712,micro_ap,-0.06753455039650641
3,713,micro_ap,-0.11520301651078091
3,714,micro_ap,-0.06908881640126863
3,715,micro_ap,-0.13191763555505037
3,716,micro_ap,-0.09340134899642916
3,717,micro_ap,-0.11139722578116212
3,718,micro_ap,-0.083724668158291
3,719,micro_ap,-0.04662149747485339
3,720,micro_ap,-0.08463817476010022
3,721,micro_ap,-0.0582351631528808
3,722,micro_ap,-0.10797941668104
3,723,micro_ap,-0.12404379353277084
3,724,micro_ap,-0.0952642214729838
3,725,micro_ap,-0.09999404819837848
3,726,micro_ap,-0.07866147073964236
3,727,micro_ap,-0.08702599036775399
3,728,micro_ap,-0.05746290971559631
3,729,micro_ap,-0.06666828949745768
3,730,micro_ap,-0.056984672463561925
3,731,micro_ap,-0.10258817891036609
3,732,micro_ap,-0.07697226510670518
3,733,micro_ap,-0.059868350808108595
3,734,micro_ap,-0.062133882647738725
3,735,micro_ap,-0.06730836474067164
3,736,micro_ap,-0.1315265361397575
3,737,micro_ap,-0.10401750267289933
3,738,micro_ap,-0.11278491747901764
3,739,micro_ap,-0.09050987105808583
3,740,micro_ap,-0.08905663104306427
3,741,micro_ap,-0.09966117443061628
3,742,micro_ap,-0.05187034714678135
3,743,micro_ap,-0.09913260852150624
3,744,micro_ap,-0.06692922265065226
3,745,micro_ap,-0.07780539644458084
3,746,micro_ap,-0.0924446601386894
3,747,micro_ap,-0.12339806399582914
3,748,micro_ap,-0.10853058183932801
3,749,micro_ap,-0.04944468942658975
3,750,micro_ap,-0.11300902510373478
3,751,micro_ap,-0.1047034114293976
3,752,micro_ap,-0.056237939645335244
3,753,micro_ap,-0.08428771405143098
3,754,micro_ap,-0.12501670048464847
3,755,micro_ap,-0.051521999300641774
3,756,micro_ap,-0.12034401713335113
3,757,micro_ap,-0.07389375163608425
3,758,micro_ap,-0.0986986369820469
3,759,micro_ap,-0.10329896239850084
3,760,micro_ap,-0.12263349072426022
3,761,micro_ap,-0.08054710971307749
3,762,micro_ap,-0.08835501170151433
3,763,micro_ap,-0.11082385089542954
3,764,micro_ap,-0.0682120192347333
3,765,micro_ap,-0.094112999926171
3,766,micro_ap,-0.0715886026055062
3,767,micro_ap,-0.056732820518521965
3,768,micro_ap,-0.12095789269691853
3,769,micro_ap,-0.07824739581293993
3,770,micro_ap,-0.06892552785211192
3,771,micro_ap,-0.07014317971501283
3,772,micro_ap,-0.0915044296036771
3,773,micro_ap,-0.09179075955733695
3,774,micro_ap,-0.0947819550650576
3,775,micro_ap,-0.05911082251650768
3,776,micro_ap,-0.08942021697158958
3,777,micro_ap,-0.05999307141898086
3,778,micro_ap,-0.13239621827885037
3,779,micro_ap,-0.10813418753548398
3,780,micro_ap,-0.03628009163828916
3,781,micro_ap,-0.07432734801326668
3,782,micro_ap,-0.0952937053859978
3,783,micro_ap,-0.07006214164342256
3,784,micro_ap,-0.1096288643087723
3,785,micro_ap,-0.08907981758489658
3,786,micro_ap,-0.08613638458718742
3,787,micro_ap,-0.06980709263666862
3,788,micro_ap,-0.07837038578350308
3,789,micro_ap,-0.08341732477543795
3,790,micro_ap,-0.0870279332702441
3,791,micro_ap,-0.029044213254068696
3,792,micro_ap,-0.058784266101703675
3,793,micro_ap,-0.04726112068613858
3,794,micro_ap,-0.03698932089552098
3,795,micro_ap,-0.09571887790248262
3,796,micro_ap,-0.09286171794850895
3,797,micro_ap,-0.08913144480809054
3,798,micro_ap,-0.057114376332467076
3,799,micro_ap,-0.06195109608681865
3,800,micro_ap,-0.052096761067123076
3,801,micro_ap,-0.09359777725829926
3,802,micro_ap,-0.08942486897373308
3,803,micro_ap,-0.10425125391336615
3,804,micro_ap,-0.09756647931872303
3,805,micro_ap,-0.10643013371320259
3,806,micro_ap,-0.07667826349040224
3,807,micro_ap,-0.08354811466434497
3,808,micro_ap,-0.11725924526447529
3,809,micro_ap,-0.06749923992329537
3,810,micro_ap,-0.07190549366759158
3,811,micro_ap,-0.07172803144985235
3,812,micro_ap,-0.09140948535074939
3,813,micro_ap,-0.11270704646480995
3,814,micro_ap,-0.10557586389572626
3,815,micro_ap,-0.09763427565724048
3,816,micro_ap,-0.08240470413393258
3,817,micro_ap,-0.12144087562403966
3,818,micro_ap,-0.14706129724306938
3,819,micro_ap,-0.09586881301558958
3,820,micro_ap,-0.08356463769056771
3,821,micro_ap,-0.09404265944225437
3,822,micro_ap,-0.10197511097074563
3,823,micro_ap,-0.06379636739637407
3,824,micro_ap,-0.08945859044124826
3,825,micro_ap,-0.04752536181545958
3,826,micro_ap,-0.08026867918416941
3,827,micro_ap,-0.0716757566818213
3,828,micro_ap,-0.10644209593320828
3,829,micro_ap,-0.05912418417592824
3,830,micro_ap,-0.11579716081267871
3,831,micro_ap,-0.0976761064577904
3,832,micro_ap,-0.07133474060754136
3,833,micro_ap,-0.07224119256469186
3,834,micro_ap,-0.06213788440734308
3,835,micro_ap,-0.05483879539220232
3,836,micro_ap,-0.12018258566899931
3,837,micro_ap,-0.08188699694844953
3,838,micro_ap,-0.09698185683361354
3,839,micro_ap,-0.11310851526383792
3,840,micro_ap,-0.08706629263908466
3,841,micro_ap,-0.05237395942752332
3,842,micro_ap,-0.10146634677984206
3,843,micro_ap,-0.0694095268890127
3,844,micro_ap,-0.014612607898203733
3,845,micro_ap,-0.05608821441728751
3,846,micro_ap,-0.0937289014625427
3,847,micro_ap,-0.0732137568242181
3,848,micro_ap,-0.08785096798616954
3,849,micro_ap,-0.10333918618581378
3,850,micro_ap,-0.07161316384260247
3,851,micro_ap,-0.05937539101669237
3,852,micro_ap,-0.10132453797110069
3,853,micro_ap,-0.08504481139935244
3,854,micro_ap,-0.10263937732645756
3,855,micro_ap,-0.09367336958198458
3,856,micro_ap,-0.0989193280443667
3,857,micro_ap,-0.08151811105735013
3,858,micro_ap,-0.12110068320373862
3,859,micro_ap,-0.13367754581137897
3,860,micro_ap,-0.06346502440201118
3,861,micro_ap,-0.07556966027577272
3,862,micro_ap,-0.12756116870721507
3,863,micro_ap,-0.09010226715939906
3,864,micro_ap,-0.10636713536369585
3,865,micro_ap,-0.0859958828733623
3,866,micro_ap,-0.09662232060220802
3,867,micro_ap,-0.08524697198935699
3,868,micro_ap,-0.09760000520751416
3,869,micro_ap,-0.09108038703625343
3,870,micro_ap,-0.09609678828744578
3,871,micro_ap,-0.0825727289923397
3,872,micro_ap,-0.14037014217987875
3,873,micro_ap,-0.17523187635420057
3,874,micro_ap,-0.12583638001447722
3,875,micro_ap,-0.04235772955558542
3,876,micro_ap,-0.052720611794598804
3,877,micro_ap,-0.11372812359568774
3,878,micro_ap,-0.10470284687850845
3,879,micro_ap,-0.10748071730812009
3,880,micro_ap,-0.13383118318756365
3,881,micro_ap,-0.0852378217735964
3,882,micro_ap,-0.086558667862347
3,883,micro_ap,-0.09405183071960749
3,884,micro_ap,-0.07346501969093433
3,885,micro_ap,-0.090668845271138
3,886,micro_ap,-0.03552567788025601
3,887,micro_ap,-0.06796507788884948
3,888,micro_ap,-0.08172693536315795
3,889,micro_ap,-0.09218266131514413
3,890,micro_ap,-0.08691599813223044
3,891,micro_ap,-0.0602595510767967
3,892,micro_ap,-0.08842879385493568
3,893,micro_ap,-0.10347713885950427
3,894,micro_ap,-0.08826611333155687
3,895,micro_ap,-0.08810017633625283
3,896,micro_ap,-0.12319896112746603
3,897,micro_ap,-0.10105390918347251
3,898,micro_ap,-0.10276284292493121
3,899,micro_ap,-0.05713692994814229
3,900,micro_ap,-0.08957624584083235
3,901,micro_ap,-0.09663138465287646
3,902,micro_ap,-0.047734266995171304
3,903,micro_ap,-0.1041469257920477
3,904,micro_ap,-0.13019290767095681
3,905,micro_ap,-0.026520001084024636
3,906,micro_ap,-0.06483684945481083
3,907,micro_ap,-0.06937252901803526
3,908,micro_ap,-0.10617229064841713
3,909,micro_ap,-0.07969462076995437
3,910,micro_ap,-0.110766283753024
3,911,micro_ap,-0.07347863288220874
3,912,micro_ap,-0.0782618947144238
3,913,micro_ap,-0.07907474284886085
3,914,micro_ap,-0.11647262061503355
3,915,micro_ap,-0.06150818442368916
3,916,micro_ap,-0.09352743071498781
3,917,micro_ap,-0.12561448031541278
3,918,micro_ap,-0.08605868863436777
3,919,micro_ap,-0.04535164668759528
3,920,micro_ap,-0.12909611390230907
3,921,micro_ap,-0.07307346746578719
3,922,micro_ap,-0.05347772744929247
3,923,micro_ap,-0.06072359986704168
3,924,micro_ap,-0.10860466508278288
3,925,micro_ap,-0.0761514032588041
3,926,micro_ap,-0.08164005967825844
3,927,micro_ap,-0.09284886493639644
3,928,micro_ap,-0.10614888962959801
3,929,micro_ap,-0.08310796715334545
3,930,micro_ap,-0.08886001822086476
3,931,micro_ap,-0.11168281082315135
3,932,micro_ap,-0.11614202539987323
3,933,micro_ap,-0.056384582640286784
3,934,micro_ap,-0.08545992901860516
3,935,micro_ap,-0.0735227042462428
3,936,micro_ap,-0.06515973222960253
3,937,micro_ap,-0.07724169327904779
3,938,micro_ap,-0.06555284041203652
3,939,micro_ap,-0.11922501011873748
3,940,micro_ap,-0.08756081002689825
3,941,micro_ap,-0.10913379026281395
3,942,micro_ap,-0.05980383325515448
3,943,micro_ap,-0.058289712104856284
3,944,micro_ap,-0.04789834416437466
3,945,micro_ap,-0.05480856556550945
3,946,micro_ap,-0.08277981882855068
3,947,micro_ap,-0.1166623894352593
3,948,micro_ap,-0.056351475134778395
3,949,micro_ap,-0.10712949480901068
3,950,micro_ap,-0.06339141233979559
3,951,micro_ap,-0.09052327824215439
3,952,micro_ap,-0.0942721423358675
3,953,micro_ap,-0.0861577558649605
3,954,micro_ap,-0.0728509352380236
3,955,micro_ap,-0.04912971375703651
3,956,micro_ap,-0.10053718561076719
3,957,micro_ap,-0.09690990556015855
3,958,micro_ap,-0.06386297015927156
3,959,micro_ap,-0.11732489258732431
3,960,micro_ap,-0.07411850716250212
3,961,micro_ap,-0.082885617790464
3,962,micro_ap,-0.08198966034922739
3,963,micro_ap,-0.10120268288202067
3,964,micro_ap,-0.10069725277550273
3,965,micro_ap,-0.13279236325724902
3,966,micro_ap,-0.11703817074273506
3,967,micro_ap,-0.09658172749345384
3,968,micro_ap,-0.05837224497636162
3,969,micro_ap,-0.06222484215044727
3,970,micro_ap,-0.09804555150134892
3,971,micro_ap,-0.08973633220647848
3,972,micro_ap,-0.09025479526012109
3,973,micro_ap,-0.11590416210687021
3,974,micro_ap,-0.12433362074997895
3,975,micro_ap,-0.06425489697370684
3,976,micro_ap,-0.0774522831441325
3,977,micro_ap,-0.09862530214117698
3,978,micro_ap,-0.057260691575948486
3,979,micro_ap,-0.08256690688227097
3,980,micro_ap,-0.09131870450053958
3,981,micro_ap,-0.07122599807753299
3,982,micro_ap,-0.08634371182358103
3,983,micro_ap,-0.11399886494701028
3,984,micro_ap,-0.12016736285438362
3,985,micro_ap,-0.10214614906017594
3,986,micro_ap,-0.1077478201679209
3,987,micro_ap,-0.08968941536539021
3,988,micro_ap,-0.10281453743977481
3,989,micro_ap,-0.07140426613977152
3,990,micro_ap,-0.09143766638301382
3,991,micro_ap,-0.07629349295771215
3,992,micro_ap,-0.07947085670717502
3,993,micro_ap,-0.07894225847321168
3,994,micro_ap,-0.06644421113149757
3,995,micro_ap,-0.11927361582547613
3,996,micro_ap,-0.0920126945048872
3,997,micro_ap,-0.06394662302151577
3,998,micro_ap,-0.10606912819185144
3,999,micro_ap,-0.08802198387945925
3,1000,micro_ap,-0.08367649602579902
3,1001,micro_ap,-0.08950024894811343
3,1002,micro_ap,-0.11279687373871122
3,1003,micro_ap,-0.08891364527850515
3,1004,micro_ap,-0.09192826017010469
3,1005,micro_ap,-0.06330038187159381
3,1006,micro_ap,-0.07373338640028698
3,1007,micro_ap,-0.048121822964381056
3,1008,micro_ap,-0.07493931154262062
3,1009,micro_ap,-0.08343209613460595
3,1010,micro_ap,-0.08316122541993709
3,1011,micro_ap,-0.054743601487283744
3,1012,micro_ap,-0.06273481989469532
3,1013,micro_ap,-0.1190266470009893
3,1014,micro_ap,-0.07963314338812116
3,1015,micro_ap,-0.06608692655369391
3,1016,micro_ap,-0.08035309111156697
3,1017,micro_ap,-0.10079846273223442
3,1018,micro_ap,-0.11475807266829863
3,1019,micro_ap,-0.11132457152599773
3,1020,micro_ap,-0.1368910004073975
3,1021,micro_ap,-0.12367805738633342
3,1022,micro_ap,-0.08985189509496933
3,1023,micro_ap,-0.09274370415864908
3,1024,micro_ap,-0.09540024018148213
3,1025,micro_ap,-0.10910833231119055
3,1026,micro_ap,-0.08431312288066295
3,1027,micro_ap,-0.04892329762493214
3,1028,micro_ap,-0.07149619597436813
3,1029,micro_ap,-0.10746867603657007
3,1030,micro_ap,-0.09735587779956945
3,1031,micro_ap,-0.06415990107791222
3,1032,micro_ap,-0.06642657658311896
3,1033,micro_ap,-0.09089890969803555
3,1034,micro_ap,-0.07967754228732493
3,1035,micro_ap,-0.12163426261536053
3,1036,micro_ap,-0.0666731790366934
3,1037,micro_ap,-0.07641156683936301
3,1038,micro_ap,-0.09839532443969534
3,1039,micro_ap,-0.07998977731032314
3,1040,micro_ap,-0.08030212004020082
3,1041,micro_ap,-0.10312074158848072
3,1042,micro_ap,-0.11335310743942256
3,1043,micro_ap,-0.11072233591801373
3,1044,micro_ap,-0.08006689958301744
3,1045,micro_ap,-0.054372550525820906
3,1046,micro_ap,-0.0559753311467317
3,1047,micro_ap,-0.09441895988698112
3,1048,micro_ap,-0.03927105048576934
3,1049,micro_ap,-0.0410293660651852
3,1050,micro_ap,-0.10134171951282311
3,1051,micro_ap,-0.06398887416316018
3,1052,micro_ap,-0.09181505299428072
3,1053,micro_ap,-0.07106290365267015
3,1054,micro_ap,-0.10818270966085997
3,1055,micro_ap,-0.09898231177169925
3,1056,micro_ap,-0.0936213225832474
3,1057,micro_ap,-0.11180567639007494
3,1058,micro_ap,-0.08853235784326036
3,1059,micro_ap,-0.07166092867970258
3,1060,micro_ap,-0.08992880192254299
3,1061,micro_ap,-0.10666571679768255
3,1062,micro_ap,-0.09237322924964625
3,1063,micro_ap,-0.10080875902111475
3,1064,micro_ap,-0.11032279768323172
3,1065,micro_ap,-0.07752201194588448
3,1066,micro_ap,-0.09133061838518042
3,1067,micro_ap,-0.0804212427087686
3,1068,micro_ap,-0.07079041769281608
3,1069,micro_ap,-0.10797057852682884
3,1070,micro_ap,-0.08050635973006975
3,1071,micro_ap,-0.1018652969102048
3,1072,micro_ap,-0.09237128831033009
3,1073,micro_ap,-0.0985583376751219
3,1074,micro_ap,-0.1267176782688032
3,1075,micro_ap,-0.1048562380401381
3,1076,micro_ap,-0.11377028483175977
3,1077,micro_ap,-0.052561087072934665
3,1078,micro_ap,-0.08548141570072826
3,1079,micro_ap,-0.07449225371270096
3,1080,micro_ap,-0.09783021016403942
3,1081,micro_ap,-0.05339717030291469
3,1082,micro_ap,-0.06712895635204702
3,1083,micro_ap,-0.06603614097968935
3,1084,micro_ap,-0.12364639309741884
3,1085,micro_ap,-0.0741068556325093
3,1086,micro_ap,-0.08954889523430809
3,1087,micro_ap,-0.09453473780491362
3,1088,micro_ap,-0.08739007945533714
3,1089,micro_ap,-0.10533250604210342
3,1090,micro_ap,-0.0868506524987302
3,1091,micro_ap,-0.05046874326966494
3,1092,micro_ap,-0.09544234755195058
3,1093,micro_ap,-0.07726053711280445
3,1094,micro_ap,-0.10932491507471004
3,1095,micro_ap,-0.11983264351625489
3,1096,micro_ap,-0.05599366372966463
3,1097,micro_ap,-0.11698247088222441
3,1098,micro_ap,-0.07866446717370579
3,1099,micro_ap,-0.07659138460480758
3,1100,micro_ap,-0.0841377027218756
3,1101,micro_ap,-0.09520188718099315
3,1102,micro_ap,-0.10726128077750802
3,1103,micro_ap,-0.12852347610646647
3,1104,micro_ap,-0.08327591417688429
3,1105,micro_ap,-0.08153185063708246
3,1106,micro_ap,-0.07909981858814968
3,1107,micro_ap,-0.05463558286359177
3,1108,micro_ap,-0.0740169576531649
3,1109,micro_ap,-0.08678024678852819
3,1110,micro_ap,-0.04229467708989815
3,1111,micro_ap,-0.11049227573075288
3,1112,micro_ap,-0.06776372746509124
3,1113,micro_ap,-0.09474975077416392
3,1114,micro_ap,-0.13454047756456045
3,1115,micro_ap,-0.09154070391331737
3,1116,micro_ap,-0.09299330876451456
3,1117,micro_ap,-0.02937047820242783
3,1118,micro_ap,-0.081572111551382
3,1119,micro_ap,-0.08214334638920423
3,1120,micro_ap,-0.08427447345463562
3,1121,micro_ap,-0.08045250129531822
3,1122,micro_ap,-0.10375492107027118
3,1123,micro_ap,-0.1361317392433291
3,1124,micro_ap,-0.09337843922506922
3,1125,micro_ap,-0.07459776573878296
3,1126,micro_ap,-0.07010559587810697
3,1127,micro_ap,-0.0908059179675278
3,1128,micro_ap,-0.08466094789871673
3,1129,micro_ap,-0.07445357034955563
3,1130,micro_ap,-0.0992725472004154
3,1131,micro_ap,-0.057933696292070236
3,1132,micro_ap,-0.0922792564657115
3,1133,micro_ap,-0.11067132753850789
3,1134,micro_ap,-0.09002702123986062
3,1135,micro_ap,-0.06253921675336
3,1136,micro_ap,-0.07015728029138274
3,1137,micro_ap,-0.04178700056092749
3,1138,micro_ap,-0.06976403244468149
3,1139,micro_ap,-0.09453417069494147
3,1140,micro_ap,-0.09827142619358298
3,1141,micro_ap,-0.05056597478378322
3,1142,micro_ap,-0.07848816637232936
3,1143,micro_ap,-0.11554137560907618
3,1144,micro_ap,-0.08508570688746236
3,1145,micro_ap,-0.07262291561180872
3,1146,micro_ap,-0.0654101928832082
3,1147,micro_ap,-0.12155862345082935
3,1148,micro_ap,-0.11779379373123972
3,1149,micro_ap,-0.102668026559811
3,1150,micro_ap,-0.08825158629443369
3,1151,micro_ap,-0.12950060823756454
3,1152,micro_ap,-0.09884556110034559
3,1153,micro_ap,-0.07577190902621334
3,1154,micro_ap,-0.09718450511455495
3,1155,micro_ap,-0.05997092668330811
3,1156,micro_ap,-0.07273800033949146
3,1157,micro_ap,-0.11715379543756299
3,1158,micro_ap,-0.0895484531471678
3,1159,micro_ap,-0.12176051939285548
3,1160,micro_ap,-0.09687951488511609
3,1161,micro_ap,-0.0889554856051819
3,1162,micro_ap,-0.08423925957735429
3,1163,micro_ap,-0.07870199748652323
3,1164,micro_ap,-0.06984196309836893
3,1165,micro_ap,-0.08329316440819806
3,1166,micro_ap,-0.06161533296954713
3,1167,micro_ap,-0.0931400333199166
3,1168,micro_ap,-0.06549127868583099
3,1169,micro_ap,-0.07586715723337717
3,1170,micro_ap,-0.022843924317159647
3,1171,micro_ap,-0.11386003688706181
3,1172,micro_ap,-0.07249904514653405
3,1173,micro_ap,-0.07929381310636086
3,1174,micro_ap,-0.11122324230752495
3,1175,micro_ap,-0.11277930771184069
3,1176,micro_ap,-0.06396113546673177
3,1177,micro_ap,-0.07225143152487229
3,1178,micro_ap,-0.11468434355203477
3,1179,micro_ap,-0.06424725061081143
3,1180,micro_ap,-0.0705678822829865
3,1181,micro_ap,-0.07683230629749221
3,1182,micro_ap,-0.08983862463993503
3,1183,micro_ap,-0.06796602696646886
3,1184,micro_ap,-0.10386777452259643
3,1185,micro_ap,-0.04936854167179283
3,1186,micro_ap,-0.10941432784331168
3,1187,micro_ap,-0.050554820187883265
3,1188,micro_ap,-0.07265470450813727
3,1189,micro_ap,-0.08871896806848606
3,1190,micro_ap,-0.0795217514514241
3,1191,micro_ap,-0.029754263970738992
3,1192,micro_ap,-0.05240754515942081
3,1193,micro_ap,-0.07850664699292637
3,1194,micro_ap,-0.08382676854420973
3,1195,micro_ap,-0.09629630459668648
3,1196,micro_ap,-0.11268198907808541
3,1197,micro_ap,-0.08165123877956271
3,1198,micro_ap,-0.06469760870932956
3,1199,micro_ap,-0.09050518737338903
3,1200,micro_ap,-0.08040761862598872
3,1201,micro_ap,-0.09508458634910744
3,1202,micro_ap,-0.09808842468329987
3,1203,micro_ap,-0.07163641121636272
3,1204,micro_ap,-0.05111290378092098
3,1205,micro_ap,-0.07412800898077837
3,1206,micro_ap,-0.07483214487174894
3,1207,micro_ap,-0.06614091958711044
3,1208,micro_ap,-0.10200760314463891
3,1209,micro_ap,-0.1022852287000997
3,1210,micro_ap,-0.10875143917422503
3,1211,micro_ap,-0.09334268075539998
3,1212,micro_ap,-0.07651428322199938
3,1213,micro_ap,-0.08522010851470718
3,1214,micro_ap,-0.0816650100696199
3,1215,micro_ap,-0.050106711558394634
3,1216,micro_ap,-0.07447789509565383
3,1217,micro_ap,-0.04600793190957986
3,1218,micro_ap,-0.09899705117746316
3,1219,micro_ap,-0.08419213773092354
3,1220,micro_ap,-0.08686648834425836
3,1221,micro_ap,-0.05186661283253302
3,1222,micro_ap,-0.06508219355709877
3,1223,micro_ap,-0.10010684777961532
3,1224,micro_ap,-0.06825134989084142
3,1225,micro_ap,-0.1253262863444849
3,1226,micro_ap,-0.04232684969641953
3,1227,micro_ap,-0.13174705756402935
3,1228,micro_ap,-0.10138524361395712
3,1229,micro_ap,-0.08082852648024608
3,1230,micro_ap,-0.07999473894940051
3,1231,micro_ap,-0.05579173483133287
3,1232,micro_ap,-0.07427877383713966
3,1233,micro_ap,-0.0777724995532505
3,1234,micro_ap,-0.07913133653601206
3,1235,micro_ap,-0.08106818270178562
3,1236,micro_ap,-0.0658526899768076
3,1237,micro_ap,-0.10644308883616727
3,1238,micro_ap,-0.10383781721689928
3,1239,micro_ap,-0.09767794310997036
3,1240,micro_ap,-0.10056141719346384
3,1241,micro_ap,-0.06038013876385728
3,1242,micro_ap,-0.06273212780620663
3,1243,micro_ap,-0.10420951232751069
3,1244,micro_ap,-0.046197204051153906
3,1245,micro_ap,-0.09771609643114304
3,1246,micro_ap,-0.0857666459752281
3,1247,micro_ap,-0.048091359037298775
3,1248,micro_ap,-0.06594408622168618
3,1249,micro_ap,-0.08074984370028487
3,1250,micro_ap,-0.09435037100716598
3,1251,micro_ap,-0.08304039017636222
3,1252,micro_ap,-0.11226531041268378
3,1253,micro_ap,-0.06875848315244676
3,1254,micro_ap,-0.05781238275205902
3,1255,micro_ap,-0.11084116897772373
3,1256,micro_ap,-0.0947057405427727
3,1257,micro_ap,-0.05188414540482539
3,1258,micro_ap,-0.0929136554120722
3,1259,micro_ap,-0.08470780809823147
3,1260,micro_ap,-0.07480462523225473
3,1261,micro_ap,-0.049272220057405836
3,1262,micro_ap,-0.07549530827739154
3,1263,micro_ap,-0.0819208153686336
3,1264,micro_ap,-0.11322148757441564
3,1265,micro_ap,-0.07609822361822449
3,1266,micro_ap,-0.08896468065771673
3,1267,micro_ap,-0.06871959604268457
3,1268,micro_ap,-0.12111596943915509
3,1269,micro_ap,-0.08970627845073187
3,1270,micro_ap,-0.03370670211639015
3,1271,micro_ap,-0.07439676716610727
3,1272,micro_ap,-0.10040242773103278
3,1273,micro_ap,-0.08784735424229867
3,1274,micro_ap,-0.1434295017602213
3,1275,micro_ap,-0.07229142890612666
3,1276,micro_ap,-0.06595874804282348
3,1277,micro_ap,-0.08538620164874977
3,1278,micro_ap,-0.08523659705275055
3,1279,micro_ap,-0.08420497887086509
3,1280,micro_ap,-0.06569675382511042
3,1281,micro_ap,-0.07023558037318578
3,1282,micro_ap,-0.07273623233742665
3,1283,micro_ap,-0.11088224107354938
3,1284,micro_ap,-0.06100028118495093
3,1285,micro_ap,-0.09520201647129584
3,1286,micro_ap,-0.06062981488911251
3,1287,micro_ap,-0.06583344441987254
3,1288,micro_ap,-0.05108939131204693
3,1289,micro_ap,-0.11216728414161803
3,1290,micro_ap,-0.08385942118407158
3,1291,micro_ap,-0.11273610215321878
3,1292,micro_ap,-0.0857224118286532
3,1293,micro_ap,-0.08187273026194286
3,1294,micro_ap,-0.09306390759052663
3,1295,micro_ap,-0.08355159862212402
3,1296,micro_ap,-0.03129623478426896
3,1297,micro_ap,-0.0671932553282803
3,1298,micro_ap,-0.08317249021618034
3,1299,micro_ap,-0.07907700640550791
3,1300,micro_ap,-0.06419358749668347
3,1301,micro_ap,-0.08432023452503434
3,1302,micro_ap,-0.07418249387068149
3,1303,micro_ap,-0.0912226113398516
3,1304,micro_ap,-0.060607292826667714
3,1305,micro_ap,-0.044399223920606634
3,1306,micro_ap,-0.04591055947702072
3,1307,micro_ap,-0.05429940891466373
3,1308,micro_ap,-0.08705150764374969
3,1309,micro_ap,-0.04251502070122248
3,1310,micro_ap,-0.03501688389685376
3,1311,micro_ap,-0.05582316314463598
3,1312,micro_ap,-0.0782826435712275
3,1313,micro_ap,-0.04453179848276517
3,1314,micro_ap,-0.14199539694816354
3,1315,micro_ap,-0.0824446894321384
3,1316,micro_ap,-0.06747761013781922
3,1317,micro_ap,-0.08852652607371725
3,1318,micro_ap,-0.08970180770067926
3,1319,micro_ap,-0.08460401014231228
3,1320,micro_ap,-0.07034025547143996
3,1321,micro_ap,-0.07780612545127463
3,1322,micro_ap,-0.059367887297984534
3,1323,micro_ap,-0.09030990384981985
3,1324,micro_ap,-0.08025504974296321
3,1325,micro_ap,-0.061350282788621924
3,1326,micro_ap,-0.10665033686331715
3,1327,micro_ap,-0.05934118001918387
3,1328,micro_ap,-0.041411477446892886
3,1329,micro_ap,-0.07532355715461447
3,1330,micro_ap,-0.07825865581562286
3,1331,micro_ap,-0.1012633905941625
3,1332,micro_ap,-0.09449766151986022
3,1333,micro_ap,-0.09739058586764288
3,1334,micro_ap,-0.1096927492404175
3,1335,micro_ap,-0.1364669551420546
3,1336,micro_ap,-0.09821534574939156
3,1337,micro_ap,-0.06645916195755563
3,1338,micro_ap,-0.13659852800945488
3,1339,micro_ap,-0.08354570517880638
3,1340,micro_ap,-0.10597885520545663
3,1341,micro_ap,-0.08879321960624564
3,1342,micro_ap,-0.06806611849657018
3,1343,micro_ap,-0.09777607993514814
3,1344,micro_ap,-0.09993329069801576
3,1345,micro_ap,-0.06493222625772815
3,1346,micro_ap,-0.09186160383287384
3,1347,micro_ap,-0.10608108362323082
3,1348,micro_ap,-0.12496327872031915
3,1349,micro_ap,-0.062002733500541696
3,1350,micro_ap,-0.06843701140032327
3,1351,micro_ap,-0.0900109188929934
3,1352,micro_ap,-0.07629641896680944
3,1353,micro_ap,-0.05440469353252392
3,1354,micro_ap,-0.10281594320189957
3,1355,micro_ap,-0.10980396947903565
3,1356,micro_ap,-0.14068364653700427
3,1357,micro_ap,-0.08432067999320048
3,1358,micro_ap,-0.06781017837171316
3,1359,micro_ap,-0.08524750708553602
3,1360,micro_ap,-0.1208426116739218
3,1361,micro_ap,-0.10444016207008916
3,1362,micro_ap,-0.06497835020205489
3,1363,micro_ap,-0.019758258696446762
3,1364,micro_ap,-0.11760815410278708
3,1365,micro_ap,-0.10236265272462503
3,1366,micro_ap,-0.05486248343645983
3,1367,micro_ap,-0.060177281869460364
3,1368,micro_ap,-0.0734827135897706
3,1369,micro_ap,-0.07351912306347302
3,1370,micro_ap,-0.06994631308864796
3,1371,micro_ap,-0.07039535238109468
3,1372,micro_ap,-0.05435154108065543
3,1373,micro_ap,-0.10209264480976538
3,1374,micro_ap,-0.07107687962765774
3,1375,micro_ap,-0.07548482673577656
3,1376,micro_ap,-0.03735254187651027
3,1377,micro_ap,-0.07910296944543116
3,1378,micro_ap,-0.08262640503605412
3,1379,micro_ap,-0.08020392619817795
3,1380,micro_ap,-0.0779059283530108
3,1381,micro_ap,-0.0884459345136
3,1382,micro_ap,-0.0825837493963903
3,1383,micro_ap,-0.09178960845858797
3,1384,micro_ap,-0.10950702540308371
3,1385,micro_ap,-0.11724285818592967
3,1386,micro_ap,-0.10394474946350146
3,1387,micro_ap,-0.06454821926083648
3,1388,micro_ap,-0.08375755784460773
3,1389,micro_ap,-0.06698061414840134
3,1390,micro_ap,-0.0793242244555572
3,1391,micro_ap,-0.09216177951228521
3,1392,micro_ap,-0.10135794986533664
3,1393,micro_ap,-0.090312716240537
3,1394,micro_ap,-0.07358729891829796
3,1395,micro_ap,-0.0661447564070386
3,1396,micro_ap,-0.06929800196315578
3,1397,micro_ap,-0.12217687982746672
3,1398,micro_ap,-0.09514920834631768
3,1399,micro_ap,-0.07496121271250428
3,1400,micro_ap,-0.09614299948828042
3,1401,micro_ap,-0.09350074426279237
3,1402,micro_ap,-0.10784815236300921
3,1403,micro_ap,-0.07693541548718918
3,1404,micro_ap,-0.08542299976104129
3,1405,micro_ap,-0.03261563967871306
3,1406,micro_ap,-0.08156768000045672
3,1407,micro_ap,-0.1069011464415417
3,1408,micro_ap,-0.06031964780571952
3,1409,micro_ap,-0.11969859035652808
3,1410,micro_ap,-0.11237409237101759
3,1411,micro_ap,-0.05096205610982402
3,1412,micro_ap,-0.10931686265021406
3,1413,micro_ap,-0.10203427321469816
3,1414,micro_ap,-0.10329293759971314
3,1415,micro_ap,-0.0491582734505186
3,1416,micro_ap,-0.11774714364191119
3,1417,micro_ap,-0.09080072209086398
3,1418,micro_ap,-0.08927921362334446
3,1419,micro_ap,-0.04717715422714919
3,1420,micro_ap,-0.0879884104656245
3,1421,micro_ap,-0.06463772787401245
3,1422,micro_ap,-0.07117984947367068
3,1423,micro_ap,-0.10426071881596805
3,1424,micro_ap,-0.09902523369929728
3,1425,micro_ap,-0.08970141613075155
3,1426,micro_ap,-0.1131314072322584
3,1427,micro_ap,-0.08651582277260744
3,1428,micro_ap,-0.09364171325475262
3,1429,micro_ap,-0.06734944667817494
3,1430,micro_ap,-0.11073381223803619
3,1431,micro_ap,-0.0743605260384812
3,1432,micro_ap,-0.0677139061659523
3,1433,micro_ap,-0.072963156025249
3,1434,micro_ap,-0.049233962096557726
3,1435,micro_ap,-0.11670765252014909
3,1436,micro_ap,-0.1022456627038088
3,1437,micro_ap,-0.09472667910990035
3,1438,micro_ap,-0.07678690457912574
3,1439,micro_ap,-0.06085913832175521
3,1440,micro_ap,-0.08242893273791868
3,1441,micro_ap,-0.084616544877476
3,1442,micro_ap,-0.09931771345229723
3,1443,micro_ap,-0.10878628501209087
3,1444,micro_ap,-0.09830124753061087
3,1445,micro_ap,-0.06332316708003088
3,1446,micro_ap,-0.080542144917509
3,1447,micro_ap,-0.07149155842719224
3,1448,micro_ap,-0.07809937073047551
3,1449,micro_ap,-0.06105110216928383
3,1450,micro_ap,-0.12872280623511612
3,1451,micro_ap,-0.033280417368708515
3,1452,micro_ap,-0.08117850668215132
3,1453,micro_ap,-0.12690520797002325
3,1454,micro_ap,-0.12038123424230768
3,1455,micro_ap,-0.10775647723306192
3,1456,micro_ap,-0.06391759642674838
3,1457,micro_ap,-0.09892442624194825
3,1458,micro_ap,-0.08117676372426147
3,1459,micro_ap,-0.0411933252028992
3,1460,micro_ap,-0.1272257490916745
3,1461,micro_ap,-0.06846802640694938
3,1462,micro_ap,-0.08127032165441395
3,1463,micro_ap,-0.10456328494166961
3,1464,micro_ap,-0.11581694777692897
3,1465,micro_ap,-0.06891383525408551
3,1466,micro_ap,-0.054064360478387086
3,1467,micro_ap,-0.07425639265339595
3,1468,micro_ap,-0.0656200891111387
3,1469,micro_ap,-0.1103153756117346
3,1470,micro_ap,-0.07402763830390485
3,1471,micro_ap,-0.09324672768777353
3,1472,micro_ap,-0.10102270695611293
3,1473,micro_ap,-0.08248076168441343
3,1474,micro_ap,-0.10653473948380976
3,1475,micro_ap,-0.06997180605275494
3,1476,micro_ap,-0.07921896425122565
3,1477,micro_ap,-0.12847475786536316
3,1478,micro_ap,-0.09552907292191914
3,1479,micro_ap,-0.037716603621847256
3,1480,micro_ap,-0.05919706868333946
3,1481,micro_ap,-0.08112694548581861
3,1482,micro_ap,-0.06222335601797452
3,1483,micro_ap,-0.06285054991327693
3,1484,micro_ap,-0.06087467446372896
3,1485,micro_ap,-0.11047725165682376
3,1486,micro_ap,-0.06670716781041819
3,1487,micro_ap,-0.10064611396583234
3,1488,micro_ap,-0.06910980853857762
3,1489,micro_ap,-0.10565192180610689
3,1490,micro_ap,-0.10212938728240889
3,1491,micro_ap,-0.12095183359738915
3,1492,micro_ap,-0.10212230000559835
3,1493,micro_ap,-0.05419326005381464
3,1494,micro_ap,-0.06703491941814577
3,1495,micro_ap,-0.08159826688798527
3,1496,micro_ap,-0.09385948861028304
3,1497,micro_ap,-0.07008096396209595
3,1498,micro_ap,-0.09676867469842565
3,1499,micro_ap,-0.06224190074038982
3,1500,micro_ap,-0.0763264512195404
3,1501,micro_ap,-0.09480499272715318
3,1502,micro_ap,-0.06935417235677527
3,1503,micro_ap,-0.10732015108495752
3,1504,micro_ap,-0.08416712040299679
3,1505,micro_ap,-0.1250862836664089
3,1506,micro_ap,-0.09772659616744278
3,1507,micro_ap,-0.07699695820710145
3,1508,micro_ap,-0.0912998603665382
3,1509,micro_ap,-0.09765369639631052
3,1510,micro_ap,-0.09207552554742301
3,1511,micro_ap,-0.10669431789245387
3,1512,micro_ap,-0.04568362033775725
3,1513,micro_ap,-0.09664405384784575
3,1514,micro_ap,-0.08697650349070862
3,1515,micro_ap,-0.07827245478149836
3,1516,micro_ap,-0.09832004173213715
3,1517,micro_ap,-0.059961420361694384
3,1518,micro_ap,-0.07051100130476257
3,1519,micro_ap,-0.09389010224571442
3,1520,micro_ap,-0.11646841382103668
3,1521,micro_ap,-0.09585423598243856
3,1522,micro_ap,-0.08267633573345434
3,1523,micro_ap,-0.08292095513868686
3,1524,micro_ap,-0.08044615973575153
3,1525,micro_ap,-0.09109412256274985
3,1526,micro_ap,-0.08548309893867745
3,1527,micro_ap,-0.05937107004030617
3,1528,micro_ap,-0.08197649454534756
3,1529,micro_ap,-0.08610386601807102
3,1530,micro_ap,-0.11168299833154932
3,1531,micro_ap,-0.08425195635468469
3,1532,micro_ap,-0.09292714151825598
3,1533,micro_ap,-0.11412655639826558
3,1534,micro_ap,-0.09054558857993533
3,1535,micro_ap,-0.039835349157868294
3,1536,micro_ap,-0.07800865821952313
3,1537,micro_ap,-0.09601720548218876
3,1538,micro_ap,-0.07967485969238652
3,1539,micro_ap,-0.11415970159381
3,1540,micro_ap,-0.07754724949317099
3,1541,micro_ap,-0.07210697747550138
3,1542,micro_ap,-0.09251024274056913
3,1543,micro_ap,-0.09339940453665563
3,1544,micro_ap,-0.08355280594316844
3,1545,micro_ap,-0.0957421458656243
3,1546,micro_ap,-0.06772478232195267
3,1547,micro_ap,-0.1124395714901486
3,1548,micro_ap,-0.11900027876251873
3,1549,micro_ap,-0.07630257292448084
3,1550,micro_ap,-0.0593091785872244
3,1551,micro_ap,-0.1131709405589732
3,1552,micro_ap,-0.0764040310262522
3,1553,micro_ap,-0.08095494873528747
3,1554,micro_ap,-0.0869108166949889
3,1555,micro_ap,-0.10970782619323383
3,1556,micro_ap,-0.08038458314357133
3,1557,micro_ap,-0.05760228984907412
3,1558,micro_ap,-0.09854552202152145
3,1559,micro_ap,-0.1293167954582955
3,1560,micro_ap,-0.07908608924686006
3,1561,micro_ap,-0.12303501936247108
3,1562,micro_ap,-0.10339267138180369
3,1563,micro_ap,-0.05366659956883263
3,1564,micro_ap,-0.0835639314236829
3,1565,micro_ap,-0.08730808874707391
3,1566,micro_ap,-0.09406625829072462
3,1567,micro_ap,-0.10093334714676211
3,1568,micro_ap,-0.06621076599074621
3,1569,micro_ap,-0.08977033845265842
3,1570,micro_ap,-0.08487400561476927
3,1571,micro_ap,-0.11817697605709476
3,1572,micro_ap,-0.07527483563677223
3,1573,micro_ap,-0.091394582603255
3,1574,micro_ap,-0.07596997269388989
3,1575,micro_ap,-0.07788663611970054
3,1576,micro_ap,-0.1516936519077275
3,1577,micro_ap,-0.04748919079334568
3,1578,micro_ap,-0.09443570529373452
3,1579,micro_ap,-0.11023293625733144
3,1580,micro_ap,-0.05472754199730595
3,1581,micro_ap,-0.12937140495637067
3,1582,micro_ap,-0.047759094158969784
3,1583,micro_ap,-0.06653812954412791
3,1584,micro_ap,-0.08711065243647642
3,1585,micro_ap,-0.08621374388354713
3,1586,micro_ap,-0.06825933350879082
3,1587,micro_ap,-0.03071133438212137
3,1588,micro_ap,-0.10044369860754976
3,1589,micro_ap,-0.09880780911670478
3,1590,micro_ap,-0.06857629121937187
3,1591,micro_ap,-0.06683439926607276
3,1592,micro_ap,-0.10283449087715352
3,1593,micro_ap,-0.06892103176264547
3,1594,micro_ap,-0.10451410030120495
3,1595,micro_ap,-0.11035251090326548
3,1596,micro_ap,-0.09582455650161359
3,1597,micro_ap,-0.06181742901493498
3,1598,micro_ap,-0.04303832018173198
3,1599,micro_ap,-0.12742351241025696
3,1600,micro_ap,-0.03689780768830647
3,1601,micro_ap,-0.11974501223738954
3,1602,micro_ap,-0.10858630781732148
3,1603,micro_ap,-0.09744688546678842
3,1604,micro_ap,-0.04439011026131201
3,1605,micro_ap,-0.06334702907969958
3,1606,micro_ap,-0.026329041114243723
3,1607,micro_ap,-0.08419827350635384
3,1608,micro_ap,-0.0828979043267356
3,1609,micro_ap,-0.11202206547717605
3,1610,micro_ap,-0.08957707137649118
3,1611,micro_ap,-0.07681547370745478
3,1612,micro_ap,-0.09351681915320853
3,1613,micro_ap,-0.09275590976410375
3,1614,micro_ap,-0.08405176444274576
3,1615,micro_ap,-0.07338924448013112
3,1616,micro_ap,-0.1108463979675458
3,1617,micro_ap,-0.11060374606254092
3,1618,micro_ap,-0.08474742067226015
3,1619,micro_ap,-0.061078400909216235
3,1620,micro_ap,-0.08916310890863383
3,1621,micro_ap,-0.08641951680077442
3,1622,micro_ap,-0.08478020306741696
3,1623,micro_ap,-0.08714860794193247
3,1624,micro_ap,-0.10705616670510865
3,1625,micro_ap,-0.08306591357418674
3,1626,micro_ap,-0.046474993168244993
3,1627,micro_ap,-0.09021372969248576
3,1628,micro_ap,-0.04530132399814102
3,1629,micro_ap,-0.10128049545355555
3,1630,micro_ap,-0.11132779179389429
3,1631,micro_ap,-0.05967103487289788
3,1632,micro_ap,-0.09336762889969696
3,1633,micro_ap,-0.05859755592380583
3,1634,micro_ap,-0.09823008229006941
3,1635,micro_ap,-0.054638172506826455
3,1636,micro_ap,-0.09332984430664348
3,1637,micro_ap,-0.08542997115699047
3,1638,micro_ap,-0.10553904565669275
3,1639,micro_ap,-0.07497883777906561
3,1640,micro_ap,-0.08315580327674502
3,1641,micro_ap,-0.0694500898153092
3,1642,micro_ap,-0.07363893334301813
3,1643,micro_ap,-0.06868079834889124
3,1644,micro_ap,-0.12137765531313577
3,1645,micro_ap,-0.09137994192148208
3,1646,micro_ap,-0.0908812535063852
3,1647,micro_ap,-0.06706500894415524
3,1648,micro_ap,-0.05171400347562993
3,1649,micro_ap,-0.10190017303246318
3,1650,micro_ap,-0.11311043583759894
3,1651,micro_ap,-0.09587005973103807
3,1652,micro_ap,-0.08498891952087179
3,1653,micro_ap,-0.11312993477763339
3,1654,micro_ap,-0.13346003409881793
3,1655,micro_ap,-0.08011512974635543
3,1656,micro_ap,-0.10032655593020606
3,1657,micro_ap,-0.09562905369815511
3,1658,micro_ap,-0.09082595217887629
3,1659,micro_ap,-0.06496995689686275
3,1660,micro_ap,-0.07353967752176543
3,1661,micro_ap,-0.07319562902063981
3,1662,micro_ap,-0.05043789310393737
3,1663,micro_ap,-0.0902283168260351
3,1664,micro_ap,-0.0634067497988407
3,1665,micro_ap,-0.08914938727663912
3,1666,micro_ap,-0.08607362083422637
3,1667,micro_ap,-0.05771938529692505
3,1668,micro_ap,-0.10020714608480613
3,1669,micro_ap,-0.1040779661334888
3,1670,micro_ap,-0.0720271391731514
3,1671,micro_ap,-0.08296057880475355
3,1672,micro_ap,-0.07251673031793265
3,1673,micro_ap,-0.06199315373788289
3,1674,micro_ap,-0.05873957971449345
3,1675,micro_ap,-0.03486303496432208
3,1676,micro_ap,-0.1067471635738757
3,1677,micro_ap,-0.1232063127855636
3,1678,micro_ap,-0.11291538938402562
3,1679,micro_ap,-0.09947688705824637
3,1680,micro_ap,-0.03841852874307283
3,1681,micro_ap,-0.12573074868686285
3,1682,micro_ap,-0.0347867270513853
3,1683,micro_ap,-0.10792007807892273
3,1684,micro_ap,-0.09319126113963877
3,1685,micro_ap,-0.09479048132917811
3,1686,micro_ap,-0.03957901025109306
3,1687,micro_ap,-0.04301820712476068
3,1688,micro_ap,-0.12592152690347036
3,1689,micro_ap,-0.0668122122425967
3,1690,micro_ap,-0.08867606556099805
3,1691,micro_ap,-0.059503593118900966
3,1692,micro_ap,-0.08802926838078662
3,1693,micro_ap,-0.1103857031579844
3,1694,micro_ap,-0.05591903736921816
3,1695,micro_ap,-0.07614585494996728
3,1696,micro_ap,-0.05793926596142146
3,1697,micro_ap,-0.09808013378657288
3,1698,micro_ap,-0.09429071217485324
3,1699,micro_ap,-0.08699830268575198
3,1700,micro_ap,-0.0940203787142937
3,1701,micro_ap,-0.11006434820726019
3,1702,micro_ap,-0.03580248702314276
3,1703,micro_ap,-0.06094765740721403
3,1704,micro_ap,-0.06186454796989527
3,1705,micro_ap,-0.07895257120919313
3,1706,micro_ap,-0.1102372200856368
3,1707,micro_ap,-0.14053593349263477
3,1708,micro_ap,-0.0770019301665264
3,1709,micro_ap,-0.05436930626534281
3,1710,micro_ap,-0.0830099344906518
3,1711,micro_ap,-0.08107328522310348
3,1712,micro_ap,-0.16624113888778813
3,1713,micro_ap,-0.10806044379024321
3,1714,micro_ap,-0.058795181312172706
3,1715,micro_ap,-0.07831420240420134
3,1716,micro_ap,-0.09392006293542687
3,1717,micro_ap,-0.1381697558766502
3,1718,micro_ap,-0.09594198690462102
3,1719,micro_ap,-0.07248792108319929
3,1720,micro_ap,-0.10067260690861729
3,1721,micro_ap,-0.11159779023343008
3,1722,micro_ap,-0.07462525958628757
3,1723,micro_ap,-0.04684418615449654
3,1724,micro_ap,-0.06668084460627172
3,1725,micro_ap,-0.08353270344223324
3,1726,micro_ap,-0.11147952387779897
3,1727,micro_ap,-0.10382171421573266
3,1728,micro_ap,-0.09468208752598362
3,1729,micro_ap,-0.023233705025053064
3,1730,micro_ap,-0.07357520583159816
3,1731,micro_ap,-0.12276565149555807
3,1732,micro_ap,-0.0617191646478672
3,1733,micro_ap,-0.08391443919110103
3,1734,micro_ap,-0.06027231330347321
3,1735,micro_ap,-0.08947669395072089
3,1736,micro_ap,-0.12164222317741258
3,1737,micro_ap,-0.06795893213388149
3,1738,micro_ap,-0.0736275639693223
3,1739,micro_ap,-0.07411316482186647
3,1740,micro_ap,-0.10506755773960968
3,1741,micro_ap,-0.10152606447898105
3,1742,micro_ap,-0.11571836853163675
3,1743,micro_ap,-0.11763970837777449
3,1744,micro_ap,-0.09458062536024864
3,1745,micro_ap,-0.07172425910455871
3,1746,micro_ap,-0.07618532139291906
3,1747,micro_ap,-0.08283086743070828
3,1748,micro_ap,-0.13594125908705024
3,1749,micro_ap,-0.09897736085649789
3,1750,micro_ap,-0.09628096938059316
3,1751,micro_ap,-0.1007826668678164
3,1752,micro_ap,-0.04537130488210339
3,1753,micro_ap,-0.08066996008572686
3,1754,micro_ap,-0.06939310180876473
3,1755,micro_ap,-0.08147969327741017
3,1756,micro_ap,-0.06691090707281278
3,1757,micro_ap,-0.021541060943204182
3,1758,micro_ap,-0.06379282594309527
3,1759,micro_ap,-0.06905755574523398
3,1760,micro_ap,-0.10038074871122782
3,1761,micro_ap,-0.11663062215066569
3,1762,micro_ap,-0.10521345551608058
3,1763,micro_ap,-0.07692457255231233
3,1764,micro_ap,-0.10288106419049692
3,1765,micro_ap,-0.06183296915826303
3,1766,micro_ap,-0.07059442659973042
3,1767,micro_ap,-0.10508879454319431
3,1768,micro_ap,-0.03748804456067484
3,1769,micro_ap,-0.0926818668070215
3,1770,micro_ap,-0.09334024283226972
3,1771,micro_ap,-0.09163501868028145
3,1772,micro_ap,-0.09104776062452069
3,1773,micro_ap,-0.07933522025092926
3,1774,micro_ap,-0.04346901443828993
3,1775,micro_ap,-0.10533970214700628
3,1776,micro_ap,-0.0759983399778889
3,1777,micro_ap,-0.08305518970024561
3,1778,micro_ap,-0.1096522310716091
3,1779,micro_ap,-0.05650808886124192
3,1780,micro_ap,-0.10033445027983817
3,1781,micro_ap,-0.0974955804361946
3,1782,micro_ap,-0.07499703792737239
3,1783,micro_ap,-0.11517065991662659
3,1784,micro_ap,-0.07187485540969907
3,1785,micro_ap,-0.1390450894102812
3,1786,micro_ap,-0.10720591214385569
3,1787,micro_ap,-0.09625853334959261
3,1788,micro_ap,-0.047357404134001135
3,1789,micro_ap,-0.0999034586406159
3,1790,micro_ap,-0.09940327447991731
3,1791,micro_ap,-0.07650816499687219
3,1792,micro_ap,-0.11867348248841136
3,1793,micro_ap,-0.07668255040783772
3,1794,micro_ap,-0.08309026652623508
3,1795,micro_ap,-0.09312759267672077
3,1796,micro_ap,-0.08736590426151852
3,1797,micro_ap,-0.12504447212812753
3,1798,micro_ap,-0.10028771925683694
3,1799,micro_ap,-0.03905756496685242
3,1800,micro_ap,-0.1012276441431158
3,1801,micro_ap,-0.07360917764711056
3,1802,micro_ap,-0.06526205475596863
3,1803,micro_ap,-0.0721477359995995
3,1804,micro_ap,-0.1178015828427606
3,1805,micro_ap,-0.14183982259551264
3,1806,micro_ap,-0.09503131302004664
3,1807,micro_ap,-0.04467325090185714
3,1808,micro_ap,-0.0872092158477708
3,1809,micro_ap,-0.041121103782086554
3,1810,micro_ap,-0.07294038509439593
3,1811,micro_ap,-0.09665384954580936
3,1812,micro_ap,-0.038684072770175604
3,1813,micro_ap,-0.08825741726559644
3,1814,micro_ap,-0.10674130354300232
3,1815,micro_ap,-0.06991705909283813
3,1816,micro_ap,-0.08980699359514549
3,1817,micro_ap,-0.06474222376022803
3,1818,micro_ap,-0.13519888601510918
3,1819,micro_ap,-0.10971925968810703
3,1820,micro_ap,-0.0861403408194844
3,1821,micro_ap,-0.06448387084630336
3,1822,micro_ap,-0.08191031062693965
3,1823,micro_ap,-0.08601616958021668
3,1824,micro_ap,-0.0736642751096322
3,1825,micro_ap,-0.09455663163140543
3,1826,micro_ap,-0.11852456820649182
3,1827,micro_ap,-0.0878441465752324
3,1828,micro_ap,-0.06621118668902609
3,1829,micro_ap,-0.13184608345552112
3,1830,micro_ap,-0.0893653024878846
3,1831,micro_ap,-0.11695967075608737
3,1832,micro_ap,-0.08024385704662207
3,1833,micro_ap,-0.07127318547490674
3,1834,micro_ap,-0.056853180575708095
3,1835,micro_ap,-0.0993885357162172
3,1836,micro_ap,-0.08350666162073767
3,1837,micro_ap,-0.0927860489648692
3,1838,micro_ap,-0.0924064875874871
3,1839,micro_ap,-0.07489488210355821
3,1840,micro_ap,-0.08585119745011077
3,1841,micro_ap,-0.10470345234761916
3,1842,micro_ap,-0.1345679001898814
3,1843,micro_ap,-0.05982989683019746
3,1844,micro_ap,-0.03034611347492333
3,1845,micro_ap,-0.09816030845042334
3,1846,micro_ap,-0.11078375071390867
3,1847,micro_ap,-0.1242944031160017
3,1848,micro_ap,-0.06916302723662593
3,1849,micro_ap,-0.11041329092917895
3,1850,micro_ap,-0.10689977114329413
3,1851,micro_ap,-0.08843004706803714
3,1852,micro_ap,-0.07044452720183708
3,1853,micro_ap,-0.09119276590416059
3,1854,micro_ap,-0.1052028043664856
3,1855,micro_ap,-0.09809547941092922
3,1856,micro_ap,-0.08720349602255772
3,1857,micro_ap,-0.11349089107976704
3,1858,micro_ap,-0.07750713358479844
3,1859,micro_ap,-0.07363985295612857
3,1860,micro_ap,-0.08425208933577288
3,1861,micro_ap,-0.0768861781815055
3,1862,micro_ap,-0.1100932932698751
3,1863,micro_ap,-0.06619164220087337
3,1864,micro_ap,-0.0945705923278451
3,1865,micro_ap,-0.05625485353584447
3,1866,micro_ap,-0.09531635965501051
3,1867,micro_ap,-0.11975098462190942
3,1868,micro_ap,-0.08509520287212397
3,1869,micro_ap,-0.06607370659744205
3,1870,micro_ap,-0.06629792098454346
3,1871,micro_ap,-0.07241343115325305
3,1872,micro_ap,-0.057193483804126644
3,1873,micro_ap,-0.08417522855884402
3,1874,micro_ap,-0.06801583589169391
3,1875,micro_ap,-0.05930455186424427
3,1876,micro_ap,-0.09031683651400657
3,1877,micro_ap,-0.101475758250334
3,1878,micro_ap,-0.05437287611596575
3,1879,micro_ap,-0.1310743550370715
3,1880,micro_ap,-0.0712727186194751
3,1881,micro_ap,-0.04244050815526973
3,1882,micro_ap,-0.06623018983310675
3,1883,micro_ap,-0.069282552687709
3,1884,micro_ap,-0.0414133610399951
3,1885,micro_ap,-0.06882519223938038
3,1886,micro_ap,-0.11135739778846454
3,1887,micro_ap,-0.10252883982660205
3,1888,micro_ap,-0.07204876838462282
3,1889,micro_ap,-0.10653296569003512
3,1890,micro_ap,-0.07664973051573143
3,1891,micro_ap,-0.11801718891794613
3,1892,micro_ap,-0.11240846248315814
3,1893,micro_ap,-0.06338087261075126
3,1894,micro_ap,-0.11447550522288918
3,1895,micro_ap,-0.07648784653815555
3,1896,micro_ap,-0.054370932510848013
3,1897,micro_ap,-0.05362424458247056
3,1898,micro_ap,-0.05715870186208888
3,1899,micro_ap,-0.06269282518840463
3,1900,micro_ap,-0.1106941563513888
3,1901,micro_ap,-0.09115025487871076
3,1902,micro_ap,-0.06231905098763518
3,1903,micro_ap,-0.09752620770214757
3,1904,micro_ap,-0.11965206846923787
3,1905,micro_ap,-0.08791229402986578
3,1906,micro_ap,-0.09589086337622699
3,1907,micro_ap,-0.07688661274180059
3,1908,micro_ap,-0.09910098582630361
3,1909,micro_ap,-0.09694661444798125
3,1910,micro_ap,-0.051884690671632816
3,1911,micro_ap,-0.09041529463892195
3,1912,micro_ap,-0.01745232912917577
3,1913,micro_ap,-0.09709499651765713
3,1914,micro_ap,-0.07355114163229054
3,1915,micro_ap,-0.10140074679176347
3,1916,micro_ap,-0.11929406796641387
3,1917,micro_ap,-0.12693255299567824
3,1918,micro_ap,-0.097535373825546
3,1919,micro_ap,-0.0914869149338885
3,1920,micro_ap,-0.05799017733826456
3,1921,micro_ap,-0.05574135827931981
3,1922,micro_ap,-0.07856981246441841
3,1923,micro_ap,-0.09260350533949702
3,1924,micro_ap,-0.11897646412156876
3,1925,micro_ap,-0.04407539164336155
3,1926,micro_ap,-0.08361980683853143
3,1927,micro_ap,-0.128175946883954
3,1928,micro_ap,-0.13587269906777058
3,1929,micro_ap,-0.0621602932345956
3,1930,micro_ap,-0.06790626906393216
3,1931,micro_ap,-0.06820987422552838
3,1932,micro_ap,-0.1028855649023857
3,1933,micro_ap,-0.06029596918974667
3,1934,micro_ap,-0.07243951118358738
3,1935,micro_ap,-0.05878083263308448
3,1936,micro_ap,-0.10342616894820211
3,1937,micro_ap,-0.03779871370138066
3,1938,micro_ap,-0.04916412595967157
3,1939,micro_ap,-0.05990941998325794
3,1940,micro_ap,-0.07856605987716714
3,1941,micro_ap,-0.11888363707890498
3,1942,micro_ap,-0.07801006503961921
3,1943,micro_ap,-0.10296845975356123
3,1944,micro_ap,-0.09149020261513124
3,1945,micro_ap,-0.10552027655951696
3,1946,micro_ap,-0.07810827189241559
3,1947,micro_ap,-0.11294886081120348
3,1948,micro_ap,-0.06930007497512025
3,1949,micro_ap,-0.09372016774425374
3,1950,micro_ap,-0.07911018053016516
3,1951,micro_ap,-0.05439872304270171
3,1952,micro_ap,-0.07345337490307596
3,1953,micro_ap,-0.0718947826823157
3,1954,micro_ap,-0.0802945911180668
3,1955,micro_ap,-0.05626554771090758
3,1956,micro_ap,-0.1097510672964605
3,1957,micro_ap,-0.09100543198017574
3,1958,micro_ap,-0.05885802041407573
3,1959,micro_ap,-0.0543096207058939
3,1960,micro_ap,-0.05724524257634134
3,1961,micro_ap,-0.06334878646059433
3,1962,micro_ap,-0.03691742736209708
3,1963,micro_ap,-0.02333163179150194
3,1964,micro_ap,-0.07854195760167254
3,1965,micro_ap,-0.10222956863394389
3,1966,micro_ap,-0.08494686872552093
3,1967,micro_ap,-0.14610686250032962
3,1968,micro_ap,-0.08269869944767161
3,1969,micro_ap,-0.14210950108736056
3,1970,micro_ap,-0.11025733477435212
3,1971,micro_ap,-0.07329521304210274
3,1972,micro_ap,-0.062464879372685245
3,1973,micro_ap,-0.07122595961931569
3,1974,micro_ap,-0.1012913508663591
3,1975,micro_ap,-0.09706735173392866
3,1976,micro_ap,-0.07905253011632613
3,1977,micro_ap,-0.061059732536551614
3,1978,micro_ap,-0.07996102118341436
3,1979,micro_ap,-0.08117065232158588
3,1980,micro_ap,-0.09442592602882582
3,1981,micro_ap,-0.09605221632861305
3,1982,micro_ap,-0.09451108543827236
3,1983,micro_ap,-0.07828894414261861
3,1984,micro_ap,-0.08289812928808626
3,1985,micro_ap,-0.09397332436894168
3,1986,micro_ap,-0.05787438347869517
3,1987,micro_ap,-0.08733094526569557
3,1988,micro_ap,-0.1181633247185637
3,1989,micro_ap,-0.11050647398903235
3,1990,micro_ap,-0.06383115134865114
3,1991,micro_ap,-0.06552185047747622
3,1992,micro_ap,-0.0792094514622535
3,1993,micro_ap,-0.11127703345591344
3,1994,micro_ap,-0.1034539759962198
3,1995,micro_ap,-0.0679444438820605
3,1996,micro_ap,-0.1061061911039401
3,1997,micro_ap,-0.08865752962301149
3,1998,micro_ap,-0.06842361320384283
3,1999,micro_ap,-0.06938855334822835
